                                ;*** AILZ80ASM *** Z-80 Assembler, version 1.0.31.0, LST:Full:4
                                ;   Tablacus DISK ROM Lite for MSX
                                ;   Programmed by
                                ;   Gaku (Lovers/Tablacus)
                                
                                    INCLUDE "DEF.ASM"
                                
                                ;   LSX-Dodgers DEF
                                ;   MSX
                                
       4000                     RUN EQU 04000H
                                
       0006                     RDVDP   EQU 0006H
       0007                     WRVDP   EQU 0007H
                                
       000C                     _RDSLT  EQU 0000CH
       0014                     _WRSLT  EQU 00014H
       001C                     _CALSLT EQU 0001CH
       0024                     _ENASLT EQU 00024H
       0030                     _CALLF  EQU 00030H
       004A                     RDVRM   EQU 0004AH
       004D                     WRTVRM  EQU 0004DH
       005C                     LDIRVM  EQU 0005CH
       006C                     INITXT  EQU 0006CH
       0078                     SETTXT  EQU 00078H
       009C                     CHSNS   EQU 0009CH
       009F                     CHGET   EQU 0009FH
       00A2                     CHPUT   EQU 000A2H
       00AE                     PLININ  EQU 000AEH
       00B7                     BREAKX  EQU 000B7H
       00C6                     POSIT   EQU 000C6H
       0138                     RSLREG  EQU 00138H
       0156                     KILBUF  EQU 00156H
       0159                     CALBAS  EQU 00159H
       01F5                     REDCLK  EQU 001F5H  ;SUB
       01F9                     WRTCLK  EQU 001F9H  ;SUB
                                
       269A                     DECADD  EQU 0269AH
       27E6                     DECMUL  EQU 027E6H
       2F8A                     FRCINT  EQU 02F8AH
                                
       303A                     FRCDBL  EQU 0303AH
                                
       406F                     ERRHAND EQU 0406FH
       409B                     READYR  EQU 0409BH
       42B2                     CRUNCH  EQU 042B2H
       4601                     NEWSTT  EQU 04601H
       4C64                     FRMEVL  EQU 04C64H
       542F                     FRMQNT  EQU 0542FH
       67D0                     FRESTR  EQU 067D0H
       7D17                     ST_BAS  EQU 07D17H
                                
       F323                     DISKVE  EQU 0F323H
       F331                     H_BDOS  EQU 0F331H
       F340                     REBOOT  EQU 0F340H
       F341                     RAMAD0  EQU 0F341H
       F342                     RAMAD1  EQU 0F342H
       F343                     RAMAD2  EQU 0F343H
       F344                     RAMAD3  EQU 0F344H
       F348                     MASTERS EQU 0F348H
       F368                     ROMUSE  EQU 0F368H
       F36B                     RAMUSE  EQU 0F36BH
       F37D                     BDOS    EQU 0F37DH
       F398                     JP_IX   EQU 0F398H
       F38C                     CLPRIM  EQU 0F38CH
       F3B0                     LINLEN  EQU 0F3B0H
       F3B9                     TXTATR  EQU 0F3B9H
       F3BB                     TXTPAT  EQU 0F3BBH
       F3D3                     MLTCOL  EQU 0F3D3H
       F3DC                     CSRY    EQU 0F3DCH
       F3DD                     CSRX    EQU 0F3DDH
       F3F8                     PUTPNT  EQU 0F3F8H
       F3FA                     GETPNT  EQU 0F3FAH
       F3FC                     CS120   EQU 0F3FCH
                                
       F41F                     KBUF    EQU 0F41FH
                                
       F55E                     BUF EQU 0F55EH
                                
       F663                     VALTYP  EQU 0F663H
       F672                     MEMSIZ  EQU 0F672H
       F674                     STKTOP  EQU 0F674H
       F676                     TXTTAB  EQU 0F676H
       F69B                     FRETOP  EQU 0F69BH
       F6B1                     SAVSTK  EQU 0F6B1H
       F6C2                     VARTAB  EQU 0F6C2H
       F6C4                     ARYTAB  EQU 0F6C4H
       F6C6                     STREND  EQU 0F6C6H
                                
       F7F6                     DAC EQU 0F7F6H
                                
                                ;FBUFFR EQU 0F7C5H
                                
       F847                     ARG EQU 0F847H
       F860                     FILTAB  EQU 0F860H
       F862                     NULBUF  EQU 0F862H
       F864                     PTRFIL  EQU 0F864H
       F866                     RUNFLG  EQU 0F866H
       F866                     FILNAM  EQU 0F866H
                                ;FILNM2 EQU 0F871H
                                
       FAF6                     ACPAGE  EQU 0FAF6H
       FAF8                     EXBRSA  EQU 0FAF8H
                                
       FB03                     RSTMP   EQU 0FB03H
       FB20                     HOKVLD  EQU 0FB20H
       FB21                     DRVTBL  EQU 0FB21H
       FBB1                     BASROM  EQU 0FBB1H
       FBCA                     FSTPOS  EQU 0FBCAH
       FBF0                     KEYBUF  EQU 0FBF0H
                                
       FC48                     BOTTOM  EQU 0FC48H
       FC4A                     HIMEM   EQU 0FC4AH
       FCC1                     EXPTBL  EQU 0FCC1H
       FCC5                     SLTTBL  EQU 0FCC5H
       FCC9                     SLTATR  EQU 0FCC9H
       FCAF                     SCRMOD  EQU 0FCAFH
       FCBE                     RUNBNF  EQU 0FCBEH
       FCBF                     SAVENT  EQU 0FCBFH
                                
       FD89                     PROCNM  EQU 0FD89H
       FD99                     DEVICE  EQU 0FD99H
                                
       FDDB                     H_PINL  EQU 0FDDBH
       FE12                     H_DSKF  EQU 0FE12H
       FE30                     H_MKI   EQU 0FE30H
       FE3F                     H_CVI   EQU 0FE3FH
       FE71                     H_BINS  EQU 0FE71H
       FE76                     H_BINL  EQU 0FE76H
       FE7B                     H_FILE  EQU 0FE7BH
       FFA7                     H_PHYD  EQU 0FFA7H
       FF43                     H_GONE  EQU 0FF43H
       FFCA                     EXTBIO  EQU 0FFCAH
                                
       C000                     FD_BOOT_START   EQU 0C000H
       C01E                     FD_BOOT_EXEC    EQU 0C01EH
                                
                                #if exists USE_NORMAL32K_OR_ASCII16
                                            ;ASCII-16K
                                ASCII16_BANK0_SEL EQU 06000H    ;6000-67FF
                                ASCII16_BANK1_SEL EQU 07000H    ;7000-77FF
                                #else
                                            ;ASCII-8K
       6000                     BANK0_SEL EQU   06000H  ;6000-67FF
       6800                     BANK1_SEL EQU   06800H  ;6800-6FFF
       7000                     BANK2_SEL EQU   07000H  ;7000-77FF
       7800                     BANK3_SEL EQU   07800H  ;7800-7FFF
                                            ;Konami-8K
       6000                     KONAMI_BANK1_SEL EQU    06000H  ;6000-7FFF
       8000                     KONAMI_BANK2_SEL EQU    08000H  ;8000-9FFF
       A000                     KONAMI_BANK3_SEL EQU    0A000H  ;A000-BFFF
                                                ;Konami-SCC
       5000                     KONAMI_SCC_BANK0_SEL EQU    05000H  ;5000-57FF
       7000                     KONAMI_SCC_BANK1_SEL EQU    07000H  ;7000-77FF
       9000                     KONAMI_SCC_BANK2_SEL EQU    09000H  ;9000-97FF
       B000                     KONAMI_SCC_BANK3_SEL EQU    0B000H  ;B000-B7FF
                                #endif
                                
       EF40                     ISC EQU 0EF40H
       F280                     ISCB    EQU 0F280H
                                
                                #if exists _RAM64K
                                NEW_HIMEM   EQU ISC
                                #else
       F280                     NEW_HIMEM   EQU ISCB
                                #endif
                                
       0001                     DISK_BANK   EQU 1       ;ドライブAが始まるバンク#
       6000                     BANK1_ADR   EQU 06000H      ;バンク1の開始アドレス
                                
       F7F8                     DACDAT  EQU DAC+2
       F55D                     SPBUF   EQU KBUF+318    ;ページ3にスタックがない場合はKBUFを一時的に使う
                                
       003B                     ENASUB  EQU 0003BH
       F55E                     SYS1B_DPB   EQU BUF
       F571                     SYS1B_FAT   EQU SYS1B_DPB+19
                                
       FB03                     TMP_DIRENT  EQU RSTMP
[EOF:DEF.ASM:UTF_8]
000000 4000                         ORG RUN
                                
                                ; MSX ROM header
000000 4000 4142                    DB  "AB"        ; ID for auto-executable ROM
000002 4002 0041                    DW  INIT_ROM    ; Main program execution address.
000004 4004 2550                    DW  STATEMENT   ; STATEMENT
000006 4006 5551                    DW  DEVICE_ENTRY    ; DEVICE
000008 4008 0000                    DW  0       ; TEXT
00000A 400A 000000000000            DW  0,0,0       ; Reserved
                                
000010 4010 C3EA52          10      JP  DISKIO
000013 4013 C32C53          10      JP  DSKCHG
000016 4016 C38253          10      JP  GETDPB
000019 4019 C37554          10      JP  CHOICE
00001C 401C C37954          10      JP  DSKFMT
00001F 401F C37B54          10      JP  DSKSTP
000022 4022 C37C54          10      JP  BASENT
000025 4025 37               4      SCF
000026 4026 C37954          10      JP  DSKFMT
000029 4029 C37B54          10      JP  DSKSTP
00002C 402C 00               4      NOP
00002D 402D C3DD54          10      JP  GETSLT
000030 4030 2A4BF3          16      LD  HL,(0F34BH)
000033 4033 C9              10      RET
                                
00007F 407F                         ORG 0407FH
00007F 407F C9              10      RET
                                ; Version
000080 4080 5461626C61637573        DB  "Tablacus DISK ROM Lite"
            204449534B20524F    
            4D204C697465        
000096 4096                         ALIGN   32
0000A0 40A0 76302E372E342E33        DB  "v0.7.4.3"
0000A8 40A8                         ALIGN   32
       40C0                     MSG_ERROR_ROM_MODE:
                                #if exists USE_NORMAL32K_OR_ASCII16
                                    DB  "Normal ROM/ASCII-16K only!",13,10
                                #else
0000C0 40C0 41534349492D384B        DB  "ASCII-8K/Konami-8K/Konami-SCC only!",13,10
            2F4B6F6E616D692D    
            384B2F4B6F6E616D    
            692D534343206F6E    
            6C79210D0A          
                                #endif
000100 4100                         ORG 04100H
       4100                     INIT_ROM:
000100 4100 AF               4      XOR A
000101 4101 2100F3          10      LD  HL,0F300H
000104 4104 0668             7      LD  B,068H
000106 4106 CD6B4C          17      CALL    FILL_MEMORY
                                
000109 4109 3E01             7      LD  A,1
00010B 410B 3221FB          13      LD  (DRVTBL),A
                                
00010E 410E 2A4AFC          16      LD  HL,(HIMEM)
000111 4111 1180F2          10      LD  DE,NEW_HIMEM
000114 4114 A7               4      AND A
000115 4115 ED52            15      SBC HL,DE
000117 4117 382D            12      JR  C,INIT1
000119 4119 EB               4      EX  DE,HL
00011A 411A 2A74F6          16      LD  HL,(STKTOP)
00011D 411D ED52            15      SBC HL,DE
00011F 411F 2274F6          16      LD  (STKTOP),HL ;起動時の空き容量表示の為
000122 4122 F9               6      LD  SP,HL
000123 4123 2A72F6          16      LD  HL,(MEMSIZ)
000126 4126 7C               4      LD  A,H
000127 4127 B5               4      OR  L
000128 4128 320CF3          13      LD  (IS_BIOS),A
00012B 412B 2006            12      JR  NZ,GENUINE
00012D 412D 2180F1          10      LD  HL,0F180H   ;C-BIOSの場合に補正する
000130 4130 229BF6          16      LD  (FRETOP),HL
       4133                     GENUINE:
000133 4133 ED52            15      SBC HL,DE
000135 4135 2272F6          16      LD  (MEMSIZ),HL
000138 4138 2A9BF6          16      LD  HL,(FRETOP)
00013B 413B ED52            15      SBC HL,DE
00013D 413D 229BF6          16      LD  (FRETOP),HL
000140 4140 2180F2          10      LD  HL,NEW_HIMEM
000143 4143 224AFC          16      LD  (HIMEM),HL
       4146                     INIT1:
000146 4146 AF               4      XOR A
000147 4147 32EAF2          13      LD  (_DVSW),A
00014A 414A 3D               4      DEC A       ;0FFH
00014B 414B 3299FD          13      LD  (DEVICE),A
                                #if exists _RAM64K
                                    LD  HL,AT_ISC
                                    LD  DE,ISC
                                    LD  BC,ISC_E-ISC
                                    LDIR
                                #endif
00014E 414E C30043          10      JP  INIT_300
                                
0001BD 41BD                         ORG 041BDH
0001BD 41BD C9              10      RET
                                
                                    ;MBR_Partition1 (2DDのデータ)
0001BE 41BE 00                      DB  0       ;ブートフラグ
0001BF 41BF 000000                  DB  0,0,0       ;パーティションの最初のセクタ番号(CHS方式)
0001C2 41C2 01                      DB  1       ;識別子(FAT12)
0001C3 41C3 000000                  DB  0,0,0       ;パーティションの最後のセクタ番号(CHS方式)
0001C6 41C6 10000000                DW  16,0        ;パーティションの最初のセクタ番号(LBA方式)
0001CA 41CA A0050000                DW  1440,0      ;パーティション内のセクタ数(LBA方式)
                                
                                #if exists USE_NORMAL32K_OR_ASCII16
                                #else
                                    ;MBR_Partition2 (2DDのデータ)
0001CE 41CE 00                      DB  0       ;ブートフラグ
0001CF 41CF 000000                  DB  0,0,0       ;パーティションの最初のセクタ番号(CHS方式)
0001D2 41D2 01                      DB  1       ;識別子(FAT12)
0001D3 41D3 000000                  DB  0,0,0       ;パーティションの最後のセクタ番号(CHS方式)
0001D6 41D6 B0050000                DW  16+1440,0   ;パーティションの最初のセクタ番号(LBA方式)
0001DA 41DA A0050000                DW  1440,0      ;パーティション内のセクタ数(LBA方式)
                                #endif
                                
0001FE 41FE                         ORG 041FEH
0001FE 41FE 55AA                    DB  055H,0AAH   ;MBR_Sig
                                
                                    INCLUDE "TABLE.ASM"
       4200                     STABLE:
                                ;0
000200 4200 70558555B655CC58        DW  _ERROR,_SYS01,_SYS02,_SYS03
000208 4208 70557055BB550A56        DW  _ERROR,_ERROR,_SYS06,_SYS07
000210 4210 C355FC5556562D57        DW  _SYS08,_SYS09,_SYS0A,_SYS0B
000218 4218 4C58525859586258        DW  _SYS0C,_SYS0D,_SYS0E,_SYS0F
                                ;1
000220 4220 C758CF581459CC58        DW  _SYS10,_SYS11,_SYS12,_SYS13
000228 4228 3759CC58CC58CC58        DW  _SYS14,_SYS15,_SYS16,_SYS17
000230 4230 505956595B596159        DW  _SYS18,_SYS19,_SYS1A,_SYS1B
000238 4238 7055505970557055        DW  _ERROR,_SYS1D,_ERROR,_ERROR
                                ;2
000240 4240 70559659CC58A459        DW  _ERROR,_SYS21,_SYS22,_SYS23
000248 4248 BD597055CC58C659        DW  _SYS24,_ERROR,_SYS26,_SYS27
000250 4250 CC580C5A3F57CC58        DW  _SYS28,_SYS29,_SYS2A,_SYS2B
000258 4258 8F57CC587055275A        DW  _SYS2C,_SYS2D,_ERROR,_SYS2F
                                ;3
000260 4260 7055705570557055        DW  _ERROR,_ERROR,_ERROR,_ERROR
000268 4268 7055705570557055        DW  _ERROR,_ERROR,_ERROR,_ERROR
000270 4270 7055CC58CC587055        DW  _ERROR,_SYS39,_SYS3A,_ERROR
000278 4278 7055705570557055        DW  _ERROR,_ERROR,_ERROR,_ERROR
                                ;4
000280 4280 7055705570557055        DW  _ERROR,_ERROR,_ERROR,_ERROR
000288 4288 7055705570557055        DW  _ERROR,_ERROR,_ERROR,_ERROR
000290 4290 7055705570557055        DW  _ERROR,_ERROR,_ERROR,_ERROR
000298 4298 7055705570557055        DW  _ERROR,_ERROR,_ERROR,_ERROR
                                ;5
0002A0 42A0 7055705570557055        DW  _ERROR,_ERROR,_ERROR,_ERROR
0002A8 42A8 7055705570557055        DW  _ERROR,_ERROR,_ERROR,_ERROR
0002B0 42B0 70552F5A415A4C5A        DW  _ERROR,_SYS59,_SYS5A,_SYS5B
0002B8 42B8 565A705570557055        DW  _SYS5C,_ERROR,_ERROR,_ERROR
                                ;6
0002C0 42C0 7055705570557055        DW  _ERROR,_ERROR,_ERROR,_ERROR
0002C8 42C8 7055705570557055        DW  _ERROR,_ERROR,_ERROR,_ERROR
0002D0 42D0 935A705570557055        DW  _SYS68,_ERROR,_ERROR,_ERROR
0002D8 42D8 7055705570558B5A        DW  _ERROR,_ERROR,_ERROR,_SYS6F
                                ;7
0002E0 42E0 7055705570557055        DW  _ERROR,_ERROR,_ERROR,_ERROR
0002E8 42E8 7055705570557055        DW  _ERROR,_ERROR,_ERROR,_ERROR
0002F0 42F0 7055705570557055        DW  _ERROR,_ERROR,_ERROR,_ERROR
0002F8 42F8 7055705570557055        DW  _ERROR,_ERROR,_ERROR,_ERROR
[EOF:TABLE.ASM:UTF_8]
                                    INCLUDE "INIT.ASM"
                                
                                ;   Tablacus DISK ROM - INIT
                                ;
       4300                     INIT_300:
000300 4300 3A0CF3          13      LD  A,(IS_BIOS)
000303 4303 21B75B          10      LD  HL,AT_ISCB
000306 4306 1180F2          10      LD  DE,ISCB
000309 4309 018D00          10      LD  BC,ISCB_E-ISCB
00030C 430C EDB0                    LDIR
00030E 430E 320CF3          13      LD  (IS_BIOS),A
000311 4311 2AB1F6          16      LD  HL,(SAVSTK)
000314 4314 224BF3          16      LD  (0F34BH),HL
                                
000317 4317 3EC3             7      LD  A,0C3H      ;JP
000319 4319 3243FF          13      LD  (H_GONE),A
00031C 431C 327DF3          13      LD  (BDOS),A
00031F 431F 326BF3          13      LD  (RAMUSE),A
000322 4322 3268F3          13      LD  (ROMUSE),A
000325 4325 2180F2          10      LD  HL,REPLACE_COMMAND
000328 4328 2244FF          16      LD  (H_GONE+1),HL
00032B 432B 2131F3          10      LD  HL,H_BDOS
00032E 432E 227EF3          16      LD  (BDOS+1),HL
000331 4331 21ABF2          10      LD  HL,RAMUSE1
000334 4334 226CF3          16      LD  (RAMUSE+1),HL
000337 4337 21BBF2          10      LD  HL,ROMUSE1
00033A 433A 2269F3          16      LD  (ROMUSE+1),HL
                                
00033D 433D 3E                      DB  03EH
00033E 433E F7              12      RST 30H
00033F 433F 3271FE          13      LD  (H_BINS),A
000342 4342 3276FE          13      LD  (H_BINL),A
000345 4345 327BFE          13      LD  (H_FILE),A
000348 4348 3231F3          13      LD  (H_BDOS),A
00034B 434B 32A7FF          13      LD  (H_PHYD),A
                                
00034E 434E 2640             7      LD  H,040H
000350 4350 CD515B          17      CALL    AT_GETSLT
000353 4353 3297F2          13      LD  (ROM_SLT),A
000356 4356 32A7F2          13      LD  (ROM_SLT_COPY),A
000359 4359 3272FE          13      LD  (H_BINS+1),A
00035C 435C 3277FE          13      LD  (H_BINL+1),A
00035F 435F 327CFE          13      LD  (H_FILE+1),A
000362 4362 3232F3          13      LD  (H_BDOS+1),A
000365 4365 32A8FF          13      LD  (H_PHYD+1),A
000368 4368 3222FB          13      LD  (DRVTBL+1),A
00036B 436B 3248F3          13      LD  (MASTERS),A
00036E 436E 216246          10      LD  HL,ROM_LOAD
000371 4371 2273FE          16      LD  (H_BINS+2),HL
000374 4374 211248          10      LD  HL,ROM_RUN
000377 4377 2278FE          16      LD  (H_BINL+2),HL
00037A 437A 212048          10      LD  HL,ROM_FILES
00037D 437D 227DFE          16      LD  (H_FILE+2),HL
000380 4380 217355          10      LD  HL,ROM_BDOS
000383 4383 2233F3          16      LD  (H_BDOS+2),HL
000386 4386 21EA52          10      LD  HL,DISKIO
000389 4389 22A9FF          16      LD  (H_PHYD+2),HL
                                
00038C 438C 3E                      DB  03EH
00038D 438D C9              10      RET
00038E 438E 327FFE          13      LD  (H_FILE+4),A
000391 4391 3275FE          13      LD  (H_BINS+4),A
000394 4394 327AFE          13      LD  (H_BINL+4),A
000397 4397 3235F3          13      LD  (H_BDOS+4),A
00039A 439A 32DFFD          13      LD  (H_PINL+4),A
00039D 439D 32ABFF          13      LD  (H_PHYD+4),A
                                #if exists _RAM64K
                                    LD  A,0CDH      ;CALL
                                    LD  (H_MKI),A
                                    LD  (H_CVI),A
                                    LD  (H_DSKF),A
                                
                                    LD  HL,CALL_RF
                                    LD  (H_MKI+1),HL
                                    LD  (H_CVI+1),HL
                                    LD  (H_DSKF+1),HL
                                
                                    LD  HL,ROM_MKI
                                    LD  (H_MKI+3),HL
                                    LD  HL,ROM_CVI
                                    LD  (H_CVI+3),HL
                                    LD  HL,ROM_DSKF
                                    LD  (H_DSKF+3),HL
                                #endif
0003A0 43A0 AF               4      XOR A
                                #if exists USE_NORMAL32K_OR_ASCII16
                                    LD  (ASCII16_BANK0_SEL),A       ;似非RAM対策でバンク0を設定
                                    LD  (ASCII16_BANK1_SEL),A       ;ASCII-16K
                                #else
0003A1 43A1 320060          13      LD  (BANK0_SEL),A           ;似非RAM対策でバンク0を設定
0003A4 43A4 320068          13      LD  (BANK1_SEL),A           ;ASCII-8K/Konami-8K
0003A7 43A7 320070          13      LD  (KONAMI_SCC_BANK1_SEL),A    ;Konami-8K/Konami-SCC
                                #endif
0003AA 43AA 3A0060          13      LD  A,(BANK1_ADR)
0003AD 43AD FE41             7      CP  'A'
                                #if exists USE_NORMAL32K_OR_ASCII16
                                    JP  Z,NOT_BANK_TYPE
                                    LD  A,DISK_BANK
                                    LD  (ASCII16_BANK1_SEL),A       ;ASCII-16K
                                #else
0003AF 43AF C25A44          10      JP  NZ,NOT_BANK_TYPE
0003B2 43B2 3E01             7      LD  A,DISK_BANK
0003B4 43B4 320068          13      LD  (BANK1_SEL),A           ;ASCII-8K/Konami-8K
0003B7 43B7 320070          13      LD  (KONAMI_SCC_BANK1_SEL),A    ;Konami-8K/Konami-SCC
                                #endif
0003BA 43BA 26C0             7      LD  H,0C0H
0003BC 43BC CD515B          17      CALL    AT_GETSLT
0003BF 43BF 3244F3          13      LD  (RAMAD3),A
0003C2 43C2 2680             7      LD  H,080H
0003C4 43C4 CD515B          17      CALL    AT_GETSLT
0003C7 43C7 CD6744          17      CALL    CHK_RAM
0003CA 43CA 3243F3          13      LD  (RAMAD2),A
       43CD                     RAMCHK2:
0003CD 43CD 3A44F3          13      LD  A,(RAMAD3)
0003D0 43D0 2640             7      LD  H,040H
0003D2 43D2 CD6744          17      CALL    CHK_RAM
0003D5 43D5 3242F3          13      LD  (RAMAD1),A
       43D8                     RAMCHK1:
0003D8 43D8 3A44F3          13      LD  A,(RAMAD3)
0003DB 43DB 2600             7      LD  H,00H
0003DD 43DD CD6744          17      CALL    CHK_RAM
0003E0 43E0 3241F3          13      LD  (RAMAD0),A
       43E3                     RAMCHK0:
0003E3 43E3 2A1360          16      LD  HL,(BANK1_ADR+19)   ;BPB_TotSec16
0003E6 43E6 010F00          10      LD  BC,0000FH       ;切り上げ
0003E9 43E9 09              11      ADD HL,BC
0003EA 43EA 7D               4      LD  A,L
                                
0003EB 43EB 0604             7      LD  B,4
       43ED                     B_DRIVE1:
0003ED 43ED CB3C             8      SRL H
0003EF 43EF 1F               4      RRA
0003F0 43F0 10FB            13      DJNZ    B_DRIVE1
                                
0003F2 43F2 C601             7      ADD A,DISK_BANK     ;A=(TotSec16/16)+DISK_BANK
0003F4 43F4 32E9F2          13      LD  (B_DRIVE),A
                                
                                #if exists FIX_DRIVE
                                    LD  A,(B_DRIVE)
                                    CP  FIX_DRIVE
                                    JR  Z,OK_FIX_DRIVE
                                    LD  HL,MSG_ERROR_DRIVE
                                    CALL    MSX
                                    LD  A,(B_DRIVE)
                                    CALL    PRTHX
                                    LD  IX,CHGET
                                    CALL    CALSLT_R
                                    LD  HL,MSG_CRLF
                                    CALL    MSX
                                OK_FIX_DRIVE:
                                #endif
                                    ;拡張スロットの選択を設定する
0003F7 43F7 3A97F2          13      LD  A,(ROM_SLT)
0003FA 43FA 57               4      LD  D,A
0003FB 43FB E60C             7      AND 00CH
0003FD 43FD 5F               4      LD  E,A
0003FE 43FE 7A               4      LD  A,D
0003FF 43FF E603             7      AND 3
000401 4401 87               4      ADD A,A
000402 4402 87               4      ADD A,A
000403 4403 87               4      ADD A,A
000404 4404 37               4      SCF
000405 4405 8F               4      ADC A,A
000406 4406 B3               4      OR  E
000407 4407 5F               4      LD  E,A
000408 4408 1600             7      LD  D,0
00040A 440A 21C9FC          10      LD  HL,SLTATR
00040D 440D 19              11      ADD HL,DE
00040E 440E 3660            10      LD  (HL),060H
                                
000410 4410 3E01             7      LD  A,1
000412 4412 CD6553          17      CALL    IS_BPB
000415 4415 9F               4      SBC A,A
000416 4416 E602             7      AND 2
000418 4418 EE03             7      XOR 3
00041A 441A 32F2F2          13      LD  (_LVECTOR),A
                                    ;CTRL+STOPを抑制する
00041D 441D 3E01             7      LD  A,1
00041F 441F 32B1FB          13      LD  (BASROM),A
                                
000422 4422 3ACAFF          13      LD  A,(EXTBIO)
000425 4425 FEF7             7      CP  0F7H        ;RST 30H
000427 4427 280A            12      JR  Z,EXTBIO_OK
000429 4429 3E                      DB  03EH
00042A 442A C9              10      RET
00042B 442B 21CAFF          10      LD  HL,EXTBIO
00042E 442E 061D             7      LD  B,29
000430 4430 CD6B4C          17      CALL    FILL_MEMORY
       4433                     EXTBIO_OK:
000433 4433 AF               4      XOR A
000434 4434 3240F3          13      LD  (REBOOT),A
000437 4437 2A48FC          16      LD  HL,(BOTTOM)
00043A 443A 110040          10      LD  DE,16384
00043D 443D 19              11      ADD HL,DE
00043E 443E DA5744          10      JP  C,BOOT1     ;RAM16KB以下の場合はブートセクタを実行しない
                                
                                ;   LD  E,A     ;すでにE=0
000441 4441 57               4      LD  D,A
000442 4442 0601             7      LD  B,1
000444 4444 2100C0          10      LD  HL,FD_BOOT_START
000447 4447 CDEA52          17      CALL    DISKIO
00044A 444A DA7C54          10      JP  C,BASENT
                                
00044D 444D 1168F3          10      LD  DE,ROMUSE
000450 4450 2123F3          10      LD  HL,DISKVE
000453 4453 AF               4      XOR A
000454 4454 CD1EC0          17      CALL    FD_BOOT_EXEC
                                #if exists _RAM64K
                                                ;64K版の場合はページ0をRAMに切り替えRAM側にインタースロットコールを入れる
                                    LD  A,(RAMAD0)  ;ページ0をRAMに切り替える
                                    CALL    ENASLT_00H
                                
                                    XOR A
                                    LD  B,A
                                    LD  H,A
                                    LD  L,A
                                    CALL    FILL_MEMORY
                                
                                    LD  A,0C3H      ;JP
                                                ;インタースロットコール
                                    LD  HL,RDSLT
                                    LD  (_RDSLT),A
                                    LD  (_RDSLT+1),HL
                                
                                    LD  HL,WRSLT
                                    LD  (_WRSLT),A
                                    LD  (_WRSLT+1),HL
                                
                                    LD  HL,CALSLT
                                    LD  (_CALSLT),A
                                    LD  (_CALSLT+1),HL
                                
                                    LD  HL,ENASLT
                                    LD  (_ENASLT),A
                                    LD  (_ENASLT+1),HL
                                
                                    LD  HL,CALLF
                                    LD  (_CALLF),A
                                    LD  (_CALLF+1),HL
                                                ;割り込み
                                    LD  HL,INT38H
                                    LD  (00038H),A
                                    LD  (00038H+1),HL
                                                ;インタースロットコールの補助
                                    LD  HL,AT_3B
                                    LD  DE,ENASUB
                                    LD  BC,AT_3B_E-AT_3B
                                    LDIR
                                
                                    LD  HL,(_RDSLT+1)
                                    LD  DE,RDSLT
                                    XOR A
                                    SBC HL,DE
                                    LD  DE,ROMUSE
                                    LD  HL,DISKVE
                                    SCF
                                    CALL    Z,FD_BOOT_EXEC
                                #endif
       4457                     BOOT1:
000457 4457 C37C54          10      JP  BASENT
                                
       445A                     NOT_BANK_TYPE:
                                                ;ROMのタイプが違う
00045A 445A 21C040          10      LD  HL,MSG_ERROR_ROM_MODE
00045D 445D CD0545          17      CALL    MSX
000460 4460 DD219F00        14      LD  IX,CHGET
000464 4464 C3E744          10      JP  CALSLT_R
                                
       4467                     CHK_RAM:
000467 4467 E5              11      PUSH    HL
000468 4468 CDBE44          17      CALL    CHK_RAM0
00046B 446B E1              10      POP HL
00046C 446C C8              11      RET Z
00046D 446D 3AC1FC          13      LD  A,(EXPTBL)      ;スロット#0
000470 4470 E680             7      AND 080H
000472 4472 CD9344          17      CALL    CHK_RAM_SLT
000475 4475 C8              11      RET Z
000476 4476 3AC2FC          13      LD  A,(EXPTBL+1)        ;スロット#1
000479 4479 E680             7      AND 080H
00047B 447B C601             7      ADD A,1
00047D 447D CD9344          17      CALL    CHK_RAM_SLT
000480 4480 C8              11      RET Z
000481 4481 3AC3FC          13      LD  A,(EXPTBL+2)        ;スロット#2
000484 4484 E680             7      AND 080H
000486 4486 C602             7      ADD A,2
000488 4488 CD9344          17      CALL    CHK_RAM_SLT
00048B 448B C8              11      RET Z
00048C 448C 3AC4FC          13      LD  A,(EXPTBL+3)        ;スロット#3
00048F 448F E680             7      AND 080H
000491 4491 C603             7      ADD A,3
       4493                     CHK_RAM_SLT:
000493 4493 E5              11      PUSH    HL
000494 4494 CDBE44          17      CALL    CHK_RAM0        ;スロット#X or X-0
000497 4497 E1              10      POP HL
000498 4498 C8              11      RET Z
000499 4499 CB79             8      BIT 7,C
00049B 449B 281C            12      JR  Z,CHK_RAM_E     ;スロットは拡張されていない
00049D 449D 79               4      LD  A,C
00049E 449E F604             7      OR  4           ;スロット#X-1
0004A0 44A0 E5              11      PUSH    HL
0004A1 44A1 CDBE44          17      CALL    CHK_RAM0
0004A4 44A4 E1              10      POP HL
0004A5 44A5 C8              11      RET Z
0004A6 44A6 79               4      LD  A,C
0004A7 44A7 F60C             7      OR  00CH            ;スロット#X-3
0004A9 44A9 E5              11      PUSH    HL
0004AA 44AA CDBE44          17      CALL    CHK_RAM0
0004AD 44AD E1              10      POP HL
0004AE 44AE C8              11      RET Z
0004AF 44AF 79               4      LD  A,C
0004B0 44B0 E6F3             7      AND 0F3H            ;スロット#X-2
0004B2 44B2 F608             7      OR  8
0004B4 44B4 E5              11      PUSH    HL
0004B5 44B5 CDBE44          17      CALL    CHK_RAM0
0004B8 44B8 E1              10      POP HL
       44B9                     CHK_RAM_E:
0004B9 44B9 AF               4      XOR A
0004BA 44BA 3C               4      INC A           ;ZF=0にする
0004BB 44BB 3E00             7      LD  A,0
0004BD 44BD C9              10      RET
                                
       44BE                     CHK_RAM0:
0004BE 44BE 4F               4      LD  C,A
0004BF 44BF 2E00             7      LD  L,0
       44C1                     CHK_RAM1:
0004C1 44C1 79               4      LD  A,C
0004C2 44C2 CD3545          17      CALL    RDSLTX
0004C5 44C5 C6E5             7      ADD A,0E5H
0004C7 44C7 47               4      LD  B,A
0004C8 44C8 5F               4      LD  E,A
0004C9 44C9 79               4      LD  A,C
0004CA 44CA C5              11      PUSH    BC
0004CB 44CB CD1400          17      CALL    _WRSLT
0004CE 44CE C1              10      POP BC
0004CF 44CF 79               4      LD  A,C
0004D0 44D0 CD3545          17      CALL    RDSLTX
0004D3 44D3 B8               4      CP  B
0004D4 44D4 C0              11      RET NZ
0004D5 44D5 D6E5             7      SUB 0E5H
0004D7 44D7 79               4      LD  A,C
0004D8 44D8 5F               4      LD  E,A
0004D9 44D9 C5              11      PUSH    BC
0004DA 44DA CD1400          17      CALL    _WRSLT
0004DD 44DD C1              10      POP BC
0004DE 44DE 24               4      INC H
0004DF 44DF 7D               4      LD  A,L
0004E0 44E0 C604             7      ADD A,4
0004E2 44E2 6F               4      LD  L,A
0004E3 44E3 20DC            12      JR  NZ,CHK_RAM1
0004E5 44E5 79               4      LD  A,C     ;ZF=1のハズ
0004E6 44E6 C9              10      RET
                                
       44E7                     CALSLT_R:
0004E7 44E7 C5              11      PUSH    BC
0004E8 44E8 E5              11      PUSH    HL
0004E9 44E9 CDEF44          17      CALL    CALSLT_BIOS_PAGE0
0004EC 44EC E1              10      POP HL
0004ED 44ED C1              10      POP BC
0004EE 44EE C9              10      RET
                                
       44EF                     CALSLT_BIOS_PAGE0:
0004EF 44EF F5              11      PUSH    AF
0004F0 44F0 3A0000          13      LD  A,(0000H)
0004F3 44F3 FEF3             7      CP  0F3H        ;0000H が DI の場合はページ0を BIOS ROM とみなす
0004F5 44F5 2808            12      JR  Z,CALSLT_R2
0004F7 44F7 F1              10      POP AF
       44F8                     CALSLT_BIOS:
0004F8 44F8 FD2AC0FC        20      LD  IY,(EXPTBL-1) ;メインROMスロット
0004FC 44FC C31C00          10      JP  _CALSLT
       44FF                     CALSLT_R2:
0004FF 44FF F1              10      POP AF
000500 4500 DDE9             8      JP  (IX)
                                
       4502                     MSX1:
000502 4502 CD8C55          17      CALL    MSGA1
       4505                     MSX:
000505 4505 7E               7      LD  A,(HL)
000506 4506 23               6      INC HL
000507 4507 B7               4      OR  A
000508 4508 20F8            12      JR  NZ,MSX1
00050A 450A C9              10      RET
                                
       450B                     PRTHX:
00050B 450B F5              11      PUSH    AF
00050C 450C 07               4      RLCA
00050D 450D 07               4      RLCA
00050E 450E 07               4      RLCA
00050F 450F 07               4      RLCA
000510 4510 CD1445          17      CALL    PRTA2
000513 4513 F1              10      POP AF
       4514                     PRTA2:
000514 4514 CD1A45          17      CALL    ASC
000517 4517 C38855          10      JP  MSG_A
                                
       451A                     ASC:
00051A 451A E60F             7      AND 0FH
00051C 451C C630             7      ADD A,'0'
00051E 451E FE3A             7      CP  '9'+1
000520 4520 D8              11      RET C
000521 4521 C607             7      ADD A,7
000523 4523 C9              10      RET
                                
       4524                     MSN:
                                #if exists USE_NORMAL32K_OR_ASCII16
                                    CALL    RDSLT_ROM
                                #else
000524 4524 7E               7      LD  A,(HL)
                                #endif
000525 4525 23               6      INC HL
000526 4526 CD8855          17      CALL    MSG_A
000529 4529 10F9            13      DJNZ    MSN
00052B 452B C9              10      RET
                                
       452C                     RDSLT_ROM3:
00052C 452C 7E               7      LD  A,(HL)
00052D 452D C9              10      RET
       452E                     RDSLT_ROM:
00052E 452E CB7C             8      BIT 7,H
000530 4530 28FA            12      JR  Z,RDSLT_ROM3
       4532                     RDSLT_ROM2:
000532 4532 3A97F2          13      LD  A,(ROM_SLT)
       4535                     RDSLTX:
000535 4535 C5              11      PUSH    BC
000536 4536 D5              11      PUSH    DE
000537 4537 CD0C00          17      CALL    _RDSLT
00053A 453A D1              10      POP DE
00053B 453B C1              10      POP BC
00053C 453C C9              10      RET
                                
[EOF:INIT.ASM:UTF_8]
                                    INCLUDE "FILE.ASM"
                                ;
                                ;   ディスクからメモリへの転送
                                ;
       453D                     ROM_LDIR:
00053D 453D 3AD6F2          13      LD  A,(FLG_LDIR)
000540 4540 B7               4      OR  A
000541 4541 2008            12      JR  NZ,ROM_LDIRVM
000543 4543 CB7A             8      BIT 7,D
000545 4545 CA5945          10      JP  Z,ROM_LDIRSLT
                                ;
                                ;   ページ2/ページ3
                                ;
                                #if exists USE_NORMAL32K_OR_ASCII16
                                    DI
                                    LD  (_SP),SP
                                    LD  A,(_SP_H)
                                    CP  0C0H
                                    JR  NC,SPJ1
                                    LD  SP,SPBUF
                                SPJ1:
                                LDIR_PAGE2_1:
                                    LD  A,B
                                    OR  C
                                    JR  Z,LDIRE
                                
                                    PUSH    BC
                                    PUSH    DE
                                    PUSH    HL
                                    LD  A,(ROM_SLT)
                                    LD  H,080H
                                    CALL    _ENASLT
                                    POP HL
                                    POP DE
                                    POP BC
                                LDIR_PAGE2_2:
                                    BIT 6,D
                                    JR  NZ,LDIR_PAGE2_4
                                
                                    PUSH    BC
                                    PUSH    DE
                                    LD  DE,BUF
                                
                                    LD  A,B
                                    OR  A
                                    JR  Z,LDIR_PAGE2_3
                                    LD  BC,00100H       ;B != 0 の場合は256バイトずつ転送
                                LDIR_PAGE2_3:
                                    PUSH    BC
                                    LDIR
                                    LD  (_HL),HL
                                
                                    LD  A,(RAMAD2)
                                    LD  H,080H
                                    CALL    _ENASLT
                                
                                    POP BC
                                    POP DE
                                    LD  HL,BUF
                                    LDIR
                                
                                    LD  HL,(_HL)
                                    POP BC
                                    LD  A,B
                                    OR  A
                                    JR  Z,LDIRE
                                    DEC B
                                    JR  LDIR_PAGE2_1
                                LDIR_PAGE2_4:               ;ページ3
                                #endif
000548 4548 EDB0                    LDIR
                                
                                #if exists USE_NORMAL32K_OR_ASCII16
                                LDIRE2:
                                    PUSH    DE
                                    PUSH    HL
                                    LD  A,(RAMAD2)
                                    LD  H,080H
                                    CALL    _ENASLT
                                    POP HL
                                    POP DE
                                LDIRE:
                                    LD  SP,(_SP)
                                #else
       454A                     LDIRE2:
                                #endif
00054A 454A C9              10      RET
                                ;
                                ;   ディスクからV-RAMへの転送
                                ;
       454B                     ROM_LDIRVM:
                                #if exists USE_NORMAL32K_OR_ASCII16
                                    DI
                                    LD  (_SP),SP
                                    LD  A,(_SP_H)
                                    CP  0C0H
                                    JR  NC,SPJ2
                                    LD  SP,SPBUF
                                SPJ2:
                                    PUSH    BC
                                    PUSH    DE
                                    PUSH    HL
                                    LD  A,(ROM_SLT)
                                    LD  H,080H
                                    CALL    _ENASLT
                                    POP HL
                                    POP DE
                                    POP BC
                                #endif
00054B 454B C5              11      PUSH    BC
00054C 454C D5              11      PUSH    DE
00054D 454D DD215C00        14      LD  IX,LDIRVM
000551 4551 CDEF44          17      CALL    CALSLT_BIOS_PAGE0
000554 4554 E1              10      POP HL
000555 4555 C1              10      POP BC
000556 4556 09              11      ADD HL,BC
000557 4557 EB               4      EX  DE,HL
                                #if exists USE_NORMAL32K_OR_ASCII16
                                    JR  LDIRE2
                                #else
000558 4558 C9              10      RET
                                #endif
                                ;
                                ;   ページ0/ページ1
                                ;
       4559                     ROM_LDIRSLT:
                                #if exists USE_NORMAL32K_OR_ASCII16
                                    DI
                                    LD  (_SP),SP
                                    LD  A,(_SP_H)
                                    CP  0C0H
                                    JR  NC,SPJ3
                                    LD  SP,SPBUF
                                SPJ3:
                                    PUSH    BC
                                    PUSH    DE
                                    PUSH    HL
                                    LD  A,(ROM_SLT)
                                    LD  H,080H
                                    CALL    _ENASLT
                                    POP HL
                                    POP DE
                                    POP BC
                                #endif
                                                ;ページ0
000559 4559 3A0000          13      LD  A,(0000H)
00055C 455C FEF3             7      CP  0F3H        ;0000H が DI じゃない場合はページ0は RAM とみなす
00055E 455E 280A            12      JR  Z,LDIR_PAGE0_SLT
       4560                     LDIR_PAGE0_1:
000560 4560 CB72             8      BIT 6,D
000562 4562 2021            12      JR  NZ,LDIR_PAGE1
000564 4564 EDA0            16      LDI         ;ページ0 直接転送
000566 4566 EA6045          10      JP  PE,LDIR_PAGE0_1
                                #if exists USE_NORMAL32K_OR_ASCII16
                                    JP  LDIRE2
                                #else
000569 4569 C9              10      RET
                                #endif
                                
       456A                     LDIR_PAGE0_SLT:     ;ページ0 WRSLTを使用
00056A 456A EB               4      EX  DE,HL       ;転送方向(DE)→(HL)
       456B                     LDIR_PAGE0_SLT1:
00056B 456B CB74             8      BIT 6,H
00056D 456D 2017            12      JR  NZ,LDIR_PAGE1_DEHL
00056F 456F 1A               7      LD  A,(DE)
000570 4570 13               6      INC DE
000571 4571 D5              11      PUSH    DE
000572 4572 5F               4      LD  E,A
000573 4573 E5              11      PUSH    HL
000574 4574 C5              11      PUSH    BC
000575 4575 3A41F3          13      LD  A,(RAMAD0)
000578 4578 CD1400          17      CALL    _WRSLT
00057B 457B C1              10      POP BC
00057C 457C E1              10      POP HL
00057D 457D D1              10      POP DE
00057E 457E EDA1            16      CPI         ;HL=HL+1 BC=BC-1 BCが0の場合にP/V=0
000580 4580 EA6B45          10      JP  PE,LDIR_PAGE0_SLT1
000583 4583 EB               4      EX  DE,HL       ;転送方向(HL)→(DE)
                                #if exists USE_NORMAL32K_OR_ASCII16
                                    JP  LDIRE2
                                #else
000584 4584 C9              10      RET
                                #endif
                                
                                #if exists _RAM64K
                                LDIR_PAGE1_DEHL:
                                    EX  DE,HL       ;転送方向(HL)→(DE)
                                LDIR_PAGE1:         ;ページ1
                                    LD  A,B
                                    OR  C
                                    JP  Z,LDIRE2
                                
                                    LD  A,D
                                    CP  07FH        ;ページ2と被る可能性？($7FXX)
                                    JR  C,LDIR_PAGE1_2
                                    ADD A,A
                                    JP  C,LDIR_PAGE2_1  ;ページ2へ
                                    LD  A,B
                                    OR  A
                                    LD  A,E
                                    JR  Z,LDIR_PAGE1_1
                                    OR  A           ;B != 0 の場合は256バイト転送
                                    JR  NZ,LDIR_PAGE1_SLT_HLDE  ;被る
                                LDIR_PAGE1_1:
                                    ADD A,C
                                    JR  C,LDIR_PAGE1_SLT_HLDE   ;被る
                                LDIR_PAGE1_2:
                                    PUSH    BC
                                    PUSH    DE
                                    LD  DE,BUF
                                
                                    LD  A,B
                                    OR  A
                                    JR  Z,LDIR_PAGE1_3
                                    LD  BC,00100H       ;B != 0 の場合は256バイトずつ転送
                                LDIR_PAGE1_3:
                                    PUSH    BC
                                    LDIR
                                    LD  (_HL),HL
                                
                                    LD  A,(RAMAD1)
                                    JP  LDIR_PAGE1_RAM      ;ページ1をRAMにする処理はページ3にある
                                LDIR_PAGE1_ROM:
                                    LD  HL,(_HL)
                                    POP BC
                                    LD  A,B
                                    OR  A
                                    JP  Z,LDIRE2
                                    DEC B
                                    JR  LDIR_PAGE1
                                
                                LDIR_PAGE1_SLT_HLDE:
                                    EX  DE,HL       ;転送方向(DE)→(HL)
                                #else
       4585                     LDIR_PAGE1:         ;ページ1 WRSLTを使用
       4585                     LDIR_PAGE1_HLDE:
000585 4585 EB               4      EX  DE,HL       ;転送方向(DE)→(HL)
       4586                     LDIR_PAGE1_DEHL:
                                #endif
       4586                     LDIR_PAGE1_SLT1:
000586 4586 CB7C             8      BIT 7,H
000588 4588 2016            12      JR  NZ,LDIR_PAGE2_HLDE
00058A 458A 1A               7      LD  A,(DE)
00058B 458B 13               6      INC DE
00058C 458C D5              11      PUSH    DE
00058D 458D 5F               4      LD  E,A
00058E 458E E5              11      PUSH    HL
00058F 458F C5              11      PUSH    BC
000590 4590 3A42F3          13      LD  A,(RAMAD1)
000593 4593 CD1400          17      CALL    _WRSLT
000596 4596 C1              10      POP BC
000597 4597 E1              10      POP HL
000598 4598 D1              10      POP DE
000599 4599 EDA1            16      CPI         ;HL=HL+1 BC=BC-1 BCが0の場合にP/V=0
00059B 459B EA8645          10      JP  PE,LDIR_PAGE1_SLT1
00059E 459E EB               4      EX  DE,HL       ;転送方向(HL)→(DE)
                                #if exists USE_NORMAL32K_OR_ASCII16
                                    JP  LDIRE2
                                LDIR_PAGE2_HLDE:            ;ページ2
                                    EX  DE,HL       ;転送方向(HL)→(DE)
                                    JP  LDIR_PAGE2_1
                                #else
00059F 459F C9              10      RET
       45A0                     LDIR_PAGE2_HLDE:            ;ページ2
0005A0 45A0 EB               4      EX  DE,HL       ;転送方向(HL)→(DE)
       45A1                     LDIR_PAGE2_1:
0005A1 45A1 EDB0                    LDIR
0005A3 45A3 C9              10      RET
                                #endif
                                ;
                                ;   BASIC関連
                                ;
       45A4                     END_OF_LINE:
0005A4 45A4 215EF5          10      LD  HL,BUF
       45A7                     EOL1:
0005A7 45A7 7E               7      LD  A,(HL)
0005A8 45A8 C8              11      RET Z
0005A9 45A9 FE0D             7      CP  00DH
0005AB 45AB 2807            12      JR  Z,EOLE
0005AD 45AD FE0A             7      CP  00AH
0005AF 45AF 2803            12      JR  Z,EOLE
0005B1 45B1 23               6      INC HL
0005B2 45B2 18F3            12      JR  EOL1
       45B4                     EOLE:
0005B4 45B4 3600            10      LD  (HL),0
0005B6 45B6 23               6      INC HL
0005B7 45B7 7E               7      LD  A,(HL)
0005B8 45B8 FE0A             7      CP  00AH
0005BA 45BA C0              11      RET NZ
0005BB 45BB 23               6      INC HL
0005BC 45BC C9              10      RET
                                ;
                                ;   アスキー形式のファイルを読み込む
                                ;
       45BD                     ROM_LOAD_ASCII:
0005BD 45BD 210000          10      LD  HL,0
0005C0 45C0 22DAF2          16      LD  (_BUF_ST),HL    ;読み出し位置
0005C3 45C3 2A76F6          16      LD  HL,(TXTTAB)
0005C6 45C6 22DCF2          16      LD  (_BUF_EN),HL    ;書き出し位置
                                
0005C9 45C9 215EF5          10      LD  HL,BUF
0005CC 45CC 22D4F2          16      LD  (_DTA),HL
       45CF                     RLOAD_A1:
0005CF 45CF 2ADAF2          16      LD  HL,(_BUF_ST)
0005D2 45D2 22CAF2          16      LD  (RR_LOW),HL
0005D5 45D5 210201          10      LD  HL,258
0005D8 45D8 CDE54A          17      CALL    ROM_READ
0005DB 45DB 7C               4      LD  A,H
0005DC 45DC B5               4      OR  L
0005DD 45DD 2875            12      JR  Z,RLOAD_AEND
0005DF 45DF 015EF5          10      LD  BC,BUF
0005E2 45E2 09              11      ADD HL,BC
0005E3 45E3 3600            10      LD  (HL),0
0005E5 45E5 CDA445          17      CALL    END_OF_LINE
0005E8 45E8 015EF5          10      LD  BC,BUF
0005EB 45EB A7               4      AND A
0005EC 45EC ED42            15      SBC HL,BC
0005EE 45EE 2810            12      JR  Z,RLOAD_A2
0005F0 45F0 4D               4      LD  C,L
0005F1 45F1 44               4      LD  B,H
0005F2 45F2 ED5BDAF2        20      LD  DE,(_BUF_ST)
0005F6 45F6 19              11      ADD HL,DE
0005F7 45F7 22DAF2          16      LD  (_BUF_ST),HL
0005FA 45FA 3A5EF5          13      LD  A,(BUF)
0005FD 45FD B7               4      OR  A
0005FE 45FE 28CF            12      JR  Z,RLOAD_A1
       4600                     RLOAD_A2:
000600 4600 115EF5          10      LD  DE,BUF
000603 4603 CDA64C          17      CALL    SPCUTEX
000606 4606 1A               7      LD  A,(DE)
000607 4607 B7               4      OR  A
000608 4608 284A            12      JR  Z,RLOAD_AEND
00060A 460A CDB84C          17      CALL    GETNUM
00060D 460D 7C               4      LD  A,H
00060E 460E B5               4      OR  L
00060F 460F CA2B47          10      JP  Z,ERROR_DIRECT_IN_FILE
000612 4612 DD2ADCF2        20      LD  IX,(_BUF_EN)
000616 4616 DD7502          19      LD  (IX+2),L
000619 4619 DD7403          19      LD  (IX+3),H
                                
00061C 461C CD9F4C          17      CALL    SPCUT
00061F 461F EB               4      EX  DE,HL
000620 4620 DDE5            15      PUSH    IX
000622 4622 DD21B242        14      LD  IX,CRUNCH
000626 4626 CDF844          17      CALL    CALSLT_BIOS
000629 4629 DDE1            14      POP IX
00062B 462B EB               4      EX  DE,HL
00062C 462C 111FF4          10      LD  DE,KBUF
00062F 462F 37               4      SCF
000630 4630 ED52            15      SBC HL,DE
000632 4632 CA2B47          10      JP  Z,ERROR_DIRECT_IN_FILE
000635 4635 DA2B47          10      JP  C,ERROR_DIRECT_IN_FILE
000638 4638 4D               4      LD  C,L
000639 4639 44               4      LD  B,H
00063A 463A 2ADCF2          16      LD  HL,(_BUF_EN)
00063D 463D 110400          10      LD  DE,4
000640 4640 19              11      ADD HL,DE
000641 4641 111FF4          10      LD  DE,KBUF
                                
000644 4644 EB               4      EX  DE,HL
000645 4645 EDB0                    LDIR
000647 4647 EB               4      EX  DE,HL
                                
000648 4648 DD7500          19      LD  (IX+0),L
00064B 464B DD7401          19      LD  (IX+1),H
00064E 464E 22DCF2          16      LD  (_BUF_EN),HL
000651 4651 C3CF45          10      JP  RLOAD_A1
                                
       4654                     RLOAD_AEND:
000654 4654 2ADCF2          16      LD  HL,(_BUF_EN)
000657 4657 AF               4      XOR A
000658 4658 77               7      LD  (HL),A
000659 4659 23               6      INC HL
00065A 465A 77               7      LD  (HL),A
00065B 465B 23               6      INC HL
00065C 465C 22DCF2          16      LD  (_BUF_EN),HL
00065F 465F C3EE46          10      JP  RLOAD_END1
                                
       4662                     ROM_LOAD:
000662 4662 CD8C48          17      CALL    INIT_PARAM
000665 4665 7E               7      LD  A,(HL)
000666 4666 FE2C             7      CP  ','
000668 4668 2003            12      JR  NZ,ROM_LOAD0
00066A 466A 23               6      INC HL
00066B 466B 7E               7      LD  A,(HL)
00066C 466C 2B               6      DEC HL
       466D                     ROM_LOAD0:
00066D 466D 32BEFC          13      LD  (RUNBNF),A
000670 4670 CD864B          17      CALL    FILE_B
000673 4673 3A01F3          13      LD  A,(FNAME)
000676 4676 FE20             7      CP  020H
000678 4678 CA814B          10      JP  Z,ROM_ORG
                                
00067B 467B CD0F4D          17      CALL    ROM_OPEN
00067E 467E DA3747          10      JP  C,ERROR_FILE_NOT_FOUND
       4681                     ROM_LOAD1:
000681 4681 21D9F2          10      LD  HL,_BUF
000684 4684 22D4F2          16      LD  (_DTA),HL
000687 4687 210100          10      LD  HL,1            ;ヘッダを1バイト読み込む
00068A 468A CDE54A          17      CALL    ROM_READ
00068D 468D 3AD9F2          13      LD  A,(_BUF)
000690 4690 3C               4      INC A
000691 4691 C2BD45          10      JP  NZ,ROM_LOAD_ASCII
000694 4694 2A76F6          16      LD  HL,(TXTTAB)
000697 4697 22D4F2          16      LD  (_DTA),HL
00069A 469A EB               4      EX  DE,HL
00069B 469B 2100FF          10      LD  HL,-256
00069E 469E 39              11      ADD HL,SP
00069F 469F ED52            15      SBC HL,DE
0006A1 46A1 CDE54A          17      CALL    ROM_READ
0006A4 46A4 ED5BD4F2        20      LD  DE,(_DTA)
0006A8 46A8 19              11      ADD HL,DE
0006A9 46A9 E5              11      PUSH    HL
0006AA 46AA 2A76F6          16      LD  HL,(TXTTAB)
       46AD                     ROM_LOAD2:          ;リンクポインタをFIX
0006AD 46AD E5              11      PUSH    HL
0006AE 46AE DDE1            14      POP IX
0006B0 46B0 7E               7      LD  A,(HL)      ;リンクポインタL
0006B1 46B1 23               6      INC HL
0006B2 46B2 B6               7      OR  (HL)        ;リンクポインタH
0006B3 46B3 23               6      INC HL
0006B4 46B4 2837            12      JR  Z,RLOAD_END0
0006B6 46B6 23               6      INC HL      ;行番号
0006B7 46B7 23               6      INC HL      ;行番号
       46B8                     ROM_LOAD3:
0006B8 46B8 7E               7      LD  A,(HL)
0006B9 46B9 23               6      INC HL
0006BA 46BA FE0B             7      CP  00BH        ;8進数(&O)
0006BC 46BC 2822            12      JR  Z,INC_HL2
0006BE 46BE FE0C             7      CP  00CH        ;16進数(&H)
0006C0 46C0 281E            12      JR  Z,INC_HL2
0006C2 46C2 FE0D             7      CP  00DH        ;行番号(RUN後)
0006C4 46C4 281A            12      JR  Z,INC_HL2
0006C6 46C6 FE0E             7      CP  00EH        ;行番号(RUN前)
0006C8 46C8 2816            12      JR  Z,INC_HL2
0006CA 46CA FE0F             7      CP  00FH        ;10～255の整数(%)
0006CC 46CC 2813            12      JR  Z,INC_HL1
0006CE 46CE FE1C             7      CP  01CH        ;256～65535の整数(%)
0006D0 46D0 280E            12      JR  Z,INC_HL2
0006D2 46D2 FE1D             7      CP  01DH        ;単精度実数(!)
0006D4 46D4 2808            12      JR  Z,INC_HL4
0006D6 46D6 FE1F             7      CP  01FH        ;倍制度実数(#)
0006D8 46D8 2008            12      JR  NZ,INC_HL0
0006DA 46DA 23               6      INC HL
0006DB 46DB 23               6      INC HL
0006DC 46DC 23               6      INC HL
0006DD 46DD 23               6      INC HL
       46DE                     INC_HL4:
0006DE 46DE 23               6      INC HL
0006DF 46DF 23               6      INC HL
       46E0                     INC_HL2:
0006E0 46E0 23               6      INC HL
       46E1                     INC_HL1:
0006E1 46E1 23               6      INC HL
       46E2                     INC_HL0:
0006E2 46E2 B7               4      OR  A
0006E3 46E3 20D3            12      JR  NZ,ROM_LOAD3
0006E5 46E5 DD7500          19      LD  (IX+0),L
0006E8 46E8 DD7401          19      LD  (IX+1),H
0006EB 46EB 18C0            12      JR  ROM_LOAD2
       46ED                     RLOAD_END0:
0006ED 46ED E1              10      POP HL
       46EE                     RLOAD_END1:
0006EE 46EE 22C2F6          16      LD  (VARTAB),HL
0006F1 46F1 22C4F6          16      LD  (ARYTAB),HL
0006F4 46F4 22C6F6          16      LD  (STREND),HL
                                
0006F7 46F7 3ABEFC          13      LD  A,(RUNBNF)
0006FA 46FA CDF94C          17      CALL    CAP
0006FD 46FD FE52             7      CP  'R'
0006FF 46FF 280E            12      JR  Z,RLOAD_END2
000701 4701 AF               4      XOR A
000702 4702 21DCF2          10      LD  HL,_BUF+3
000705 4705 77               7      LD  (HL),A      ;3
000706 4706 2B               6      DEC HL
000707 4707 77               7      LD  (HL),A      ;2
000708 4708 2B               6      DEC HL
000709 4709 77               7      LD  (HL),A      ;1
00070A 470A 2B               6      DEC HL
00070B 470B 3E8F             7      LD  A,08FH      ;REM
00070D 470D 77               7      LD  (HL),A      ;0
00070E 470E C9              10      RET
       470F                     RLOAD_END2:
00070F 470F D5              11      PUSH    DE
000710 4710 ED5B76F6        20      LD  DE,(TXTTAB)
000714 4714 1B               6      DEC DE
000715 4715 AF               4      XOR A
000716 4716 21DFF2          10      LD  HL,_BUF+6
000719 4719 77               7      LD  (HL),A      ;6
00071A 471A 2B               6      DEC HL
00071B 471B 77               7      LD  (HL),A      ;5
00071C 471C 2B               6      DEC HL
00071D 471D 77               7      LD  (HL),A      ;4
00071E 471E 2B               6      DEC HL
00071F 471F 72               7      LD  (HL),D      ;3 行番号H
000720 4720 2B               6      DEC HL
000721 4721 73               7      LD  (HL),E      ;2 行番号L
000722 4722 2B               6      DEC HL
000723 4723 360D            10      LD  (HL),00DH   ;1 行番号(RUN後)
000725 4725 2B               6      DEC HL
000726 4726 3E89             7      LD  A,089H      ;GOTO
000728 4728 77               7      LD  (HL),A      ;0
000729 4729 D1              10      POP DE
00072A 472A C9              10      RET
                                
       472B                     ERROR_DIRECT_IN_FILE:
00072B 472B 1E39             7      LD  E,57            ;Direct statement in file
00072D 472D 01                      DB  1           ;LD BC,
       472E                     ERROR_DEVICE_IO_ERROR:
00072E 472E 1E13             7      LD  E,19            ;Device I/O error
000730 4730 01                      DB  1           ;LD BC,
       4731                     ERROR_INTERNAL_ERROR:
000731 4731 1E33             7      LD  E,51            ;Internal error
000733 4733 01                      DB  1           ;LD BC,
       4734                     ERROR_FILE_NOT_OPEN:
000734 4734 1E3B             7      LD  E,59            ;File not OPEN
000736 4736 01                      DB  1           ;LD BC,
       4737                     ERROR_FILE_NOT_FOUND:
000737 4737 1E35             7      LD  E,53            ;File not found
       4739                     ERROR:
000739 4739 DD216F40        14      LD  IX,ERRHAND
00073D 473D C3F844          10      JP  CALSLT_BIOS
                                
       4740                     ROM_BLOAD:
000740 4740 CD8C48          17      CALL    INIT_PARAM
000743 4743 CD864B          17      CALL    FILE_B
000746 4746 CD0F4D          17      CALL    ROM_OPEN
000749 4749 38EC            12      JR  C,ERROR_FILE_NOT_FOUND
                                
00074B 474B 21D9F2          10      LD  HL,_BUF
00074E 474E 22D4F2          16      LD  (_DTA),HL
000751 4751 210700          10      LD  HL,7            ;ヘッダを7バイト読み込む
000754 4754 CDE54A          17      CALL    ROM_READ
000757 4757 3AD9F2          13      LD  A,(_BUF)
00075A 475A FEFE             7      CP  0FEH
00075C 475C 20D6            12      JR  NZ,ERROR_FILE_NOT_OPEN
                                
00075E 475E 21A5F2          10      LD  HL,BLOAD_RET
000761 4761 229DF2          16      LD  (SWC_BLOAD),HL
                                
000764 4764 2AF7F2          16      LD  HL,(PARAM1)
000767 4767 7E               7      LD  A,(HL)
000768 4768 FE2C             7      CP  ','
00076A 476A 204C            12      JR  NZ,RBREAD_MEM
00076C 476C 23               6      INC HL
00076D 476D 7E               7      LD  A,(HL)
00076E 476E CDF94C          17      CALL    CAP
000771 4771 32BEFC          13      LD  (RUNBNF),A
000774 4774 FE52             7      CP  'R'     ;R,Sスイッチじゃ無い場合はオフセット値として処理する
000776 4776 2808            12      JR  Z,RBOS1
000778 4778 FE53             7      CP  'S'
00077A 477A 2804            12      JR  Z,RBOS1
00077C 477C FE2C             7      CP  ','
00077E 477E 200D            12      JR  NZ,RBOS2
       4780                     RBOS1:
000780 4780 7E               7      LD  A,(HL)
000781 4781 23               6      INC HL
000782 4782 B7               4      OR  A
000783 4783 2820            12      JR  Z,RBREAD_OSE
000785 4785 FE3A             7      CP  ':'
000787 4787 281C            12      JR  Z,RBREAD_OSE
000789 4789 FE2C             7      CP  ','     ;次のパラメータを探す
00078B 478B 20F3            12      JR  NZ,RBOS1
       478D                     RBOS2:              ;オフセット
00078D 478D 22F7F2          16      LD  (PARAM1),HL
000790 4790 7E               7      LD  A,(HL)
000791 4791 B7               4      OR  A
000792 4792 2811            12      JR  Z,RBREAD_OSE
000794 4794 DD212F54        14      LD  IX,FRMQNT
000798 4798 CDF844          17      CALL    CALSLT_BIOS
00079B 479B 22F7F2          16      LD  (PARAM1),HL
00079E 479E 2ADAF2          16      LD  HL,(_BUF_ST)
0007A1 47A1 19              11      ADD HL,DE
0007A2 47A2 22DAF2          16      LD  (_BUF_ST),HL
       47A5                     RBREAD_OSE:
0007A5 47A5 3ABEFC          13      LD  A,(RUNBNF)
0007A8 47A8 FE53             7      CP  'S'
0007AA 47AA 200C            12      JR  NZ,RBREAD_MEM
0007AC 47AC 3A2D00          13      LD  A,(0002DH)  ;MSX version number
0007AF 47AF B7               4      OR  A       ;A=0 MSX1
0007B0 47B0 C4734A          17      CALL    NZ,WAIT_VDP ;MSX2以上はVDPのBUSYを待つ (MSX1は無限ループになってしまう)
0007B3 47B3 3E01             7      LD  A,1
0007B5 47B5 32D6F2          13      LD  (FLG_LDIR),A
       47B8                     RBREAD_MEM:
0007B8 47B8 2ADAF2          16      LD  HL,(_BUF_ST)
0007BB 47BB 22BFFC          16      LD  (SAVENT),HL
0007BE 47BE 22D4F2          16      LD  (_DTA),HL
0007C1 47C1 21FFFF          10      LD  HL,0FFFFH
0007C4 47C4 CDE54A          17      CALL    ROM_READ
0007C7 47C7 AF               4      XOR A
0007C8 47C8 32D6F2          13      LD  (FLG_LDIR),A
0007CB 47CB 3ABEFC          13      LD  A,(RUNBNF)
0007CE 47CE FE52             7      CP  'R'
0007D0 47D0 2006            12      JR  NZ,RBREAD1
0007D2 47D2 2ADEF2          16      LD  HL,(_BUF_EX)
0007D5 47D5 229DF2          16      LD  (SWC_BLOAD),HL
       47D8                     RBREAD1:
       47D8                     ROM_NEXT:
0007D8 47D8 2AF7F2          16      LD  HL,(PARAM1)
0007DB 47DB 7E               7      LD  A,(HL)
0007DC 47DC 2B               6      DEC HL
0007DD 47DD B7               4      OR  A
0007DE 47DE 2805            12      JR  Z,ROM_NEXT1
0007E0 47E0 FE3A             7      CP  ':'
0007E2 47E2 2801            12      JR  Z,ROM_NEXT1
0007E4 47E4 23               6      INC HL
       47E5                     ROM_NEXT1:
0007E5 47E5 5D               4      LD  E,L
0007E6 47E6 54               4      LD  D,H
                                
0007E7 47E7 CDCF4C          17      CALL    SEARCH_END
0007EA 47EA B7               4      OR  A
0007EB 47EB 2821            12      JR  Z,REM
       47ED                     RN3:                    ;マルチステートメントの処理
0007ED 47ED 7E               7      LD  A,(HL)
                                
0007EE 47EE FEB5             7      CP  0B5H            ;LOAD
0007F0 47F0 CA6246          10      JP  Z,ROM_LOAD
0007F3 47F3 FE8A             7      CP  08AH            ;RUN
0007F5 47F5 281B            12      JR  Z,ROM_RUN
0007F7 47F7 FEB7             7      CP  0B7H            ;FILES
0007F9 47F9 2825            12      JR  Z,ROM_FILES
0007FB 47FB FED6             7      CP  0D6H            ;COPY
0007FD 47FD CABD48          10      JP  Z,ROM_COPY
000800 4800 FE20             7      CP  020H
000802 4802 2807            12      JR  Z,RN_SP
                                
000804 4804 3E28             7      LD  A,028H          ;JR Z,
000806 4806 32A3F2          13      LD  (SWC_BLOAD_M),A
000809 4809 7E               7      LD  A,(HL)
00080A 480A C9              10      RET
       480B                     RN_SP:
00080B 480B 23               6      INC HL
00080C 480C 18DF            12      JR  RN3
                                
       480E                     REM:
00080E 480E EB               4      EX  DE,HL
00080F 480F 3E8F             7      LD  A,08FH          ;REM
000811 4811 C9              10      RET
                                
       4812                     ROM_RUN:
000812 4812 23               6      INC HL
000813 4813 7E               7      LD  A,(HL)
000814 4814 2B               6      DEC HL
000815 4815 B7               4      OR  A
000816 4816 C46246          17      CALL    NZ,ROM_LOAD
000819 4819 FE8F             7      CP  08FH            ;REM
00081B 481B 3E8A             7      LD  A,08AH          ;RUN
00081D 481D C0              11      RET NZ
00081E 481E 77               7      LD  (HL),A
00081F 481F C9              10      RET
                                
       4820                     ROM_FILES:
000820 4820 CD8C48          17      CALL    INIT_PARAM
000823 4823 CD864B          17      CALL    FILE_B
000826 4826 CD1455          17      CALL    GET_DISK_BANK_FDRV
000829 4829 3AC9F2          13      LD  A,(SECSZ_H)
00082C 482C CD7753          17      CALL    IS_BPB1
00082F 482F DA2E47          10      JP  C,ERROR_DEVICE_IO_ERROR
000832 4832 3A01F3          13      LD  A,(FNAME)
000835 4835 FE21             7      CP  021H
000837 4837 3005            12      JR  NC,RFILES0
000839 4839 060B             7      LD  B,11
00083B 483B CD5F4C          17      CALL    FILE10
       483E                     RFILES0:
00083E 483E CDD74F          17      CALL    GET_DIR_DAT
       4841                     RFILES1:
000841 4841 CD834D          17      CALL    FILESE
000844 4844 3041            12      JR  NC,RFILES_NOT_MATCH
       4846                     RFILES_DISP:
000846 4846 E5              11      PUSH    HL
000847 4847 110B00          10      LD  DE,0000BH   ;属性
00084A 484A 19              11      ADD HL,DE
                                #if exists USE_NORMAL32K_OR_ASCII16
                                    CALL    RDSLT_ROM
                                #else
00084B 484B 7E               7      LD  A,(HL)
                                #endif
00084C 484C E1              10      POP HL
00084D 484D CB4F             8      BIT 1,A     ;不可視属性
00084F 484F 2033            12      JR  NZ,RFILES_NEXT
000851 4851 E5              11      PUSH    HL
000852 4852 0608             7      LD  B,8
000854 4854 CD2445          17      CALL    MSN
                                #if exists USE_NORMAL32K_OR_ASCII16
                                    CALL    RDSLT_ROM
                                #else
000857 4857 7E               7      LD  A,(HL)
                                #endif
000858 4858 FE20             7      CP  020H
00085A 485A F5              11      PUSH    AF
00085B 485B 3E2E             7      LD  A,'.'
00085D 485D C48855          17      CALL    NZ,MSG_A
000860 4860 0603             7      LD  B,3
000862 4862 CD2445          17      CALL    MSN
000865 4865 F1              10      POP AF
000866 4866 CC8855          17      CALL    Z,MSG_A
000869 4869 3ADDF3          13      LD  A,(CSRX)
00086C 486C 47               4      LD  B,A
00086D 486D 3AB0F3          13      LD  A,(LINLEN)
000870 4870 90               4      SUB B
000871 4871 FE0C             7      CP  12
000873 4873 3009            12      JR  NC,RFILES2
000875 4875 3E0D             7      LD  A,00DH      ;改行
000877 4877 CD8855          17      CALL    MSG_A
00087A 487A 3E0A             7      LD  A,00AH
00087C 487C 1802            12      JR  RFILES3
       487E                     RFILES2:
00087E 487E 3E20             7      LD  A,020H
       4880                     RFILES3:
000880 4880 CD8855          17      CALL    MSG_A
000883 4883 E1              10      POP HL
       4884                     RFILES_NEXT:
000884 4884 CDA24D          17      CALL    FNEXT
       4887                     RFILES_NOT_MATCH:
000887 4887 20B8            12      JR  NZ,RFILES1
000889 4889 C3D847          10      JP  ROM_NEXT
                                
       488C                     INIT_PARAM:
00088C 488C 22F5F2          16      LD  (PARAM0),HL
00088F 488F 22F7F2          16      LD  (PARAM1),HL
000892 4892 EB               4      EX  DE,HL
000893 4893 32BEFC          13      LD  (RUNBNF),A
000896 4896 3263F6          13      LD  (VALTYP),A
000899 4899 E5              11      PUSH    HL
00089A 489A 3AEAF2          13      LD  A,(_DVSW)
00089D 489D CDF654          17      CALL    GET_CD
0008A0 48A0 22F9F2          16      LD  (_CDX),HL
0008A3 48A3 E1              10      POP HL
0008A4 48A4 13               6      INC DE
0008A5 48A5 CD9F4C          17      CALL    SPCUT
0008A8 48A8 1A               7      LD  A,(DE)
0008A9 48A9 B7               4      OR  A
0008AA 48AA C8              11      RET Z
0008AB 48AB FE3A             7      CP  ':'
0008AD 48AD C8              11      RET Z
0008AE 48AE FE28             7      CP  '('
0008B0 48B0 C8              11      RET Z
0008B1 48B1 EB               4      EX  DE,HL
0008B2 48B2 DD21644C        14      LD  IX,FRMEVL
0008B6 48B6 CDF844          17      CALL    CALSLT_BIOS
0008B9 48B9 22F7F2          16      LD  (PARAM1),HL
0008BC 48BC C9              10      RET
                                
       48BD                     ROM_COPY:
0008BD 48BD CD8C48          17      CALL    INIT_PARAM
0008C0 48C0 3A63F6          13      LD  A,(VALTYP)
0008C3 48C3 FE03             7      CP  3       ;string
0008C5 48C5 C2814B          10      JP  NZ,ROM_ORG  ;最初の引数が文字列ではない場合はオリジナルを実行する
                                
0008C8 48C8 CD864B          17      CALL    FILE_B
0008CB 48CB CD0F4D          17      CALL    ROM_OPEN
0008CE 48CE DA3747          10      JP  C,ERROR_FILE_NOT_FOUND
                                
0008D1 48D1 21DEF2          10      LD  HL,_BUF_W
0008D4 48D4 22D4F2          16      LD  (_DTA),HL
0008D7 48D7 210400          10      LD  HL,4            ;ヘッダを4バイト読み込む
0008DA 48DA CDE54A          17      CALL    ROM_READ
                                
0008DD 48DD AF               4      XOR A
0008DE 48DE 32D9F2          13      LD  (_BUF_LO),A     ;PSET
0008E1 48E1 32E6F2          13      LD  (_BUF_O),A      ;向き
                                
0008E4 48E4 2AF7F2          16      LD  HL,(PARAM1)
       48E7                     RCP_PARAM1:
0008E7 48E7 7E               7      LD  A,(HL)
0008E8 48E8 23               6      INC HL
0008E9 48E9 B7               4      OR  A
0008EA 48EA CAE547          10      JP  Z,ROM_NEXT1
0008ED 48ED FE3A             7      CP  ':'
0008EF 48EF CAE547          10      JP  Z,ROM_NEXT1
0008F2 48F2 FE2C             7      CP  ','
0008F4 48F4 200E            12      JR  NZ,RCP_PARAM1_
                                
0008F6 48F6 DD212F54        14      LD  IX,FRMQNT
0008FA 48FA CDF844          17      CALL    CALSLT_BIOS
0008FD 48FD 7B               4      LD  A,E
0008FE 48FE 87               4      ADD A,A
0008FF 48FF 87               4      ADD A,A
000900 4900 32E6F2          13      LD  (_BUF_O),A
000903 4903 7E               7      LD  A,(HL)
       4904                     RCP_PARAM1_:
000904 4904 FE28             7      CP  '('
000906 4906 20DF            12      JR  NZ,RCP_PARAM1
000908 4908 DD212F54        14      LD  IX,FRMQNT
00090C 490C CDF844          17      CALL    CALSLT_BIOS
                                
00090F 490F ED53E2F2        20      LD  (_BUF_X),DE
                                
       4913                     RCP_PARAM2:
000913 4913 23               6      INC HL
000914 4914 7E               7      LD  A,(HL)
000915 4915 FE20             7      CP  020H
000917 4917 28FA            12      JR  Z,RCP_PARAM2
000919 4919 FE2C             7      CP  ','
00091B 491B 28F6            12      JR  Z,RCP_PARAM2
                                
00091D 491D DD212F54        14      LD  IX,FRMQNT
000921 4921 CDF844          17      CALL    CALSLT_BIOS
                                
000924 4924 3AF6FA          13      LD  A,(ACPAGE)
000927 4927 57               4      LD  D,A
000928 4928 ED53E4F2        20      LD  (_BUF_Y),DE
       492C                     RCP_PARAM3:
00092C 492C 23               6      INC HL
00092D 492D 7E               7      LD  A,(HL)
00092E 492E FE20             7      CP  020H
000930 4930 28FA            12      JR  Z,RCP_PARAM3
000932 4932 FE29             7      CP  ')'
000934 4934 28F6            12      JR  Z,RCP_PARAM3
000936 4936 FE2C             7      CP  ','
000938 4938 2047            12      JR  NZ,RCP_ST
                                
00093A 493A 23               6      INC HL
00093B 493B DD212F54        14      LD  IX,FRMQNT
00093F 493F CDF844          17      CALL    CALSLT_BIOS
                                
000942 4942 7B               4      LD  A,E
000943 4943 32E5F2          13      LD  (_BUF_P),A
                                
       4946                     RCP_PARAM4:
000946 4946 7E               7      LD  A,(HL)
000947 4947 23               6      INC HL
000948 4948 FE20             7      CP  020H
00094A 494A 28FA            12      JR  Z,RCP_PARAM4
                                
00094C 494C FE2C             7      CP  ','
00094E 494E 2031            12      JR  NZ,RCP_ST
                                
000950 4950 7E               7      LD  A,(HL)
000951 4951 0604             7      LD  B,4
000953 4953 FE54             7      CP  'T'
000955 4955 2004            12      JR  NZ,RCP_NT:
000957 4957 23               6      INC HL
000958 4958 7E               7      LD  A,(HL)
000959 4959 060C             7      LD  B,8 + 4
       495B                     RCP_NT:
00095B 495B FEC3             7      CP  0C3H        ;PRESET
00095D 495D 281E            12      JR  Z,RCP_LO
00095F 495F FED9             7      CP  0D9H        ;TOR
000961 4961 2814            12      JR  Z,RCP_TOR
000963 4963 FEFF             7      CP  0FFH        ;TAND
000965 4965 2814            12      JR  Z,RCP_TAND
000967 4967 05               4      DEC B       ;3
000968 4968 D6F8             7      SUB 0F8H        ;XOR
00096A 496A 2811            12      JR  Z,RCP_LO
00096C 496C 05               4      DEC B       ;2
00096D 496D 3C               4      INC A       ;OR
00096E 496E 280D            12      JR  Z,RCP_LO
000970 4970 05               4      DEC B       ;1
000971 4971 3C               4      INC A       ;AND
000972 4972 2809            12      JR  Z,RCP_LO
000974 4974 05               4      DEC B       ;0
                                                ;PSET
000975 4975 1806            12      JR  RCP_LO:
       4977                     RCP_TOR:
000977 4977 060A             7      LD  B,00AH
000979 4979 2802            12      JR  Z,RCP_LO
       497B                     RCP_TAND:
00097B 497B 0609             7      LD  B,9
       497D                     RCP_LO:
00097D 497D 78               4      LD  A,B
00097E 497E 32D9F2          13      LD  (_BUF_LO),A
       4981                     RCP_ST:
000981 4981 2AC6F6          16      LD  HL,(STREND)
000984 4984 22D4F2          16      LD  (_DTA),HL
000987 4987 EB               4      EX  DE,HL
000988 4988 2100FE          10      LD  HL,-512
00098B 498B 39              11      ADD HL,SP
00098C 498C AF               4      XOR A
00098D 498D ED52            15      SBC HL,DE
00098F 498F 3008            12      JR  NC,RCP0
000991 4991 215EF5          10      LD  HL,BUF
000994 4994 22D4F2          16      LD  (_DTA),HL
000997 4997 6F               4      LD  L,A ;0
000998 4998 67               4      LD  H,A ;0
       4999                     RCP0:
000999 4999 24               4      INC H
00099A 499A 22DCF2          16      LD  (_BUF_EN),HL
       499D                     RCP1:
00099D 499D F3               4      DI
00099E 499E CD734A          17      CALL    WAIT_VDP
                                
0009A1 49A1 3A0700          13      LD  A,(WRVDP)
0009A4 49A4 4F               4      LD  C,A
0009A5 49A5 0C               4      INC C       ;C := PORT#1's address(WR)
0009A6 49A6 3E24             7      LD  A,36
0009A8 49A8 ED79            12      OUT (C),A
0009AA 49AA 3E91             7      LD  A,080H+17
0009AC 49AC ED79            12      OUT (C),A       ;R#17 := 36
                                
0009AE 49AE 0C               4      INC C
0009AF 49AF 0C               4      INC C       ;C := PORT#3's address(WR)
0009B0 49B0 2AE2F2          16      LD  HL,(_BUF_X)
0009B3 49B3 ED69            12      OUT (C),L       ;R#36 DX
0009B5 49B5 ED61            12      OUT (C),H       ;R#37
0009B7 49B7 2AE4F2          16      LD  HL,(_BUF_Y)
0009BA 49BA ED69            12      OUT (C),L       ;R#38 DY
0009BC 49BC ED61            12      OUT (C),H       ;R#39
0009BE 49BE 2ADEF2          16      LD  HL,(_BUF_W)
0009C1 49C1 ED69            12      OUT (C),L       ;R#40 NX
0009C3 49C3 ED61            12      OUT (C),H       ;R#41
0009C5 49C5 2AE0F2          16      LD  HL,(_BUF_H)
0009C8 49C8 ED69            12      OUT (C),L       ;R#42 NY
0009CA 49CA ED61            12      OUT (C),H       ;R#43
                                
0009CC 49CC DD2AAFFC        20      LD  IX,(SCRMOD)
0009D0 49D0 3AD9F2          13      LD  A,(_BUF_LO) ;LOGICAL OPERATION
0009D3 49D3 B7               4      OR  A
0009D4 49D4 2022            12      JR  NZ,USE_LMMC ;PSETじゃない場合はLMMC
                                
0009D6 49D6 DD7D             9      LD  A,IXL
0009D8 49D8 FE08             7      CP  8
0009DA 49DA 2817            12      JR  Z,USE_HMMC8 ;スクリーン8でPSET
0009DC 49DC FE06             7      CP  6
0009DE 49DE 2AE2F2          16      LD  HL,(_BUF_X)
0009E1 49E1 3ADEF2          13      LD  A,(_BUF_W)
0009E4 49E4 2005            12      JR  NZ,SCR57
0009E6 49E6 B5               4      OR  L       ;スクリーン6
0009E7 49E7 E603             7      AND 3
0009E9 49E9 200D            12      JR  NZ,USE_LMMC
       49EB                     SCR57:              ;スクリーン5,7
0009EB 49EB B5               4      OR  L
0009EC 49EC E601             7      AND 1
0009EE 49EE 2008            12      JR  NZ,USE_LMMC
       49F0                     USE_HMMC:
0009F0 49F0 DD2E08          10      LD  IXL,8
       49F3                     USE_HMMC8:
0009F3 49F3 3EF0             7      LD  A,0F0H      ;R#46 HMMC command
0009F5 49F5 32D9F2          13      LD  (_BUF_LO),A
       49F8                     USE_LMMC:
0009F8 49F8 110000          10      LD  DE,0
0009FB 49FB 06FF             7      LD  B,-1
0009FD 49FD CD9E4A          17      CALL    GET_PIXEL
000A00 4A00 ED79            12      OUT (C),A       ;R#44 first DATA
000A02 4A02 3AE6F2          13      LD  A,(_BUF_O)
000A05 4A05 ED79            12      OUT (C),A       ;R#45 DIX and DIY
                                
000A07 4A07 3AD9F2          13      LD  A,(_BUF_LO) ;LOGICAL OPERATION
000A0A 4A0A F6B0             7      OR  0B0H        ;R#46 LMMC command
000A0C 4A0C ED79            12      OUT (C),A
                                
000A0E 4A0E FD69             9      LD  IYL,C       ;IYL := PORT#3's address(WR)
000A10 4A10 0D               4      DEC C
000A11 4A11 0D               4      DEC C       ;C := PORT#1's address(WR)
000A12 4A12 3EAC             7      LD  A,080H+44
000A14 4A14 ED79            12      OUT (C),A
000A16 4A16 3E91             7      LD  A,080H+17
000A18 4A18 ED79            12      OUT (C),A       ;R#17 := 44
                                
000A1A 4A1A 3A0600          13      LD  A,(RDVDP)
000A1D 4A1D 3C               4      INC A
000A1E 4A1E FD67             9      LD  IYH,A       ;IYX := PORT#1's address(RD)
000A20 4A20 3E02             7      LD  A,2
000A22 4A22 ED79            12      OUT (C),A
000A24 4A24 3E8F             7      LD  A,08FH
000A26 4A26 ED79            12      OUT (C),A
000A28 4A28 3AD9F2          13      LD  A,(_BUF_LO) ;LOGICAL OPERATION
000A2B 4A2B E640             7      AND 040H
000A2D 4A2D 201C            12      JR  NZ,LOOP_HMMC
       4A2F                     LOOP_COPY:
000A2F 4A2F CD9E4A          17      CALL    GET_PIXEL
000A32 4A32 08               4      EX  AF,AF'
000A33 4A33 FD4C             9      LD  C,IYH
       4A35                     LOOP_COPY1:
000A35 4A35 ED78            12      IN  A,(C)
000A37 4A37 0F               4      RRCA            ;RRCAではサインフラグは変化しない
000A38 4A38 300A            12      JR  NC,EXIT_COPY    ;check CE bit
000A3A 4A3A F2354A          10      JP  P,LOOP_COPY1    ;check TR bit
000A3D 4A3D 08               4      EX  AF,AF'
000A3E 4A3E FD4D             9      LD  C,IYL       ;IYL := PORT#3's address(WR)
000A40 4A40 ED79            12      OUT (C),A
000A42 4A42 18EB            12      JR  LOOP_COPY
                                
       4A44                     EXIT_COPY:
000A44 4A44 CD7B4A          17      CALL    GET_STATUS_0
000A47 4A47 FB               4      EI
000A48 4A48 C3D847          10      JP  ROM_NEXT
                                
       4A4B                     LOOP_HMMC:
000A4B 4A4B F3               4      DI          ;必要
000A4C 4A4C FD4D             9      LD  C,IYL       ;IYL := PORT#3's address(WR)
000A4E 4A4E 43               4      LD  B,E
000A4F 4A4F 7B               4      LD  A,E
000A50 4A50 B7               4      OR  A
000A51 4A51 2802            12      JR  Z,LOOP_HMMC1
000A53 4A53 EDB3                    OTIR
       4A55                     LOOP_HMMC1:
000A55 4A55 14               4      INC D
       4A56                     LOOP_HMMC2:
000A56 4A56 15               4      DEC D
000A57 4A57 2805            12      JR  Z,LOOP_HMMC3
000A59 4A59 EDB3                    OTIR
000A5B 4A5B C3564A          10      JP  LOOP_HMMC2
       4A5E                     LOOP_HMMC3:
000A5E 4A5E ED78            12      IN  A,(C)
000A60 4A60 0F               4      RRCA
000A61 4A61 30E1            12      JR  NC,EXIT_COPY    ;check CE bit
000A63 4A63 2ADCF2          16      LD  HL,(_BUF_EN)
000A66 4A66 CDE54A          17      CALL    ROM_READ
000A69 4A69 EB               4      EX  DE,HL
000A6A 4A6A 2AD4F2          16      LD  HL,(_DTA)
000A6D 4A6D 7A               4      LD  A,D
000A6E 4A6E B3               4      OR  E
000A6F 4A6F 20DA            12      JR  NZ,LOOP_HMMC
000A71 4A71 18C2            12      JR  LOOP_COPY1
                                
       4A73                     WAIT_VDP:
000A73 4A73 3E02             7      LD  A,2
000A75 4A75 CD7C4A          17      CALL    GET_STATUS
000A78 4A78 0F               4      RRCA
000A79 4A79 38F8            12      JR  C,WAIT_VDP
       4A7B                     GET_STATUS_0:
000A7B 4A7B AF               4      XOR A
       4A7C                     GET_STATUS:
000A7C 4A7C C5              11      PUSH    BC
000A7D 4A7D ED4B0600        20      LD  BC,(RDVDP)
000A81 4A81 0C               4      INC C
000A82 4A82 ED79            12      OUT (C),A
000A84 4A84 3E8F             7      LD  A,08FH
000A86 4A86 ED79            12      OUT (C),A
000A88 4A88 ED78            12      IN  A,(C)
000A8A 4A8A C1              10      POP BC
000A8B 4A8B C9              10      RET
                                
       4A8C                     GET_PIXEL256:
000A8C 4A8C 7A               4      LD  A,D
000A8D 4A8D B3               4      OR  E
000A8E 4A8E 200A            12      JR  NZ,GET_PIXEL1
000A90 4A90 2ADCF2          16      LD  HL,(_BUF_EN)
000A93 4A93 CDE54A          17      CALL    ROM_READ
000A96 4A96 EB               4      EX  DE,HL
000A97 4A97 2AD4F2          16      LD  HL,(_DTA)
       4A9A                     GET_PIXEL1:
000A9A 4A9A 7E               7      LD  A,(HL)
000A9B 4A9B 23               6      INC HL
000A9C 4A9C 1B               6      DEC DE
000A9D 4A9D C9              10      RET
                                
       4A9E                     GET_PIXEL:
000A9E 4A9E DD7D             9      LD  A,IXL
000AA0 4AA0 FE08             7      CP  8
000AA2 4AA2 28E8            12      JR  Z,GET_PIXEL256
000AA4 4AA4 04               4      INC B
000AA5 4AA5 FE06             7      CP  6
000AA7 4AA7 282E            12      JR  Z,GET_PIXEL4
                                
000AA9 4AA9 CB40             8      BIT 0,B
000AAB 4AAB 20ED            12      JR  NZ,GET_PIXEL1
                                
000AAD 4AAD 7A               4      LD  A,D
000AAE 4AAE B3               4      OR  E
000AAF 4AAF 200A            12      JR  NZ,GET_PIXEL2
                                
000AB1 4AB1 2ADCF2          16      LD  HL,(_BUF_EN)
000AB4 4AB4 CDE54A          17      CALL    ROM_READ
000AB7 4AB7 EB               4      EX  DE,HL
000AB8 4AB8 2AD4F2          16      LD  HL,(_DTA)
                                
       4ABB                     GET_PIXEL2:
000ABB 4ABB 7E               7      LD  A,(HL)
000ABC 4ABC 0F               4      RRCA
000ABD 4ABD 0F               4      RRCA
000ABE 4ABE 0F               4      RRCA
000ABF 4ABF 0F               4      RRCA
000AC0 4AC0 C9              10      RET
                                
       4AC1                     GET_PIXEL3:
000AC1 4AC1 7A               4      LD  A,D
000AC2 4AC2 B3               4      OR  E
000AC3 4AC3 200A            12      JR  NZ,GET_PIXEL5
                                
000AC5 4AC5 2ADCF2          16      LD  HL,(_BUF_EN)
000AC8 4AC8 CDE54A          17      CALL    ROM_READ
000ACB 4ACB EB               4      EX  DE,HL
000ACC 4ACC 2AD4F2          16      LD  HL,(_DTA)
       4ACF                     GET_PIXEL5:
000ACF 4ACF 7E               7      LD  A,(HL)
000AD0 4AD0 0F               4      RRCA
000AD1 4AD1 0F               4      RRCA
000AD2 4AD2 0F               4      RRCA
000AD3 4AD3 0F               4      RRCA
000AD4 4AD4 0F               4      RRCA
000AD5 4AD5 0F               4      RRCA
000AD6 4AD6 C9              10      RET
                                
       4AD7                     GET_PIXEL4:
000AD7 4AD7 78               4      LD  A,B
000AD8 4AD8 E603             7      AND 3   ;+0
000ADA 4ADA 28E5            12      JR  Z,GET_PIXEL3
000ADC 4ADC 3D               4      DEC A   ;+1
000ADD 4ADD 28DC            12      JR  Z,GET_PIXEL2
000ADF 4ADF 3D               4      DEC A   ;+2
000AE0 4AE0 7E               7      LD  A,(HL)
000AE1 4AE1 C0              11      RET NZ
000AE2 4AE2 0F               4      RRCA        ;+3
000AE3 4AE3 0F               4      RRCA
000AE4 4AE4 C9              10      RET
                                
       4AE5                     ROM_READ:
000AE5 4AE5 E5              11      PUSH    HL
000AE6 4AE6 D5              11      PUSH    DE
000AE7 4AE7 C5              11      PUSH    BC
000AE8 4AE8 FDE5            15      PUSH    IY
000AEA 4AEA 22F3F2          16      LD  (LEFTX),HL
000AED 4AED 2AD4F2          16      LD  HL,(_DTA)
000AF0 4AF0 22E7F2          16      LD  (DTAX),HL
000AF3 4AF3 2AF3F2          16      LD  HL,(LEFTX)
                                
000AF6 4AF6 CDFC4D          17      CALL    RBX1
000AF9 4AF9 3870            12      JR  C,RBRERR1
000AFB 4AFB 79               4      LD  A,C
000AFC 4AFC EB               4      EX  DE,HL
000AFD 4AFD ED52            15      SBC HL,DE       ;CP 0HL,CDE
000AFF 4AFF 19              11      ADD HL,DE
000B00 4B00 DE00             7      SBC A,000H
000B02 4B02 3801            12      JR  C,RBR1
000B04 4B04 EB               4      EX  DE,HL
       4B05                     RBR1:
000B05 4B05 9F               4      SBC A,A
000B06 4B06 E601             7      AND 1
000B08 4B08 32C3F2          13      LD  (_RESULT),A
000B0B 4B0B 7C               4      LD  A,H
000B0C 4B0C B5               4      OR  L
000B0D 4B0D CA614B          10      JP  Z,RBREND0
                                
000B10 4B10 22D0F2          16      LD  (_LEFT),HL  ;Read record byte
000B13 4B13 22F3F2          16      LD  (LEFTX),HL
                                
000B16 4B16 CD284E          17      CALL    RBX2
000B19 4B19 281A            12      JR  Z,RBRB
                                                ;先頭の端数
000B1B 4B1B CD3B4E          17      CALL    RBXA
000B1E 4B1E DA774B          10      JP  C,RBRERR
000B21 4B21 C5              11      PUSH    BC
000B22 4B22 CD3D45          17      CALL    ROM_LDIR
000B25 4B25 ED53E7F2        20      LD  (DTAX),DE
000B29 4B29 2AF3F2          16      LD  HL,(LEFTX)
000B2C 4B2C D1              10      POP DE
000B2D 4B2D A7               4      AND A
000B2E 4B2E ED52            15      SBC HL,DE
000B30 4B30 22F3F2          16      LD  (LEFTX),HL
000B33 4B33 2829            12      JR  Z,RBREND
                                
       4B35                     RBRB:
000B35 4B35 CD774E          17      CALL    RBXB
000B38 4B38 2818            12      JR  Z,RBRC
       4B3A                     RBRB1:
000B3A 4B3A C5              11      PUSH    BC
000B3B 4B3B D5              11      PUSH    DE
000B3C 4B3C CD224F          17      CALL    CLUST
000B3F 4B3F EB               4      EX  DE,HL
000B40 4B40 ED4BC6F2        20      LD  BC,(CLSZ)       ;1クラスタのサイズ
000B44 4B44 CD3D45          17      CALL    ROM_LDIR
000B47 4B47 EB               4      EX  DE,HL
000B48 4B48 D1              10      POP DE
000B49 4B49 C1              10      POP BC
000B4A 4B4A CDFF4E          17      CALL    GNCL
000B4D 4B4D DA774B          10      JP  C,RBRERR
000B50 4B50 10E8            13      DJNZ    RBRB1
       4B52                     RBRC:
000B52 4B52 CD8F4E          17      CALL    RBXC
000B55 4B55 2807            12      JR  Z,RBREND
                                
000B57 4B57 CD224F          17      CALL    CLUST
000B5A 4B5A EB               4      EX  DE,HL
000B5B 4B5B CD3D45          17      CALL    ROM_LDIR
       4B5E                     RBREND:
000B5E 4B5E CD9B4E          17      CALL    RBXEND
       4B61                     RBREND0:
000B61 4B61 FDE1            14      POP IY
000B63 4B63 C1              10      POP BC
000B64 4B64 D1              10      POP DE
000B65 4B65 F1              10      POP AF  ;(HL)
000B66 4B66 AF               4      XOR A
000B67 4B67 3AC3F2          13      LD  A,(_RESULT)
000B6A 4B6A C9              10      RET
                                
       4B6B                     RBRERR1:
000B6B 4B6B 3E01             7      LD  A,001H
       4B6D                     RBRERR2:
000B6D 4B6D FDE1            14      POP IY
000B6F 4B6F C1              10      POP BC
000B70 4B70 D1              10      POP DE
000B71 4B71 E1              10      POP HL
000B72 4B72 37               4      SCF
000B73 4B73 210000          10      LD  HL,0
000B76 4B76 C9              10      RET
       4B77                     RBRERR:
000B77 4B77 3EFF             7      LD  A,0FFH
000B79 4B79 18F2            12      JR  RBRERR2
                                
       4B7B                     FILE_DD:
000B7B 4B7B E1              10      POP HL
000B7C 4B7C 3E                      DB  03EH
000B7D 4B7D C9              10      RET
000B7E 4B7E 32A3F2          13      LD  (SWC_BLOAD_M),A
       4B81                     ROM_ORG:
000B81 4B81 2AF5F2          16      LD  HL,(PARAM0)
000B84 4B84 7E               7      LD  A,(HL)
000B85 4B85 C9              10      RET
       4B86                     FILE_B:
000B86 4B86 1E00             7      LD  E,0
000B88 4B88 3A63F6          13      LD  A,(VALTYP)
000B8B 4B8B FE03             7      CP  3       ;string
000B8D 4B8D C21C4C          10      JP  NZ,FILED
                                
000B90 4B90 DD21D067        14      LD  IX,FRESTR
000B94 4B94 CDF844          17      CALL    CALSLT_BIOS
000B97 4B97 5E               7      LD  E,(HL)
000B98 4B98 23               6      INC HL
000B99 4B99 7E               7      LD  A,(HL)
000B9A 4B9A DD6F             9      LD  IXL,A
000B9C 4B9C 23               6      INC HL
000B9D 4B9D 7E               7      LD  A,(HL)
000B9E 4B9E DD67             9      LD  IXH,A
000BA0 4BA0 3E1F             7      LD  A,01FH
000BA2 4BA2 1802            12      JR  FILE_BAS
       4BA4                     FILE_BDOS:
000BA4 4BA4 3E20             7      LD  A,020H
       4BA6                     FILE_BAS:
000BA6 4BA6 32FBF2          13      LD  (_CHKSP),A
000BA9 4BA9 AF               4      XOR A
000BAA 4BAA 3200F3          13      LD  (FDRV),A
000BAD 4BAD 7B               4      LD  A,E
000BAE 4BAE FE04             7      CP  4
000BB0 4BB0 3808            12      JR  C,FILEB1
000BB2 4BB2 DD7E03          19      LD  A,(IX+3)
000BB5 4BB5 FE3A             7      CP  ':'
000BB7 4BB7 28C2            12      JR  Z,FILE_DD
000BB9 4BB9 7B               4      LD  A,E
       4BBA                     FILEB1:
000BBA 4BBA FE02             7      CP  2
000BBC 4BBC 3820            12      JR  C,DEVI1
000BBE 4BBE DD7E01          19      LD  A,(IX+1)
000BC1 4BC1 FE3A             7      CP  ':'
000BC3 4BC3 2019            12      JR  NZ,DEVI1
000BC5 4BC5 DD7E00          19      LD  A,(IX+0)        ;DRIVE
000BC8 4BC8 CDF94C          17      CALL    CAP
000BCB 4BCB D640             7      SUB '@'
000BCD 4BCD DD23            10      INC IX
000BCF 4BCF DD23            10      INC IX
000BD1 4BD1 1D               4      DEC E
000BD2 4BD2 1D               4      DEC E
000BD3 4BD3 3200F3          13      LD  (FDRV),A
000BD6 4BD6 F5              11      PUSH    AF
000BD7 4BD7 CDF354          17      CALL    GET_CD_CDRV
000BDA 4BDA 22F9F2          16      LD  (_CDX),HL
000BDD 4BDD E1              10      POP HL
       4BDE                     DEVI1:
000BDE 4BDE DD7E00          19      LD  A,(IX+0)
000BE1 4BE1 D65C             7      SUB 05CH        ;\
000BE3 4BE3 2008            12      JR  NZ,NOROOT
000BE5 4BE5 6F               4      LD  L,A
000BE6 4BE6 67               4      LD  H,A
000BE7 4BE7 22F9F2          16      LD  (_CDX),HL
000BEA 4BEA DD23            10      INC IX
000BEC 4BEC 1D               4      DEC E
       4BED                     NOROOT:
                                
       4BED                     SETDIR:
000BED 4BED CD1C4C          17      CALL    FILED
000BF0 4BF0 DD7E00          19      LD  A,(IX+0)
000BF3 4BF3 FE5C             7      CP  05CH        ;\
000BF5 4BF5 C0              11      RET NZ
000BF6 4BF6 DD23            10      INC IX
000BF8 4BF8 1D               4      DEC E
000BF9 4BF9 3A01F3          13      LD  A,(FNAME)
000BFC 4BFC FE20             7      CP  020H        ;. の処理
000BFE 4BFE 28ED            12      JR  Z,SETDIR
                                
000C00 4C00 CD0F4D          17      CALL    ROM_OPEN
000C03 4C03 B7               4      OR  A
000C04 4C04 C0              11      RET NZ
                                
                                #if exists USE_NORMAL32K_OR_ASCII16
                                    PUSH    DE
                                    LD  HL,(DIRENT1)
                                    LD  DE,0000BH   ;属性(アトリビュート)
                                    ADD HL,DE
                                    CALL    RDSLT_ROM
                                    POP DE
                                    BIT 4,A     ;ディレクトリ
                                #else
000C05 4C05 FD2AEFF2        20      LD  IY,(DIRENT1)
000C09 4C09 FDCB0B66        20      BIT 4,(IY+00BH) ;属性(アトリビュート) ディレクトリ
                                #endif
000C0D 4C0D C8              11      RET Z
000C0E 4C0E CD634C          17      CALL    FILEI
                                #if exists USE_NORMAL32K_OR_ASCII16
                                    PUSH    DE
                                    LD  HL,(DIRENT1)
                                    LD  DE,0001AH   ;ファイルの先頭クラスタ
                                    ADD HL,DE
                                    CALL    RDSLT_ROM
                                    INC HL
                                    LD  E,A
                                    CALL    RDSLT_ROM
                                    LD  D,A
                                    EX  DE,HL
                                    POP DE
                                #else
000C11 4C11 FD6E1A          19      LD  L,(IY+01AH) ;ファイルの先頭クラスタ
000C14 4C14 FD661B          19      LD  H,(IY+01BH)
                                #endif
000C17 4C17 22F9F2          16      LD  (_CDX),HL
000C1A 4C1A 18D1            12      JR  SETDIR
                                
       4C1C                     FILED:
000C1C 4C1C CD634C          17      CALL    FILEI
000C1F 4C1F 2101F3          10      LD  HL,FNAME
                                
000C22 4C22 0608             7      LD  B,8
       4C24                     FILE2:
000C24 4C24 CD704C          17      CALL    CCHKF
000C27 4C27 C8              11      RET Z
000C28 4C28 FE2A             7      CP  '*'
000C2A 4C2A 282E            12      JR  Z,FILE9
000C2C 4C2C FE2E             7      CP  '.'
000C2E 4C2E 280C            12      JR  Z,FILE4
000C30 4C30 77               7      LD  (HL),A
000C31 4C31 23               6      INC HL
000C32 4C32 10F0            13      DJNZ    FILE2
                                
       4C34                     FILE3:
000C34 4C34 CD704C          17      CALL    CCHKF
000C37 4C37 C8              11      RET Z
000C38 4C38 FE2E             7      CP  '.'
000C3A 4C3A 20F8            12      JR  NZ,FILE3
                                
       4C3C                     FILE4:
000C3C 4C3C 2109F3          10      LD  HL,FNAME+8
000C3F 4C3F 0603             7      LD  B,3
                                
       4C41                     FILE4L:
000C41 4C41 CD704C          17      CALL    CCHKF
000C44 4C44 C8              11      RET Z
000C45 4C45 FE2E             7      CP  '.'
000C47 4C47 2008            12      JR  NZ,FILE12
000C49 4C49 3201F3          13      LD  (FNAME),A   ;Parent directory(..)
000C4C 4C4C 3202F3          13      LD  (FNAME+1),A
000C4F 4C4F 3E20             7      LD  A,020H
       4C51                     FILE12:
000C51 4C51 FE2A             7      CP  '*'
000C53 4C53 280A            12      JR  Z,FILE10
000C55 4C55 77               7      LD  (HL),A
000C56 4C56 23               6      INC HL
000C57 4C57 10E8            13      DJNZ    FILE4L
000C59 4C59 C9              10      RET
                                
       4C5A                     FILE9:              ;名前の*処理、名前の残りを?で埋める
000C5A 4C5A CD5F4C          17      CALL    FILE10
000C5D 4C5D 18D5            12      JR  FILE3
                                
       4C5F                     FILE10:
000C5F 4C5F 3E3F             7      LD  A,'?'
000C61 4C61 1808            12      JR  FILL_MEMORY
       4C63                     FILEI:              ;名前＋拡張子をスペースで初期化
000C63 4C63 3E20             7      LD  A,020H
000C65 4C65 01000B          10      LD  BC,11*256   ;C=0にしておく
000C68 4C68 2101F3          10      LD  HL,FNAME
       4C6B                     FILL_MEMORY:            ;HLからBバイトAで埋める
000C6B 4C6B 77               7      LD  (HL),A
000C6C 4C6C 23               6      INC HL
000C6D 4C6D 10FC            13      DJNZ    FILL_MEMORY
000C6F 4C6F C9              10      RET
                                
       4C70                     CCHKF:
000C70 4C70 7B               4      LD  A,E
000C71 4C71 B7               4      OR  A
000C72 4C72 C8              11      RET Z
000C73 4C73 DD7E00          19      LD  A,(IX+0)
000C76 4C76 CD7D4C          17      CALL    CCHK2
000C79 4C79 C8              11      RET Z
000C7A 4C7A C3E44C          10      JP  FKAN
                                
       4C7D                     CCHK2:
000C7D 4C7D 0C               4      INC C
000C7E 4C7E 0D               4      DEC C
000C7F 4C7F C0              11      RET NZ
       4C80                     CCHK3:              ;ZF=1 で使えない文字
000C80 4C80 FE2B             7      CP  '+'
000C82 4C82 C8              11      RET Z
000C83 4C83 FE2C             7      CP  ','
000C85 4C85 C8              11      RET Z
000C86 4C86 FE2F             7      CP  '/'
000C88 4C88 C8              11      RET Z
000C89 4C89 FE3A             7      CP  ':'
000C8B 4C8B C8              11      RET Z
000C8C 4C8C FE3B             7      CP  ';'
000C8E 4C8E C8              11      RET Z
000C8F 4C8F FE3D             7      CP  '='
000C91 4C91 C8              11      RET Z
000C92 4C92 FE5C             7      CP  05CH    ;\
000C94 4C94 C8              11      RET Z
000C95 4C95 E5              11      PUSH    HL
000C96 4C96 2AFBF2          16      LD  HL,(_CHKSP)
000C99 4C99 BD               4      CP  L
000C9A 4C9A E1              10      POP HL
000C9B 4C9B D0              11      RET NC
000C9C 4C9C BF               4      CP  A       ;Z=1
000C9D 4C9D C9              10      RET
                                
       4C9E                     SS1:
000C9E 4C9E 13               6      INC DE
       4C9F                     SPCUT:              ;スペースをカット
000C9F 4C9F 1A               7      LD  A,(DE)
000CA0 4CA0 FE20             7      CP  020H
000CA2 4CA2 28FA            12      JR  Z,SS1
000CA4 4CA4 C9              10      RET
                                
       4CA5                     SCREOF1:
000CA5 4CA5 13               6      INC DE
       4CA6                     SPCUTEX:            ;スペース改行などをカット
000CA6 4CA6 1A               7      LD  A,(DE)
000CA7 4CA7 FE20             7      CP  020H
000CA9 4CA9 28FA            12      JR  Z,SCREOF1
000CAB 4CAB FE0D             7      CP  00DH
000CAD 4CAD 28F6            12      JR  Z,SCREOF1
000CAF 4CAF FE0A             7      CP  00AH
000CB1 4CB1 28F2            12      JR  Z,SCREOF1
000CB3 4CB3 FE1A             7      CP  01AH
000CB5 4CB5 28EE            12      JR  Z,SCREOF1
000CB7 4CB7 C9              10      RET
                                
       4CB8                     GETNUM:
000CB8 4CB8 210000          10      LD  HL,0
       4CBB                     GETNUM1:
000CBB 4CBB 1A               7      LD  A,(DE)
000CBC 4CBC 13               6      INC DE
000CBD 4CBD D630             7      SUB '0'
000CBF 4CBF D8              11      RET C
000CC0 4CC0 FE0A             7      CP  10
000CC2 4CC2 D0              11      RET NC
000CC3 4CC3 4D               4      LD  C,L
000CC4 4CC4 44               4      LD  B,H
000CC5 4CC5 29              11      ADD HL,HL   ;*2
000CC6 4CC6 29              11      ADD HL,HL   ;*4
000CC7 4CC7 09              11      ADD HL,BC   ;*5
000CC8 4CC8 29              11      ADD HL,HL   ;*10
000CC9 4CC9 4F               4      LD  C,A
000CCA 4CCA 0600             7      LD  B,0
000CCC 4CCC 09              11      ADD HL,BC
000CCD 4CCD 18EC            12      JR  GETNUM1
                                
       4CCF                     SEARCH_END:
000CCF 4CCF 7E               7      LD  A,(HL)
       4CD0                     SEARCH_END1:
000CD0 4CD0 23               6      INC HL
000CD1 4CD1 B7               4      OR  A
000CD2 4CD2 C8              11      RET Z
000CD3 4CD3 FE3A             7      CP  ':'
000CD5 4CD5 20F8            12      JR  NZ,SEARCH_END
000CD7 4CD7 7E               7      LD  A,(HL)
000CD8 4CD8 FE3A             7      CP  ':'
000CDA 4CDA 28F4            12      JR  Z,SEARCH_END1
000CDC 4CDC C9              10      RET
                                
       4CDD                     FKANC:
000CDD 4CDD CB41             8      BIT 0,C
000CDF 4CDF CC024D          17      CALL    Z,CAP2
000CE2 4CE2 1803            12      JR  FKANX
       4CE4                     FKAN:           ;漢字チェック
000CE4 4CE4 DD23            10      INC IX
000CE6 4CE6 1D               4      DEC E
       4CE7                     FKANX:
000CE7 4CE7 CB41             8      BIT 0,C
000CE9 4CE9 CB81             8      RES 0,C
000CEB 4CEB C0              11      RET NZ
000CEC 4CEC FE80             7      CP  080H
000CEE 4CEE D8              11      RET C
000CEF 4CEF FEA0             7      CP  0A0H
000CF1 4CF1 3803            12      JR  C,FKAN1
000CF3 4CF3 FEE0             7      CP  0E0H
000CF5 4CF5 D8              11      RET C
       4CF6                     FKAN1:
000CF6 4CF6 0C               4      INC C
000CF7 4CF7 A7               4      AND A
000CF8 4CF8 C9              10      RET
                                
       4CF9                     CAP:
000CF9 4CF9 FE61             7      CP  'a'
000CFB 4CFB D8              11      RET C
000CFC 4CFC FE7B             7      CP  'z'+1
000CFE 4CFE D0              11      RET NC
000CFF 4CFF D620             7      SUB 020H
000D01 4D01 C9              10      RET
       4D02                     CAP2:
000D02 4D02 CDF94C          17      CALL    CAP
       4D05                     CAP3:               ;
000D05 4D05 FE05             7      CP  5
000D07 4D07 2803            12      JR  Z,CAP4
000D09 4D09 FE21             7      CP  021H
000D0B 4D0B C9              10      RET
       4D0C                     CAP4:
000D0C 4D0C 3EE5             7      LD  A,0E5H
000D0E 4D0E C9              10      RET
                                
       4D0F                     ROM_OPEN:
000D0F 4D0F CD1455          17      CALL    GET_DISK_BANK_FDRV
                                
000D12 4D12 CDD74F          17      CALL    GET_DIR_DAT
000D15 4D15 D5              11      PUSH    DE
000D16 4D16 CD834D          17      CALL    FILESE
000D19 4D19 D1              10      POP DE
000D1A 4D1A 300F            12      JR  NC,ROM_OPEN_C
       4D1C                     ROM_OPEN_OK:
000D1C 4D1C 22EFF2          16      LD  (DIRENT1),HL
000D1F 4D1F E5              11      PUSH    HL
000D20 4D20 AF               4      XOR A
000D21 4D21 6F               4      LD  L,A
000D22 4D22 67               4      LD  H,A
000D23 4D23 22CAF2          16      LD  (RR_LOW),HL
000D26 4D26 22CCF2          16      LD  (RR_HIGH),HL
000D29 4D29 E1              10      POP HL
000D2A 4D2A C9              10      RET
                                
       4D2B                     ROM_OPEN_C:         ;#XXXX 形式のサブディスク
000D2B 4D2B 3A01F3          13      LD  A,(FNAME)
000D2E 4D2E FE23             7      CP  '#'
000D30 4D30 37               4      SCF
000D31 4D31 C0              11      RET NZ
000D32 4D32 D5              11      PUSH    DE
000D33 4D33 2100F3          10      LD  HL,FDRV
000D36 4D36 1103FB          10      LD  DE,TMP_DIRENT
000D39 4D39 010C00          10      LD  BC,1+8+3
000D3C 4D3C EDB0                    LDIR
000D3E 4D3E 0614             7      LD  B,32-(1+8+3)
000D40 4D40 CDCB5A          17      CALL    ZERO_MEMORY_DE
000D43 4D43 3E10             7      LD  A,010H          ;ディレクトリ属性
000D45 4D45 320EFB          13      LD  (TMP_DIRENT+0000BH),A   ;属性(アトリビュート)
000D48 4D48 3A02F3          13      LD  A,(FNAME+1)
000D4B 4D4B CD3E5B          17      CALL    HEX
000D4E 4D4E 3830            12      JR  C,POPDE_SCF
000D50 4D50 87               4      ADD A,A
000D51 4D51 87               4      ADD A,A
000D52 4D52 87               4      ADD A,A
000D53 4D53 87               4      ADD A,A
000D54 4D54 5F               4      LD  E,A
000D55 4D55 3A03F3          13      LD  A,(FNAME+2)
000D58 4D58 CD3E5B          17      CALL    HEX
000D5B 4D5B 3823            12      JR  C,POPDE_SCF
000D5D 4D5D B3               4      OR  E
000D5E 4D5E 321EFB          13      LD  (TMP_DIRENT+0001BH),A       ;ファイルの先頭クラスタ
000D61 4D61 3A04F3          13      LD  A,(FNAME+3)
000D64 4D64 CD3E5B          17      CALL    HEX
000D67 4D67 3817            12      JR  C,POPDE_SCF
000D69 4D69 87               4      ADD A,A
000D6A 4D6A 87               4      ADD A,A
000D6B 4D6B 87               4      ADD A,A
000D6C 4D6C 87               4      ADD A,A
000D6D 4D6D 5F               4      LD  E,A
000D6E 4D6E 3A05F3          13      LD  A,(FNAME+4)
000D71 4D71 CD3E5B          17      CALL    HEX
000D74 4D74 380A            12      JR  C,POPDE_SCF
000D76 4D76 B3               4      OR  E
000D77 4D77 321DFB          13      LD  (TMP_DIRENT+0001AH),A       ;ファイルの先頭クラスタ
000D7A 4D7A D1              10      POP DE
000D7B 4D7B 2103FB          10      LD  HL,TMP_DIRENT
000D7E 4D7E 189C            12      JR  ROM_OPEN_OK
       4D80                     POPDE_SCF:
000D80 4D80 D1              10      POP DE
000D81 4D81 37               4      SCF
000D82 4D82 C9              10      RET
                                
       4D83                     FILESE:
       4D83                     FILESE0:
                                #if exists USE_NORMAL32K_OR_ASCII16
                                    CALL    RDSLT_ROM
                                #else
000D83 4D83 7E               7      LD  A,(HL)
                                #endif
000D84 4D84 B7               4      OR  A
000D85 4D85 C8              11      RET Z       ;END:ZF=1 CF=0
000D86 4D86 FEE5             7      CP  0E5H
000D88 4D88 280D            12      JR  Z,FILESE1
000D8A 4D8A 1101F3          10      LD  DE,FNAME
000D8D 4D8D E5              11      PUSH    HL
000D8E 4D8E CDD74D          17      CALL    CPFILE
000D91 4D91 CCF84D          17      CALL    Z,CPFILE2
000D94 4D94 E1              10      POP HL
000D95 4D95 37               4      SCF
000D96 4D96 C8              11      RET Z       ;!!!:(ZF=1) CF=1
       4D97                     FILESE1:
000D97 4D97 FD3418          23      INC (IY+24)         ;スキップしたエントリの分だけ呼び出し元の
                                                    ;検索位置カウンタ(FCB+24)を進めておく
                                                    ;(マッチした分はS12X1側でさらに+1する)
000D9A 4D9A CDA24D          17      CALL    FNEXT
000D9D 4D9D 20E4            12      JR  NZ,FILESE0
000D9F 4D9F F6FF             7      OR  0FFH        ;ZF=0 CF=0
000DA1 4DA1 C9              10      RET
                                
       4DA2                     FNEXT:
000DA2 4DA2 112000          10      LD  DE,020H
000DA5 4DA5 19              11      ADD HL,DE
000DA6 4DA6 ED5BF9F2        20      LD  DE,(_CDX)
000DAA 4DAA 7A               4      LD  A,D
000DAB 4DAB B3               4      OR  E
000DAC 4DAC 2019            12      JR  NZ,FNEXT_SUBDIR
000DAE 4DAE 0D               4      DEC C
                                #if exists USE_NORMAL32K_OR_ASCII16
                                #else
       4DAF                     CHECK_DIR_PAGE:         ;ディレクトリが2ページ目に跨るかチェックする
000DAF 4DAF F5              11      PUSH    AF      ;※フラグを保存する必要あり
000DB0 4DB0 CB7C             8      BIT 7,H
000DB2 4DB2 2811            12      JR  Z,CHECK_DIR_PAGE1
000DB4 4DB4 7C               4      LD  A,H
000DB5 4DB5 D620             7      SUB 020H
000DB7 4DB7 67               4      LD  H,A
000DB8 4DB8 3AF1F2          13      LD  A,(_DIR_BANK)
000DBB 4DBB 3C               4      INC A
000DBC 4DBC 320068          13      LD  (BANK1_SEL),A           ;ASCII-8K/Konami-8K
000DBF 4DBF 320070          13      LD  (KONAMI_SCC_BANK1_SEL),A    ;Konami-8K/Konami-SCC
000DC2 4DC2 32F1F2          13      LD  (_DIR_BANK),A
       4DC5                     CHECK_DIR_PAGE1:
000DC5 4DC5 F1              10      POP AF
                                #endif
000DC6 4DC6 C9              10      RET
                                
       4DC7                     FNEXT_SUBDIR:           ;サブディレクトリ
000DC7 4DC7 0D               4      DEC C
000DC8 4DC8 C0              11      RET NZ
                                
000DC9 4DC9 ED5BF9F2        20      LD  DE,(_CDX)
000DCD 4DCD CDFF4E          17      CALL    GNCL
000DD0 4DD0 EB               4      EX  DE,HL
000DD1 4DD1 22F9F2          16      LD  (_CDX),HL
000DD4 4DD4 C31350          10      JP  GET_SUBDIR
                                
       4DD7                     CPFILE:
000DD7 4DD7 C5              11      PUSH    BC
000DD8 4DD8 01000B          10      LD  BC,00B00H
       4DDB                     CPSTR1:
000DDB 4DDB 1A               7      LD  A,(DE)
000DDC 4DDC FE3F             7      CP  '?'     ;Wild card
000DDE 4DDE 2812            12      JR  Z,CPSTR2
                                #if exists USE_NORMAL32K_OR_ASCII16
                                    CALL    RDSLT_ROM
                                #else
000DE0 4DE0 7E               7      LD  A,(HL)
                                #endif
000DE1 4DE1 CDDD4C          17      CALL    FKANC
000DE4 4DE4 E5              11      PUSH    HL
000DE5 4DE5 67               4      LD  H,A
000DE6 4DE6 1A               7      LD  A,(DE)
000DE7 4DE7 CB01             8      RLC C
000DE9 4DE9 CDDD4C          17      CALL    FKANC
000DEC 4DEC CB09             8      RRC C
000DEE 4DEE BC               4      CP  H       ;CP (HL),(DE)
000DEF 4DEF E1              10      POP HL
000DF0 4DF0 2004            12      JR  NZ,CPSTR3
       4DF2                     CPSTR2:
000DF2 4DF2 13               6      INC DE
000DF3 4DF3 23               6      INC HL
000DF4 4DF4 10E5            13      DJNZ    CPSTR1
       4DF6                     CPSTR3:
000DF6 4DF6 C1              10      POP BC
000DF7 4DF7 C9              10      RET
                                
       4DF8                     CPFILE2:
                                #if exists USE_NORMAL32K_OR_ASCII16
                                    CALL    RDSLT_ROM
                                #else
000DF8 4DF8 7E               7      LD  A,(HL)
                                #endif
000DF9 4DF9 E608             7      AND 008H    ;~0F7H
000DFB 4DFB C9              10      RET
                                
       4DFC                     RBX1:
000DFC 4DFC E5              11      PUSH    HL      ;Record byte
                                
000DFD 4DFD ED5BCAF2        20      LD  DE,(RR_LOW) ;CDE=Random record
000E01 4E01 3ACDF2          13      LD  A,(RR_HIGH+1)
000E04 4E04 4F               4      LD  C,A
                                
000E05 4E05 3AF1F2          13      LD  A,(_DIR_BANK)
                                #if exists USE_NORMAL32K_OR_ASCII16
                                    LD  (ASCII16_BANK1_SEL),A       ;ASCII-16K
                                    PUSH    DE
                                    LD  HL,(DIRENT1)
                                    LD  DE,0001CH
                                    ADD HL,DE
                                    CALL    RDSLT_ROM
                                    INC HL
                                    LD  E,A
                                    CALL    RDSLT_ROM
                                    INC HL
                                    LD  D,A
                                    CALL    RDSLT_ROM
                                    EX  DE,HL       ;AHL=File size
                                    POP DE
                                #else
000E08 4E08 320068          13      LD  (BANK1_SEL),A           ;ASCII-8K/Konami-8K
000E0B 4E0B 320070          13      LD  (KONAMI_SCC_BANK1_SEL),A    ;Konami-8K/Konami-SCC
000E0E 4E0E FD2AEFF2        20      LD  IY,(DIRENT1)
000E12 4E12 FD6E1C          19      LD  L,(IY+01CH) ;AHL=File size
000E15 4E15 FD661D          19      LD  H,(IY+01DH)
000E18 4E18 FD7E1E          19      LD  A,(IY+01EH)
                                #endif
                                
000E1B 4E1B A7               4      AND A
000E1C 4E1C ED52            15      SBC HL,DE
000E1E 4E1E 99               4      SBC A,C
000E1F 4E1F D1              10      POP DE
                                
000E20 4E20 D8              11      RET C
000E21 4E21 4F               4      LD  C,A
000E22 4E22 EB               4      EX  DE,HL   ;CDE=File byte  HL=Record byte
000E23 4E23 B2               4      OR  D
000E24 4E24 B3               4      OR  E
000E25 4E25 C0              11      RET NZ
000E26 4E26 37               4      SCF
000E27 4E27 C9              10      RET
                                
       4E28                     RBX2:
000E28 4E28 ED4BCBF2        20      LD  BC,(RR_LOW+1)
000E2C 4E2C CDB04E          17      CALL    RWXR
000E2F 4E2F 3AC7F2          13      LD  A,(CLSZ_H)
000E32 4E32 3D               4      DEC A
000E33 4E33 E5              11      PUSH    HL
000E34 4E34 2ACAF2          16      LD  HL,(RR_LOW)
000E37 4E37 A4               4      AND H
000E38 4E38 B5               4      OR  L
000E39 4E39 E1              10      POP HL
000E3A 4E3A C9              10      RET
                                
       4E3B                     RBXA:
000E3B 4E3B D5              11      PUSH    DE
000E3C 4E3C CD224F          17      CALL    CLUST
000E3F 4E3F ED53D2F2        20      LD  (_DTPS),DE
000E43 4E43 D1              10      POP DE
000E44 4E44 CDFF4E          17      CALL    GNCL
000E47 4E47 D8              11      RET C
000E48 4E48 ED53CEF2        20      LD  (_CLPS),DE
                                
000E4C 4E4C ED4BCAF2        20      LD  BC,(RR_LOW)
000E50 4E50 2AC6F2          16      LD  HL,(CLSZ)
000E53 4E53 7C               4      LD  A,H
000E54 4E54 3D               4      DEC A
000E55 4E55 A0               4      AND B
000E56 4E56 47               4      LD  B,A
000E57 4E57 ED42            15      SBC HL,BC       ;remaining cluster
                                
000E59 4E59 ED5BF3F2        20      LD  DE,(LEFTX)
000E5D 4E5D ED52            15      SBC HL,DE       ;CP HL,DE
000E5F 4E5F 19              11      ADD HL,DE
000E60 4E60 3801            12      JR  C,RBXA1
000E62 4E62 EB               4      EX  DE,HL
       4E63                     RBXA1:
000E63 4E63 3AC4F2          13      LD  A,(_BANK)   ;GNCLでバンクを切り替えたのでデータのあるバンク
                                #if exists USE_NORMAL32K_OR_ASCII16
                                    LD  (ASCII16_BANK1_SEL),A       ;ASCII-16K
                                #else
000E66 4E66 320068          13      LD  (BANK1_SEL),A           ;ASCII-8K/Konami-8K
000E69 4E69 320070          13      LD  (KONAMI_SCC_BANK1_SEL),A    ;Konami-8K/Konami-SCC
                                #endif
000E6C 4E6C E5              11      PUSH    HL
000E6D 4E6D 2AD2F2          16      LD  HL,(_DTPS)
000E70 4E70 09              11      ADD HL,BC
000E71 4E71 ED5BE7F2        20      LD  DE,(DTAX)
000E75 4E75 C1              10      POP BC
000E76 4E76 C9              10      RET
                                
       4E77                     RBXB:
000E77 4E77 2AE7F2          16      LD  HL,(DTAX)
000E7A 4E7A ED5BCEF2        20      LD  DE,(_CLPS)
000E7E 4E7E 3AF4F2          13      LD  A,(LEFTX+1)
000E81 4E81 47               4      LD  B,A
000E82 4E82 3AC7F2          13      LD  A,(CLSZ_H)  ;1024=4 / 512=2 / 256=1
       4E85                     RBXB1:
000E85 4E85 1F               4      RRA     ;->CF
000E86 4E86 3804            12      JR  C,RBXB2
000E88 4E88 CB38             8      SRL B   ;B=B/2
000E8A 4E8A 18F9            12      JR  RBXB1
       4E8C                     RBXB2:
000E8C 4E8C 78               4      LD  A,B
000E8D 4E8D B7               4      OR  A
000E8E 4E8E C9              10      RET
                                
       4E8F                     RBXC:
000E8F 4E8F ED4BF3F2        20      LD  BC,(LEFTX)
000E93 4E93 3AC7F2          13      LD  A,(CLSZ_H)
000E96 4E96 3D               4      DEC A
000E97 4E97 A0               4      AND B
000E98 4E98 47               4      LD  B,A
000E99 4E99 B1               4      OR  C
000E9A 4E9A C9              10      RET
                                
       4E9B                     RBXEND:
000E9B 4E9B ED5BD0F2        20      LD  DE,(_LEFT)
000E9F 4E9F 2ACAF2          16      LD  HL,(RR_LOW)
000EA2 4EA2 3ACDF2          13      LD  A,(RR_HIGH+1)
000EA5 4EA5 19              11      ADD HL,DE
000EA6 4EA6 CE00             7      ADC A,0
000EA8 4EA8 22CAF2          16      LD  (RR_LOW),HL
000EAB 4EAB 32CDF2          13      LD  (RR_HIGH+1),A
000EAE 4EAE EB               4      EX  DE,HL       ;HL=Read byte
000EAF 4EAF C9              10      RET
                                
       4EB0                     RWXR:
000EB0 4EB0 3AC7F2          13      LD  A,(CLSZ_H)  ;1024=4 / 512=2 / 256=1
       4EB3                     L_RWX:
000EB3 4EB3 1F               4      RRA     ;->CF
000EB4 4EB4 3806            12      JR  C,E_RWX
000EB6 4EB6 CB38             8      SRL B   ;BC=BC/2
000EB8 4EB8 CB19             8      RR  C   ;
000EBA 4EBA 18F7            12      JR  L_RWX
       4EBC                     E_RWX:
000EBC 4EBC 3AF1F2          13      LD  A,(_DIR_BANK)
                                #if exists USE_NORMAL32K_OR_ASCII16
                                    LD  (ASCII16_BANK1_SEL),A       ;ASCII-16K
                                
                                    PUSH    HL
                                    LD  HL,(DIRENT1)
                                    LD  DE,0001AH   ;ファイルの先頭クラスタ
                                    ADD HL,DE
                                    CALL    RDSLT_ROM
                                    INC HL
                                    LD  E,A
                                    CALL    RDSLT_ROM
                                    INC HL
                                    LD  D,A
                                    POP HL
                                #else
000EBF 4EBF 320068          13      LD  (BANK1_SEL),A           ;ASCII-8K/Konami-8K
000EC2 4EC2 320070          13      LD  (KONAMI_SCC_BANK1_SEL),A    ;Konami-8K/Konami-SCC
000EC5 4EC5 FD2AEFF2        20      LD  IY,(DIRENT1)
000EC9 4EC9 FD5E1A          19      LD  E,(IY+01AH) ;ファイルの先頭クラスタ
000ECC 4ECC FD561B          19      LD  D,(IY+01BH)
                                #endif
000ECF 4ECF CD1455          17      CALL    GET_DISK_BANK_FDRV
       4ED2                     RWX1:
000ED2 4ED2 ED53CEF2        20      LD  (_CLPS),DE
000ED6 4ED6 7A               4      LD  A,D
000ED7 4ED7 B3               4      OR  E
000ED8 4ED8 37               4      SCF
000ED9 4ED9 C8              11      RET Z
                                
000EDA 4EDA 78               4      LD  A,B
000EDB 4EDB B1               4      OR  C
000EDC 4EDC C8              11      RET Z
                                
000EDD 4EDD CDFF4E          17      CALL    GNCL
000EE0 4EE0 D8              11      RET C
000EE1 4EE1 0B               6      DEC BC
000EE2 4EE2 CD614F          17      CALL    ENDCL
000EE5 4EE5 38EB            12      JR  C,RWX1
000EE7 4EE7 37               4      SCF
000EE8 4EE8 C9              10      RET
                                
       4EE9                     NCL3:
000EE9 4EE9 CD1455          17      CALL    GET_DISK_BANK_FDRV
000EEC 4EEC 6B               4      LD  L,E
000EED 4EED 62               4      LD  H,D
000EEE 4EEE CB3C             8      SRL H
000EF0 4EF0 CB1D             8      RR  L
000EF2 4EF2 1F               4      RRA
000EF3 4EF3 19              11      ADD HL,DE
000EF4 4EF4 010060          10      LD  BC,BANK1_ADR
000EF7 4EF7 09              11      ADD HL,BC
000EF8 4EF8 ED4BC8F2        20      LD  BC,(SECSZ)
000EFC 4EFC 09              11      ADD HL,BC
000EFD 4EFD 17               4      RLA
000EFE 4EFE C9              10      RET
                                
       4EFF                     GNCL:
000EFF 4EFF 7A               4      LD  A,D
000F00 4F00 B3               4      OR  E
000F01 4F01 37               4      SCF
000F02 4F02 C8              11      RET Z
000F03 4F03 C5              11      PUSH    BC
000F04 4F04 E5              11      PUSH    HL
000F05 4F05 CDE94E          17      CALL    NCL3
000F08 4F08 3809            12      JR  C,GNC1
000F0A 4F0A 5E               7      LD  E,(HL)
000F0B 4F0B 23               6      INC HL
000F0C 4F0C 7E               7      LD  A,(HL)
000F0D 4F0D E60F             7      AND 00FH
000F0F 4F0F 57               4      LD  D,A
000F10 4F10 E1              10      POP HL
000F11 4F11 C1              10      POP BC
000F12 4F12 C9              10      RET
       4F13                     GNC1:
000F13 4F13 7E               7      LD  A,(HL)
000F14 4F14 23               6      INC HL
000F15 4F15 56               7      LD  D,(HL)
000F16 4F16 0604             7      LD  B,4
       4F18                     GNC1L:
000F18 4F18 CB3A             8      SRL D
000F1A 4F1A 1F               4      RRA
000F1B 4F1B 10FB            13      DJNZ    GNC1L
                                
000F1D 4F1D 5F               4      LD  E,A
000F1E 4F1E E1              10      POP HL
000F1F 4F1F C1              10      POP BC
000F20 4F20 A7               4      AND A
000F21 4F21 C9              10      RET
                                
       4F22                     CLUST:
000F22 4F22 EB               4      EX  DE,HL
       4F23                     CLUST_HL:
000F23 4F23 2B               6      DEC HL
000F24 4F24 2B               6      DEC HL
000F25 4F25 C5              11      PUSH    BC
000F26 4F26 3AC7F2          13      LD  A,(CLSZ_H)
000F29 4F29 CD3D55          17      CALL    MUL_AHL
                                
000F2C 4F2C CDF44F          17      CALL    GET_DIR_POS
000F2F 4F2F 4F               4      LD  C,A
000F30 4F30 0600             7      LD  B,0
000F32 4F32 09              11      ADD HL,BC
                                
000F33 4F33 ED4B1160        20      LD  BC,(BANK1_ADR+17)   ;BPB_RootEntCnt
000F37 4F37 CB38             8      SRL B
000F39 4F39 CB19             8      RR  C           ;/2
000F3B 4F3B CB38             8      SRL B
000F3D 4F3D CB19             8      RR  C           ;/4
000F3F 4F3F CB38             8      SRL B
000F41 4F41 CB19             8      RR  C           ;/8
000F43 4F43 09              11      ADD HL,BC
                                #if exists USE_NORMAL32K_OR_ASCII16
                                    LD  A,L
                                    LD  BC,-00020H  ;先頭の8KB部分
                                    ADD HL,BC
                                    JR  NC,CLUST2
                                    LD  C,L     ;C=読み出し元
                                    ADD HL,HL   ;64KB→32KB
                                    ADD HL,HL   ;32KB→16KB バンク切り替えのサイズに合わせる
                                    CALL    GET_DISK_BANK_FDRV
                                    ADD A,H
                                    LD  (ASCII16_BANK1_SEL),A   ;ASCII-16K
                                    LD  (_BANK),A
                                    LD  L,C     ;C=読み出し元
                                    LD  A,03FH      ;セグメントのサイズでフィルタする(16K:3F)
                                    AND L
                                    ADD A,020H
                                #else
000F44 4F44 4D               4      LD  C,L     ;C=読み出し元
000F45 4F45 29              11      ADD HL,HL   ;64KB→32KB
000F46 4F46 29              11      ADD HL,HL   ;32KB→16KB
000F47 4F47 29              11      ADD HL,HL   ;16KB→8KB  バンク切り替えのサイズに合わせる
000F48 4F48 CD1455          17      CALL    GET_DISK_BANK_FDRV
000F4B 4F4B 84               4      ADD A,H
000F4C 4F4C 320068          13      LD  (BANK1_SEL),A           ;ASCII-8K/Konami-8K
000F4F 4F4F 320070          13      LD  (KONAMI_SCC_BANK1_SEL),A    ;Konami-8K/Konami-SCC
000F52 4F52 32C4F2          13      LD  (_BANK),A
000F55 4F55 69               4      LD  L,C     ;C=読み出し元
000F56 4F56 3E1F             7      LD  A,01FH          ;セグメントのサイズでフィルタする(8K:1F)
000F58 4F58 A5               4      AND L
                                #endif
       4F59                     CLUST2:
000F59 4F59 C660             7      ADD A,high BANK1_ADR
000F5B 4F5B 67               4      LD  H,A
000F5C 4F5C 2E00             7      LD  L,0
000F5E 4F5E EB               4      EX  DE,HL
000F5F 4F5F C1              10      POP BC
000F60 4F60 C9              10      RET
                                
       4F61                     ENDCL:
000F61 4F61 7A               4      LD  A,D ;END CLUSTER
000F62 4F62 FE0F             7      CP  00FH    ;FAT12の最大値
000F64 4F64 C0              11      RET NZ
000F65 4F65 7B               4      LD  A,E
000F66 4F66 FEF7             7      CP  0F7H
000F68 4F68 C9              10      RET
                                
       4F69                     RB_READ:
000F69 4F69 AF               4      XOR A   ;HLA = HL*128
000F6A 4F6A CB3C             8      SRL H
000F6C 4F6C CB1D             8      RR  L
000F6E 4F6E 1F               4      RRA
000F6F 4F6F 32CAF2          13      LD  (RR_LOW),A
000F72 4F72 22CBF2          16      LD  (RR_MID),HL
000F75 4F75 218000          10      LD  HL,128
                                
000F78 4F78 CDE54A          17      CALL    ROM_READ
000F7B 4F7B C9              10      RET
                                
       4F7C                     GETSEQ:
000F7C 4F7C FD6E20          19      LD  L,(IY+32)
000F7F 4F7F FD660C          19      LD  H,(IY+12)
                                
000F82 4F82 CB25             8      SLA L
                                
000F84 4F84 CB3C             8      SRL H
000F86 4F86 CB1D             8      RR  L
000F88 4F88 C9              10      RET
                                
       4F89                     SETSEQ:
000F89 4F89 F5              11      PUSH    AF
000F8A 4F8A 3ACAF2          13      LD  A,(RR_LOW)
000F8D 4F8D 2ACBF2          16      LD  HL,(RR_MID)
                                
000F90 4F90 CDA74F          17      CALL    SSQ1
                                
000F93 4F93 29              11      ADD HL,HL
000F94 4F94 CB3D             8      SRL L
000F96 4F96 FD7520          19      LD  (IY+32),L
000F99 4F99 FD740C          19      LD  (IY+12),H
000F9C 4F9C F1              10      POP AF
000F9D 4F9D C9              10      RET
                                
       4F9E                     GETSIZE:
000F9E 4F9E FD7E10          19      LD  A,(IY+16)
000FA1 4FA1 FD6E11          19      LD  L,(IY+17)
000FA4 4FA4 FD6612          19      LD  H,(IY+18)
       4FA7                     SSQ1:
000FA7 4FA7 87               4      ADD A,A
000FA8 4FA8 ED6A            15      ADC HL,HL
000FAA 4FAA B7               4      OR  A
000FAB 4FAB C8              11      RET Z
000FAC 4FAC 23               6      INC HL
000FAD 4FAD C9              10      RET
                                
       4FAE                     SET_FCB:
000FAE 4FAE D5              11      PUSH    DE
000FAF 4FAF FDE1            14      POP IY
000FB1 4FB1 FD7E1C          19      LD  A,(IY+28)
000FB4 4FB4 FEFF             7      CP  0FFH
000FB6 4FB6 201B            12      JR  NZ,POPAF_SCF_FF_RET
000FB8 4FB8 E5              11      PUSH    HL
000FB9 4FB9 FD6E1A          19      LD  L,(IY+26)
000FBC 4FBC FD661B          19      LD  H,(IY+27)
000FBF 4FBF 22CEF2          16      LD  (_CLPS),HL
000FC2 4FC2 FD7E1D          19      LD  A,(IY+29)
000FC5 4FC5 32F1F2          13      LD  (_DIR_BANK),A
000FC8 4FC8 FD6E1E          19      LD  L,(IY+30)
000FCB 4FCB FD661F          19      LD  H,(IY+31)
000FCE 4FCE 22EFF2          16      LD  (DIRENT1),HL
000FD1 4FD1 E1              10      POP HL
000FD2 4FD2 C9              10      RET
                                
       4FD3                     POPAF_SCF_FF_RET:
000FD3 4FD3 F1              10      POP AF
000FD4 4FD4 37               4      SCF
000FD5 4FD5 9F               4      SBC A,A
000FD6 4FD6 C9              10      RET
                                
       4FD7                     GET_DIR_DAT:
000FD7 4FD7 2AF9F2          16      LD  HL,(_CDX)
000FDA 4FDA 7C               4      LD  A,H
000FDB 4FDB B5               4      OR  L
000FDC 4FDC 2035            12      JR  NZ,GET_SUBDIR
000FDE 4FDE CDF44F          17      CALL    GET_DIR_POS
000FE1 4FE1 C660             7      ADD A,high BANK1_ADR
000FE3 4FE3 2E00             7      LD  L,0
000FE5 4FE5 67               4      LD  H,A         ;HL=BANK1_ADR+(BPB_RsvdSecCnt+BPB_FATSz16*BPB_NumFATs)*BPB_BytsPerSec
                                #if exists USE_NORMAL32K_OR_ASCII16
                                #else
000FE6 4FE6 CDAF4D          17      CALL    CHECK_DIR_PAGE
                                #endif
000FE9 4FE9 3AC5F2          13      LD  A,(_BANK1)
000FEC 4FEC 32F1F2          13      LD  (_DIR_BANK),A
                                
000FEF 4FEF 3A1160          13      LD  A,(BANK1_ADR+17)    ;BPB_RootEntCnt
000FF2 4FF2 4F               4      LD  C,A
000FF3 4FF3 C9              10      RET
                                
       4FF4                     GET_DIR_POS:                ;ルートディレクトリ
000FF4 4FF4 CD1455          17      CALL    GET_DISK_BANK_FDRV
000FF7 4FF7 32C5F2          13      LD  (_BANK1),A
000FFA 4FFA 3A1060          13      LD  A,(BANK1_ADR+16)    ;BPB_NumFATs
000FFD 4FFD 47               4      LD  B,A
000FFE 4FFE 3A1660          13      LD  A,(BANK1_ADR+22)    ;BPB_FATSz16
001001 5001 4F               4      LD  C,A
001002 5002 3A0E60          13      LD  A,(BANK1_ADR+14)    ;BPB_RsvdSecCnt
       5005                     GET_DIR_POS1:
001005 5005 81               4      ADD A,C
001006 5006 10FD            13      DJNZ    GET_DIR_POS1
                                
001008 5008 ED4B0B60        20      LD  BC,(BANK1_ADR+11)   ;BPB_BytsPerSec
00100C 500C 37               4      SCF     ;無限ループ回避
       500D                     L_MDP:
00100D 500D CB18             8      RR  B   ;->CF
00100F 500F D8              11      RET C
001010 5010 87               4      ADD A,A
001011 5011 18FA            12      JR  L_MDP
                                
       5013                     GET_SUBDIR:             ;サブディレクトリ
001013 5013 CD234F          17      CALL    CLUST_HL
001016 5016 EB               4      EX  DE,HL
001017 5017 3AC4F2          13      LD  A,(_BANK)
00101A 501A 32F1F2          13      LD  (_DIR_BANK),A
00101D 501D 3AC7F2          13      LD  A,(CLSZ_H)
001020 5020 87               4      ADD A,A     ;*2
001021 5021 87               4      ADD A,A     ;*4
001022 5022 87               4      ADD A,A     ;*8
001023 5023 4F               4      LD  C,A
001024 5024 C9              10      RET
                                
       5025                     STATEMENT:
001025 5025 11CA52          10      LD  DE,STR_CHDIR
001028 5028 CD6352          17      CALL    CPPROCNM
00102B 502B 2812            12      JR  Z,_CHDIR
00102D 502D 11D052          10      LD  DE,STR_CHDRV
001030 5030 CD6352          17      CALL    CPPROCNM
001033 5033 281C            12      JR  Z,_CHDRV
001035 5035 11D652          10      LD  DE,STR_RAMDISK
001038 5038 CD6352          17      CALL    CPPROCNM
00103B 503B 2829            12      JR  Z,_RAMDISK
00103D 503D 37               4      SCF
00103E 503E C9              10      RET
       503F                     _CHDIR:
00103F 503F 7E               7      LD  A,(HL)
001040 5040 FE28             7      CP  '('
001042 5042 37               4      SCF
001043 5043 C0              11      RET NZ
001044 5044 CD8C48          17      CALL    INIT_PARAM
001047 5047 CD864B          17      CALL    FILE_B
00104A 504A CD8D50          17      CALL    ROM_CD
00104D 504D D0              11      RET NC
00104E 504E C33747          10      JP  ERROR_FILE_NOT_FOUND
                                
       5051                     _CHDRV:
001051 5051 7E               7      LD  A,(HL)
001052 5052 FE28             7      CP  '('
001054 5054 37               4      SCF
001055 5055 C0              11      RET NZ
001056 5056 CD8C48          17      CALL    INIT_PARAM
001059 5059 E5              11      PUSH    HL
00105A 505A CD864B          17      CALL    FILE_B
00105D 505D E1              10      POP HL
00105E 505E 23               6      INC HL
00105F 505F 3A00F3          13      LD  A,(FDRV)
001062 5062 3D               4      DEC A
001063 5063 C35A58          10      JP  _SYS0EX1
                                
       5066                     _RAMDISK:
001066 5066 7E               7      LD  A,(HL)
001067 5067 FE28             7      CP  '('
001069 5069 37               4      SCF
00106A 506A C0              11      RET NZ
00106B 506B 23               6      INC HL
00106C 506C DD212F54        14      LD  IX,FRMQNT
001070 5070 CDF844          17      CALL    CALSLT_BIOS
001073 5073 E5              11      PUSH    HL
001074 5074 110F00          10      LD  DE,15       ;切り上げの為
001077 5077 19              11      ADD HL,DE
001078 5078 7D               4      LD  A,L
001079 5079 0604             7      LD  B,4     ;16で割る
       507B                     RAMDISK1:
00107B 507B CB3C             8      SRL H   ;/2
00107D 507D 1F               4      RRA
00107E 507E 10FB            13      DJNZ    RAMDISK1
001080 5080 FEFF             7      CP  0FFH
001082 5082 2001            12      JR  NZ,RAMDISK2
001084 5084 3D               4      DEC A
       5085                     RAMDISK2:
001085 5085 47               4      LD  B,A
001086 5086 CD935A          17      CALL    _SYS68
                                
001089 5089 E1              10      POP HL
00108A 508A 23               6      INC HL
00108B 508B AF               4      XOR A
00108C 508C C9              10      RET
                                
       508D                     ROM_CD:
00108D 508D 3A01F3          13      LD  A,(FNAME)
001090 5090 FE20             7      CP  020H
001092 5092 2822            12      JR  Z,CD1
001094 5094 CD0F4D          17      CALL    ROM_OPEN
001097 5097 D8              11      RET C
                                #if exists USE_NORMAL32K_OR_ASCII16
                                    PUSH    DE
                                    LD  HL,(DIRENT1)
                                    LD  DE,0000BH   ;属性(アトリビュート)
                                    ADD HL,DE
                                    CALL    RDSLT_ROM
                                    POP DE
                                    BIT 4,A     ;ディレクトリ
                                    JP  Z,ERROR_FILE_NOT_FOUND
                                    PUSH    DE
                                    LD  HL,(DIRENT1)
                                    LD  DE,0001AH   ;ファイルの先頭クラスタ
                                    ADD HL,DE
                                    CALL    RDSLT_ROM
                                    INC HL
                                    LD  E,A
                                    CALL    RDSLT_ROM
                                    LD  D,A
                                    EX  DE,HL
                                    POP DE
                                #else
001098 5098 FD2AEFF2        20      LD  IY,(DIRENT1)
00109C 509C FDCB0B66        20      BIT 4,(IY+00BH) ;属性(アトリビュート) ディレクトリ
0010A0 50A0 CA3747          10      JP  Z,ERROR_FILE_NOT_FOUND
0010A3 50A3 FD6E1A          19      LD  L,(IY+01AH) ;ファイルの先頭クラスタ
0010A6 50A6 FD661B          19      LD  H,(IY+01BH)
                                #endif
       50A9                     CD2:
0010A9 50A9 CDE154          17      CALL    SET_CD_FDRV
0010AC 50AC 2AF7F2          16      LD  HL,(PARAM1)
       50AF                     CD_SKIP:
0010AF 50AF 7E               7      LD  A,(HL)
0010B0 50B0 23               6      INC HL
0010B1 50B1 FE21             7      CP  021H
0010B3 50B3 38FA            12      JR  C,CD_SKIP
0010B5 50B5 C9              10      RET
       50B6                     CD1:
0010B6 50B6 2AF9F2          16      LD  HL,(_CDX)
0010B9 50B9 18EE            12      JR  CD2
                                
       50BB                     GET_BASIC_FCB:
0010BB 50BB D5              11      PUSH    DE
0010BC 50BC 23               6      INC HL  ;+1
0010BD 50BD 5E               7      LD  E,(HL)  ;FCB[1]
0010BE 50BE 23               6      INC HL  ;+2
0010BF 50BF 56               7      LD  D,(HL)  ;FCB[2]
0010C0 50C0 23               6      INC HL  ;+3
0010C1 50C1 ED53EFF2        20      LD  (DIRENT1),DE
                                            ;FCB[3] backup char
0010C5 50C5 23               6      INC HL  ;+4
                                            ;FCB[4]
0010C6 50C6 23               6      INC HL  ;+5
0010C7 50C7 7E               7      LD  A,(HL)  ;FCB[5]
0010C8 50C8 23               6      INC HL  ;+6
0010C9 50C9 32F1F2          13      LD  (_DIR_BANK),A
0010CC 50CC 5E               7      LD  E,(HL)  ;FCB[6]
0010CD 50CD 23               6      INC HL  ;+7
0010CE 50CE 56               7      LD  D,(HL)  ;FCB[7]
0010CF 50CF 23               6      INC HL  ;+8
0010D0 50D0 ED53CAF2        20      LD  (RR_LOW),DE
0010D4 50D4 7E               7      LD  A,(HL)  ;FCB[8]
0010D5 50D5 23               6      INC HL  ;+9
0010D6 50D6 32CCF2          13      LD  (RR_HIGH),A
0010D9 50D9 22D4F2          16      LD  (_DTA),HL   ;FCB[9]
0010DC 50DC D1              10      POP DE
0010DD 50DD C9              10      RET
                                
       50DE                     SET_BASIC_FCB:
0010DE 50DE E5              11      PUSH    HL
0010DF 50DF 2A64F8          16      LD  HL,(PTRFIL)
0010E2 50E2 23               6      INC HL  ;+1
0010E3 50E3 D5              11      PUSH    DE
0010E4 50E4 ED5BEFF2        20      LD  DE,(DIRENT1)
0010E8 50E8 73               7      LD  (HL),E  ;FCB[1]
0010E9 50E9 23               6      INC HL  ;+2
0010EA 50EA 72               7      LD  (HL),D  ;FCB[2]
0010EB 50EB 23               6      INC HL  ;+3
0010EC 50EC 77               7      LD  (HL),A  ;FCB[3] backup char ハンドリング必要
0010ED 50ED 23               6      INC HL  ;+4
                                            ;FCB[4] 変更しない
0010EE 50EE 23               6      INC HL  ;+5
0010EF 50EF 3AF1F2          13      LD  A,(_DIR_BANK)
0010F2 50F2 77               7      LD  (HL),A  ;FCB[5]
0010F3 50F3 23               6      INC HL  ;+6
0010F4 50F4 ED5BCAF2        20      LD  DE,(RR_LOW)
0010F8 50F8 73               7      LD  (HL),E  ;FCB[6]
0010F9 50F9 23               6      INC HL  ;+7
0010FA 50FA 72               7      LD  (HL),D  ;FCB[7]
0010FB 50FB 23               6      INC HL  ;+8
0010FC 50FC 3ACCF2          13      LD  A,(RR_HIGH)
0010FF 50FF 77               7      LD  (HL),A  ;FCB[8]
001100 5100 D1              10      POP DE
001101 5101 E1              10      POP HL
001102 5102 C9              10      RET
                                
                                ;--------------------------------------
                                ;FUNC_18:BACKUP
                                ;in
                                ;   C : backup charactor
                                ;   HL: FBC pointer
                                ;out
       5103                     DEVICE_18_BACKUP:
001103 5103 D5              11      PUSH    DE
001104 5104 E5              11      PUSH    HL
001105 5105 110300          10      LD  DE,3
001108 5108 19              11      ADD HL,DE
001109 5109 71               7      LD  (HL),C
00110A 510A E1              10      POP HL
00110B 510B D1              10      POP DE
00110C 510C C9              10      RET
                                
       510D                     DEVICE_CHECK:
00110D 510D 3A8AFD          13      LD  A,(PROCNM+1)
001110 5110 B7               4      OR  A
001111 5111 C8              11      RET Z
001112 5112 11DE52          10      LD  DE,STR_ROM
001115 5115 CD6352          17      CALL    CPPROCNM
001118 5118 2802            12      JR  Z,DEVICE_OK
00111A 511A 37               4      SCF
00111B 511B C9              10      RET
       511C                     DEVICE_OK:
00111C 511C AF               4      XOR A
00111D 511D C9              10      RET
                                
                                ;--------------------------------------
                                ;FUNC_0:open
                                ;in
                                ;   A : 0
                                ;   C : receive buffer size ?
                                ;   E : open mode
                                ;   HL: FCB pointer
                                ;out
                                ;   CF: 0=OK ,1=ERROR
                                ;note:
                                ;
                                ; FCB
                                ; +00: OPEN MODE
                                ; +01: 対象ファイルのディレクトリエントリのアドレスL
                                ; +02: 対象ファイルのディレクトリエントリのアドレスH
                                ; +03: backup charactor buffer
                                ; +04: device ID (FF=CAS,FE=LPT,FD=CRT,FC=?,other=ROM-SLOT)
                                ; +05: 対象ディレクトリのバンク
                                ; +06: ランダムレコードL
                                ; +07: ランダムレコードM
                                ; +08: ランダムレコードH
                                ; +09: バッファ
                                
       511E                     DEVICE_0_OPEN:
00111E 511E 7B               4      LD  A,E
00111F 511F FE02             7      CP  2       ;FOR OUTPUT
001121 5121 281B            12      JR  Z,OPEN2
001123 5123 D5              11      PUSH    DE
001124 5124 E5              11      push    hl
                                ;
001125 5125 3E01             7      LD  A,1     ;ドライブA
001127 5127 3200F3          13      LD  (FDRV),A
00112A 512A 2166F8          10      LD  HL,FILNAM
00112D 512D 1101F3          10      LD  DE,FNAME
001130 5130 010B00          10      LD  BC,8+3
001133 5133 CDA75A          17      CALL    INIT_FILE1
001136 5136 CD0F4D          17      CALL    ROM_OPEN
001139 5139 DA3747          10      JP  C,ERROR_FILE_NOT_FOUND
00113C 513C E1              10      pop hl
00113D 513D D1              10      POP DE
       513E                     OPEN2:
00113E 513E 2264F8          16      ld  (PTRFIL),hl ;ストアしないとエラーになる
001141 5141 73               7      ld  (hl),e  ;FCB[0] ;open type : 合わせないとエラーになる
001142 5142 AF               4      XOR A
001143 5143 32F3F2          13      LD  (LEFTX),A
001146 5146 CDDE50          17      CALL    SET_BASIC_FCB
001149 5149 7B               4      ld  a,e
00114A 514A FE08             7      cp  8
00114C 514C 3F               4      ccf
00114D 514D C9              10      ret
                                
       514E                     DEVICE_2_CLOSE:
00114E 514E AF               4      XOR A
                                ;   LD  (HL),A
00114F 514F 6F               4      LD  L,A
001150 5150 67               4      LD  H,A
001151 5151 2264F8          16      LD  (PTRFIL),HL
001154 5154 C9              10      RET
                                
       5155                     DEVICE_ENTRY:
001155 5155 FE08             7      CP  8
001157 5157 2826            12      JR  Z,DEVICE_8_SIN
001159 5159 3C               4      INC A
00115A 515A 28B1            12      JR  Z,DEVICE_CHECK:
00115C 515C 3D               4      DEC A
00115D 515D 28BF            12      JR  Z,DEVICE_0_OPEN
00115F 515F FE0E             7      CP  14
001161 5161 2851            12      JR  Z,DEVICE_14_EOF
001163 5163 FE04             7      CP  4
001165 5165 2834            12      JR  Z,DEVICE_4_RANDOM
001167 5167 FE0A             7      CP  10
001169 5169 2841            12      JR  Z,DEVICE_10_LOC
00116B 516B FE0C             7      CP  12
00116D 516D 286A            12      JR  Z,DEVICE_12_LOF
00116F 516F FE02             7      CP  2
001171 5171 2890            12      JR  Z,DEVICE_18_BACKUP
001173 5173 FE02             7      CP  2
001175 5175 28D7            12      JR  Z,DEVICE_2_CLOSE
001177 5177 FE06             7      CP  6
001179 5179 2802            12      JR  Z,DEVICE_6_SOUT
00117B 517B 37               4      SCF
00117C 517C C9              10      RET
                                
       517D                     DEVICE_6_SOUT:
00117D 517D AF               4      XOR A
00117E 517E C9              10      RET
                                
       517F                     DEVICE_8_SIN:
00117F 517F CDBB50          17      CALL    GET_BASIC_FCB
001182 5182 210100          10      LD  HL,1
001185 5185 CDE54A          17      CALL    ROM_READ
001188 5188 7C               4      LD  A,H
001189 5189 B5               4      OR  L
00118A 518A 280D            12      JR  Z,CCF_RET
00118C 518C 2AD4F2          16      LD  HL,(_DTA)
00118F 518F 7E               7      LD  A,(HL)
001190 5190 F5              11      PUSH    AF
001191 5191 CDDE50          17      CALL    SET_BASIC_FCB
001194 5194 F1              10      POP AF
001195 5195 FE0A             7      CP  00AH
001197 5197 C8              11      RET Z   ;ZF=separate
                                ;   CP  01AH
                                ;   JR  Z,SCF_RET
001198 5198 37               4      SCF     ;
       5199                     CCF_RET:
001199 5199 3F               4      CCF     ;ZF=0 CF=0にしたい
00119A 519A C9              10      RET
                                
                                ;--------------------------------------
                                ;FUNC_4:RANDOM
                                ;in
                                ;   A : 4
                                ;   unknown
                                ;out
                                ;   unknown
                                ;note:
       519B                     DEVICE_4_RANDOM:
00119B 519B D5              11      PUSH    DE
00119C 519C CDBB50          17      CALL    GET_BASIC_FCB
00119F 519F CDAC52          17      CALL    FRCINT2HL
0011A2 51A2 22CAF2          16      LD  (RR_LOW),HL
0011A5 51A5 AF               4      XOR A
0011A6 51A6 CDDE50          17      CALL    SET_BASIC_FCB
0011A9 51A9 D1              10      POP DE
0011AA 51AA AF               4      XOR A
0011AB 51AB C9              10      RET
                                
                                ;FUNC_10:LOC
                                ;in
                                ;   A : 10
                                ;out
                                ;   DAC    : value of received bytes
                                ;   VALTYP : DAC type
       51AC                     DEVICE_10_LOC:
0011AC 51AC CDBB50          17      CALL    GET_BASIC_FCB
0011AF 51AF 2ACAF2          16      LD  HL,(RR_LOW)
0011B2 51B2 183E            12      JR  RETURN_TYPE8_AHL
                                
                                ;--------------------------------------
                                ;FUNC_14:EOF
                                ;in
                                ;   A : 14
                                ;out
                                ;   DAC    : value of EOF value (EOF=-1)
                                ;   VALTYP : DAC type
       51B4                     DEVICE_14_EOF:
0011B4 51B4 CDBB50          17      CALL    GET_BASIC_FCB
0011B7 51B7 CDFC4D          17      CALL    RBX1
0011BA 51BA 3810            12      JR  C,DEVICE_14_EOF1
0011BC 51BC 210100          10      LD  HL,1
0011BF 51BF CDE54A          17      CALL    ROM_READ
0011C2 51C2 2AD4F2          16      LD  HL,(_DTA)
0011C5 51C5 7E               7      LD  A,(HL)
0011C6 51C6 FE1A             7      CP  01AH
0011C8 51C8 37               4      SCF
0011C9 51C9 2801            12      JR  Z,DEVICE_14_EOF1
0011CB 51CB 3F               4      CCF
       51CC                     DEVICE_14_EOF1:
0011CC 51CC 9F               4      SBC A,A
0011CD 51CD 6F               4      LD  L,A
0011CE 51CE 67               4      LD  H,A
       51CF                     return_type2_hl:
0011CF 51CF 22F8F7          16      ld  (DACDAT),hl
0011D2 51D2 3E02             7      ld  a,2
0011D4 51D4 3263F6          13      ld  (VALTYP),a
0011D7 51D7 A7               4      AND A
0011D8 51D8 C9              10      ret
                                
                                ;--------------------------------------
                                ;FUNC_16:FPOS
                                ;in
                                ;   unknown
                                ;out
                                ;   unknown
                                ;note:
                                ;   illegal function call
                                
                                ;--------------------------------------
                                ;FUNC_12:LOF
                                ;in
                                ;   A : 12
                                ;out
                                ;   DAC    : value of LOC+RSIQLN
                                ;   VALTYP : DAC type
       51D9                     DEVICE_12_LOF:
0011D9 51D9 CDBB50          17      CALL    GET_BASIC_FCB
                                
0011DC 51DC 3AF1F2          13      LD  A,(_DIR_BANK)
                                #if exists USE_NORMAL32K_OR_ASCII16
                                    LD  (ASCII16_BANK1_SEL),A       ;ASCII-16K
                                    PUSH    DE
                                    LD  HL,(DIRENT1)
                                    LD  DE,0001CH
                                    ADD HL,DE
                                    CALL    RDSLT_ROM
                                    INC HL
                                    LD  E,A
                                    CALL    RDSLT_ROM
                                    INC HL
                                    LD  D,A
                                    CALL    RDSLT_ROM
                                    EX  DE,HL       ;AHL=File size
                                    POP DE
                                #else
0011DF 51DF 320068          13      LD  (BANK1_SEL),A           ;ASCII-8K/Konami-8K
0011E2 51E2 320070          13      LD  (KONAMI_SCC_BANK1_SEL),A    ;Konami-8K/Konami-SCC
0011E5 51E5 FD2AEFF2        20      LD  IY,(DIRENT1)
0011E9 51E9 FD6E1C          19      LD  L,(IY+01CH) ;AHL=File size
0011EC 51EC FD661D          19      LD  H,(IY+01DH)
0011EF 51EF FD7E1E          19      LD  A,(IY+01EH)
                                #endif
       51F2                     RETURN_TYPE8_AHL:
0011F2 51F2 B7               4      OR  A
0011F3 51F3 2004            12      JR  NZ,RT8AHL1
0011F5 51F5 CB7C             8      BIT 7,H
0011F7 51F7 28D6            12      JR  Z,return_type2_hl
       51F9                     RT8AHL1:
0011F9 51F9 E5              11      PUSH    HL
0011FA 51FA 29              11      ADD HL,HL
0011FB 51FB 8F               4      ADC A,A
0011FC 51FC 32F8F7          13      LD  (DACDAT),A
0011FF 51FF 3E00             7      LD  A,0
001201 5201 8F               4      ADC A,A
001202 5202 32F9F7          13      LD  (DACDAT+1),A
                                
001205 5205 3E02             7      LD  A,2
001207 5207 3263F6          13      LD  (VALTYP),A
00120A 520A DD213A30        14      LD  IX,FRCDBL
00120E 520E FD2AC0FC        20      LD  IY,(EXPTBL-1)   ;メインROMスロット
001212 5212 CDB0F2          17      CALL    CAL_MP
                                
001215 5215 215B52          10      LD  HL,DBL32768
001218 5218 1147F8          10      LD  DE,ARG
00121B 521B 010800          10      LD  BC,8
00121E 521E EDB0                    LDIR
                                
001220 5220 DD21E627        14      LD  IX,DECMUL
001224 5224 FD2AC0FC        20      LD  IY,(EXPTBL-1)   ;メインROMスロット
001228 5228 CDB0F2          17      CALL    CAL_MP
                                
00122B 522B 21F6F7          10      LD  HL,DAC
00122E 522E 1147F8          10      LD  DE,ARG
001231 5231 010800          10      LD  BC,8
001234 5234 EDB0                    LDIR
                                
001236 5236 E1              10      POP HL
001237 5237 22F8F7          16      LD  (DACDAT),HL
                                
00123A 523A 3E02             7      LD  A,2
00123C 523C 3263F6          13      LD  (VALTYP),A
00123F 523F DD213A30        14      LD  IX,FRCDBL
001243 5243 FD2AC0FC        20      LD  IY,(EXPTBL-1)   ;メインROMスロット
001247 5247 CDB0F2          17      CALL    CAL_MP
                                
00124A 524A DD219A26        14      LD  IX,DECADD
00124E 524E FD2AC0FC        20      LD  IY,(EXPTBL-1)   ;メインROMスロット
001252 5252 CDB0F2          17      CALL    CAL_MP
                                
001255 5255 3E08             7      LD  A,8
001257 5257 3263F6          13      LD  (VALTYP),A
00125A 525A C9              10      RET
                                
       525B                     DBL32768:
00125B 525B 4532768000000000        DB  045H,032H,076H,080H,0,0,0,0
                                
       5263                     CPPROCNM:
001263 5263 E5              11      PUSH    HL
001264 5264 2189FD          10      LD  HL,PROCNM
       5267                     CPPROCNM1:
001267 5267 1A               7      LD  A,(DE)
001268 5268 13               6      INC DE
001269 5269 BE               7      CP  (HL)
00126A 526A 23               6      INC HL
00126B 526B 2003            12      JR  NZ,CPPROCNM2
00126D 526D B7               4      OR  A
00126E 526E 20F7            12      JR  NZ,CPPROCNM1
       5270                     CPPROCNM2:
001270 5270 E1              10      POP HL
001271 5271 C9              10      RET
                                
       5272                     ROM_MKI:
001272 5272 CDAC52          17      CALL    FRCINT2HL
001275 5275 2261F5          16      LD  (BUF+3),HL
001278 5278 3E02             7      LD  A,2     ;返す文字列の長さ
00127A 527A 325EF5          13      LD  (BUF),A
00127D 527D 2161F5          10      LD  HL,BUF+3
001280 5280 225FF5          16      LD  (BUF+1),HL
001283 5283 215EF5          10      LD  HL,BUF
001286 5286 22F8F7          16      LD  (DACDAT),HL
001289 5289 3E03             7      LD  A,3     ;文字列
00128B 528B 3263F6          13      LD  (VALTYP),A
00128E 528E A7               4      AND A
00128F 528F C9              10      RET
                                
       5290                     ROM_CVI:
001290 5290 DD21D067        14      LD  IX,FRESTR
001294 5294 CDF844          17      CALL    CALSLT_BIOS
001297 5297 23               6      INC HL
001298 5298 5E               7      LD  E,(HL)
001299 5299 23               6      INC HL
00129A 529A 56               7      LD  D,(HL)
00129B 529B EB               4      EX  DE,HL
00129C 529C 5E               7      LD  E,(HL)
00129D 529D 23               6      INC HL
00129E 529E 56               7      LD  D,(HL)
00129F 529F EB               4      EX  DE,HL
0012A0 52A0 C3CF51          10      JP  return_type2_hl
                                
       52A3                     ROM_DSKF:
0012A3 52A3 CDAC52          17      CALL    FRCINT2HL
0012A6 52A6 210000          10      LD  HL,0
0012A9 52A9 C3CF51          10      JP  return_type2_hl
                                
                                ;
                                ;   DACの値を整数化してHLで返す
                                ;
       52AC                     FRCINT2HL:
0012AC 52AC DDE5            15      PUSH    IX
0012AE 52AE DD218A2F        14      LD  IX,FRCINT
0012B2 52B2 FD2AC0FC        20      LD  IY,(EXPTBL-1)   ;メインROMスロット
0012B6 52B6 CDB0F2          17      CALL    CAL_MP
0012B9 52B9 DDE1            14      POP IX
0012BB 52BB 2AF8F7          16      LD  HL,(DACDAT)
0012BE 52BE C9              10      RET
                                
       52BF                     WILDCARD:
0012BF 52BF 3F3F3F3F3F3F3F3F        DB  "???????????"
            3F3F3F              
                                
       52CA                     STR_CHDIR:
0012CA 52CA 434844495200            DB  "CHDIR",0
       52D0                     STR_CHDRV:
0012D0 52D0 434844525600            DB  "CHDRV",0
       52D6                     STR_RAMDISK:
0012D6 52D6 52414D4449534B00        DB  "RAMDISK",0
       52DE                     STR_ROM:
0012DE 52DE 524F4D00                DB  "ROM",0
[EOF:FILE.ASM:UTF_8]
                                    INCLUDE "DISK.ASM"
                                
                                ;   Tablacus DISK ROM - DISK
                                
                                ;   ROM DISK DRIVER
                                ;   1セクタ512
                                
       52E2                     ERROR_WRITE_PROTECTED:
0012E2 52E2 3E00             7      LD  A,0     ;Write protected
0012E4 52E4 C9              10      RET
       52E5                     ERROR_NOT_READY:
0012E5 52E5 F1              10      POP AF
0012E6 52E6 37               4      SCF
0012E7 52E7 3E02             7      LD  A,2     ;Not ready
0012E9 52E9 C9              10      RET
       52EA                     DISKIO:
0012EA 52EA 38F6            12      JR  C,ERROR_WRITE_PROTECTED
0012EC 52EC 48               4      LD  C,B
0012ED 52ED CD1755          17      CALL    GET_DISK_BANK
0012F0 52F0 F5              11      PUSH    AF
0012F1 52F1 3AC9F2          13      LD  A,(SECSZ_H)
0012F4 52F4 B7               4      OR  A
0012F5 52F5 28EE            12      JR  Z,ERROR_NOT_READY
0012F7 52F7 F1              10      POP AF
       52F8                     SETMAP1:
0012F8 52F8 E5              11      PUSH    HL
       52F9                     DISKIO1:
0012F9 52F9 C5              11      PUSH    BC      ;B=残りのセクタ数
0012FA 52FA D5              11      PUSH    DE      ;DE=セクタ番号
0012FB 52FB F5              11      PUSH    AF      ;A=8KB単位でカートリッジ内のディスクが存在する位置を指定
                                
0012FC 52FC EB               4      EX  DE,HL       ;DE=受け取る読み出し先のメモリアドレス HL=セクタ番号
0012FD 52FD F5              11      PUSH    AF
0012FE 52FE 3AC9F2          13      LD  A,(SECSZ_H)
001301 5301 CD3D55          17      CALL    MUL_AHL
001304 5304 F1              10      POP AF
                                #if exists USE_NORMAL32K_OR_ASCII16
                                    LD  A,L
                                    PUSH    BC
                                    LD  BC,-00020H  ;先頭の8KB部分
                                    ADD HL,BC
                                    POP BC
                                    JR  NC,DISKIO2
                                    LD  C,L     ;C=読み出し元
                                    ADD HL,HL   ;64KB→32KB
                                    ADD HL,HL   ;32KB→16KB バンク切り替えのサイズに合わせる
                                    CALL    GET_DISK_BANK_FDRV
                                    ADD A,H
                                    LD  (ASCII16_BANK1_SEL),A   ;ASCII-16K
                                    LD  (_BANK),A
                                    LD  L,C     ;C=読み出し元
                                    LD  A,03FH      ;セグメントのサイズでフィルタする(16K:3F)
                                    AND L
                                    ADD A,020H
                                #else
001305 5305 4D               4      LD  C,L     ;C=読み出し元
001306 5306 29              11      ADD HL,HL       ;64KB→32KB
001307 5307 29              11      ADD HL,HL       ;32KB→16KB
001308 5308 29              11      ADD HL,HL       ;16KB→8KB  バンク切り替えのサイズに合わせる
001309 5309 84               4      ADD A,H
00130A 530A 320068          13      LD  (BANK1_SEL),A           ;ASCII-8K/Konami-8K
00130D 530D 320070          13      LD  (KONAMI_SCC_BANK1_SEL),A    ;Konami-8K/Konami-SCC
001310 5310 32C4F2          13      LD  (_BANK),A
001313 5313 79               4      LD  A,C     ;C=読み出し元
001314 5314 E61F             7      AND 01FH        ;セグメントのサイズでフィルタする(8K:1F)
                                #endif
       5316                     DISKIO2:
001316 5316 C660             7      ADD A,high BANK1_ADR
001318 5318 67               4      LD  H,A
001319 5319 ED4BC8F2        20      LD  BC,(SECSZ)  ;BCは読み出すセクタサイズ
00131D 531D 69               4      LD  L,C     ;C=0
00131E 531E CD3D45          17      CALL    ROM_LDIR
001321 5321 EB               4      EX  DE,HL
001322 5322 F1              10      POP AF
001323 5323 D1              10      POP DE
001324 5324 13               6      INC DE
001325 5325 C1              10      POP BC
001326 5326 10D1            13      DJNZ    DISKIO1
001328 5328 41               4      LD  B,C
                                
001329 5329 E1              10      POP HL
00132A 532A AF               4      XOR A
00132B 532B C9              10      RET
                                
       532C                     DSKCHG:
00132C 532C CD6553          17      CALL    IS_BPB
00132F 532F 3824            12      JR  C,NOTREADY
001331 5331 3A23FB          13      LD  A,(DRVTBL+2)
001334 5334 B7               4      OR  A
001335 5335 201A            12      JR  NZ,DSKCHG1
001337 5337 3A21FB          13      LD  A,(DRVTBL)
00133A 533A FE02             7      CP  2
00133C 533C 2013            12      JR  NZ,DSKCHG1
00133E 533E CD6553          17      CALL    IS_BPB
001341 5341 300E            12      JR  NC,DSKCHG1
001343 5343 3E01             7      LD  A,1         ;ドライブテーブルを拡張 A:Tablacus DISK ROM B:MASTER SLOT ROM
001345 5345 3221FB          13      LD  (DRVTBL),A
001348 5348 3223FB          13      LD  (DRVTBL+2),A
00134B 534B 3A48F3          13      LD  A,(MASTERS)
00134E 534E 3224FB          13      LD  (DRVTBL+3),A
       5351                     DSKCHG1:
001351 5351 AF               4      XOR A
001352 5352 0601             7      LD  B,1
001354 5354 C9              10      RET
       5355                     NOTREADY:
001355 5355 3E02             7      LD  A,2
001357 5357 37               4      SCF
001358 5358 C9              10      RET
                                
       5359                     NO_BPB:
001359 5359 E1              10      POP HL
00135A 535A 23               6      INC HL
00135B 535B 114355          10      LD  DE,DPB2DD
00135E 535E 011200          10      LD  BC,DPB2DD_E-DPB2DD
001361 5361 EDB0                    LDIR
001363 5363 AF               4      XOR A
001364 5364 C9              10      RET
                                
       5365                     IS_BPB:
                                ; in
                                ; A=DRIVE 0:A 1:B
                                ; out
                                ; CF=0ディスクは存在する CF=1 ディスクは存在しない
001365 5365 CD1755          17      CALL    GET_DISK_BANK
                                
001368 5368 3A1560          13      LD  A,(BANK1_ADR+21)    ;BPB_Media
00136B 536B FE01             7      CP  1
00136D 536D D8              11      RET C
                                
00136E 536E 3A0B60          13      LD  A,(BANK1_ADR+11)    ;BPB_BytsPerSec
001371 5371 C6FF             7      ADD A,0FFH
001373 5373 D8              11      RET C
                                
001374 5374 3A0C60          13      LD  A,(BANK1_ADR+12)    ;BPB_BytsPerSec
       5377                     IS_BPB1:
001377 5377 FE01             7      CP  1
001379 5379 C8              11      RET Z
00137A 537A FE02             7      CP  2
00137C 537C C8              11      RET Z
00137D 537D FE04             7      CP  4
00137F 537F C8              11      RET Z
001380 5380 37               4      SCF
001381 5381 C9              10      RET
                                
       5382                     GETDPB:
001382 5382 E5              11      PUSH    HL
001383 5383 CD1755          17      CALL    GET_DISK_BANK
                                
001386 5386 3A1560          13      LD  A,(BANK1_ADR+21)    ;BPB_Media
001389 5389 B7               4      OR  A
00138A 538A 28CD            12      JR  Z,NO_BPB
00138C 538C DDE1            14      POP IX
00138E 538E DD7701          19      LD  (IX+1),A        ;MEDIA
                                
001391 5391 3A0B60          13      LD  A,(BANK1_ADR+11)    ;BPB_BytsPerSec
001394 5394 DD7702          19      LD  (IX+2),A        ;SECSIZ LOW
                                
001397 5397 3A0C60          13      LD  A,(BANK1_ADR+12)    ;BPB_BytsPerSec
00139A 539A DD7703          19      LD  (IX+3),A        ;SECSIZ HIGH
                                
00139D 539D 87               4      ADD A,A
00139E 539E 87               4      ADD A,A
00139F 539F 87               4      ADD A,A
0013A0 53A0 3D               4      DEC A
0013A1 53A1 DD7704          19      LD  (IX+4),A        ;DIRMSK
                                
0013A4 53A4 06FF             7      LD  B,-1
0013A6 53A6 A7               4      AND A           ;無限ループ阻止
       53A7                     GETDPB1:
0013A7 53A7 04               4      INC B
0013A8 53A8 1F               4      RRA
0013A9 53A9 38FC            12      JR  C,GETDPB1
0013AB 53AB DD7005          19      LD  (IX+5),B        ;DIRSHFT
                                
0013AE 53AE 3A0D60          13      LD  A,(BANK1_ADR+13)    ;BPB_SecPerClus
0013B1 53B1 3D               4      DEC A
0013B2 53B2 DD7706          19      LD  (IX+6),A        ;CLUSMSK
                                
0013B5 53B5 A7               4      AND A           ;無限ループ阻止
0013B6 53B6 06FF             7      LD  B,-1
       53B8                     GETDPB2:
0013B8 53B8 04               4      INC B
0013B9 53B9 1F               4      RRA
0013BA 53BA 38FC            12      JR  C,GETDPB2
0013BC 53BC 04               4      INC B
0013BD 53BD DD7007          19      LD  (IX+7),B        ;CLUSSHFT
                                
0013C0 53C0 2A0E60          16      LD  HL,(BANK1_ADR+14)   ;BPB_RsvdSecCnt
0013C3 53C3 DD7508          19      LD  (IX+8),L        ;FIRFAT LOW
0013C6 53C6 DD7409          19      LD  (IX+9),H        ;FIRFAT HIGH
                                
0013C9 53C9 3A1060          13      LD  A,(BANK1_ADR+16)    ;BPB_NumFATs
0013CC 53CC DD770A          19      LD  (IX+10),A       ;FATCNT
                                
0013CF 53CF 3A1160          13      LD  A,(BANK1_ADR+17)    ;BPB_RootEntCnt
0013D2 53D2 DD770B          19      LD  (IX+11),A       ;MAXENT
                                
0013D5 53D5 ED5B1660        20      LD  DE,(BANK1_ADR+22)   ;BPB_FATSz16
0013D9 53D9 DD7310          19      LD  (IX+16),E       ;FATSIZ
                                
0013DC 53DC DD460A          19      LD  B,(IX+10)       ;FATCNT
0013DF 53DF 210000          10      LD  HL,0
       53E2                     GETDPB3:
0013E2 53E2 19              11      ADD HL,DE
0013E3 53E3 10FD            13      DJNZ    GETDPB3
       53E5                     GETDPB4:
0013E5 53E5 DD5E08          19      LD  E,(IX+8)        ;FIRFAT
0013E8 53E8 DD5609          19      LD  D,(IX+9)        ;FIRFAT
0013EB 53EB 19              11      ADD HL,DE
0013EC 53EC DD7511          19      LD  (IX+17),L       ;FIRDIR
0013EF 53EF DD7412          19      LD  (IX+18),H       ;FIRDIR
                                
0013F2 53F2 DD7E03          19      LD  A,(IX+3)        ;SECSIZ HIGH
0013F5 53F5 87               4      ADD A,A
0013F6 53F6 87               4      ADD A,A
0013F7 53F7 DD5E0B          19      LD  E,(IX+11)       ;MAXENT
       53FA                     GETDPB5:
0013FA 53FA CB3B             8      SRL E
0013FC 53FC 1F               4      RRA
0013FD 53FD 30FB            12      JR  NC,GETDPB5
0013FF 53FF 1600             7      LD  D,0
001401 5401 19              11      ADD HL,DE
001402 5402 DD750C          19      LD  (IX+12),L       ;FIRREC
001405 5405 DD740D          19      LD  (IX+13),H       ;FIRREC
                                
001408 5408 2A1360          16      LD  HL,(BANK1_ADR+19)   ;BPB_TotSec16
                                
00140B 540B DD5E0C          19      LD  E,(IX+12)       ;FIRREC
00140E 540E DD560D          19      LD  D,(IX+13)       ;FIRREC
001411 5411 A7               4      AND A
001412 5412 ED52            15      SBC HL,DE
                                
001414 5414 DD7E06          19      LD  A,(IX+6)        ;CLUSMSK
001417 5417 3C               4      INC A
001418 5418 37               4      SCF             ;無限ループ阻止
       5419                     GETDPB6:
001419 5419 1F               4      RRA
00141A 541A 3806            12      JR  C,GETDPB7
00141C 541C CB3C             8      SRL H
00141E 541E CB1D             8      RR  L
001420 5420 18F7            12      JR  GETDPB6
       5422                     GETDPB7:
001422 5422 23               6      INC HL
001423 5423 DD750E          19      LD  (IX+14),L       ;MAXCLUS
001426 5426 DD740F          19      LD  (IX+15),H       ;MAXCLUS
                                
                                    ;1セクタが512バイト以上の場合を考慮(2HD/1セクタ1024バイト/1.23MB等)
       5429                     GETDPBD1:
001429 5429 DD7E03          19      LD  A,(IX+3)        ;SECSIZ HIGH
00142C 542C E6FC             7      AND 0FCH
00142E 542E C8              11      RET Z
                                
00142F 542F DDCB033E        23      SRL (IX+3)          ;SECSIZ HIGH
                                
001433 5433 37               4      SCF
001434 5434 DDCB0616        23      RL  (IX+6)          ;CLUSMSK
                                
001438 5438 DD3407          23      INC (IX+7)          ;CLUSSHFT
                                
00143B 543B DDCB0826        23      SLA (IX+8)          ;FIRFAT LOW
00143F 543F DDCB0916        23      RL  (IX+9)          ;FIRFAT HIGH
                                
001443 5443 DDCB0E25        23      SLA (IX+14),L       ;MAXCLUS
001447 5447 DDCB0F14        23      RL  (IX+15),H       ;MAXCLUS
                                
00144B 544B DDCB1026        23      SLA (IX+16)         ;FATSIZ
                                
00144F 544F DDCB1126        23      SLA (IX+17)         ;FIRDIR
001453 5453 DDCB1216        23      RL  (IX+18)         ;FIRDIR
                                
001457 5457 DD6E11          19      LD  L,(IX+17)       ;FIRDIR
00145A 545A DD6612          19      LD  H,(IX+18)       ;FIRDIR
                                
00145D 545D DD7E03          19      LD  A,(IX+3)        ;SECSIZ HIGH
001460 5460 87               4      ADD A,A
001461 5461 87               4      ADD A,A
001462 5462 DD5E0B          19      LD  E,(IX+11)       ;MAXENT
       5465                     GETDPBD5:
001465 5465 CB3B             8      SRL E
001467 5467 1F               4      RRA
001468 5468 30FB            12      JR  NC,GETDPBD5
00146A 546A 1600             7      LD  D,0
00146C 546C 19              11      ADD HL,DE
00146D 546D DD750C          19      LD  (IX+12),L       ;FIRREC
001470 5470 DD740D          19      LD  (IX+13),H       ;FIRREC
                                
001473 5473 18B4            12      JR  GETDPBD1
                                
       5475                     CHOICE:
001475 5475 210000          10      LD  HL,0
001478 5478 C9              10      RET
                                
       5479                     DSKFMT:
001479 5479 AF               4      XOR A
00147A 547A 37               4      SCF
       547B                     DSKSTP:
00147B 547B C9              10      RET
                                
       547C                     BASENT:
00147C 547C 3E                      DB  03EH
00147D 547D F7              12      RST 30H
00147E 547E 32DBFD          13      LD  (H_PINL),A
001481 5481 3A48F3          13      LD  A,(MASTERS)
001484 5484 32DCFD          13      LD  (H_PINL+1),A
001487 5487 219D54          10      LD  HL,BOOT_BASIC
00148A 548A 22DDFD          16      LD  (H_PINL+2),HL
00148D 548D 3E                      DB  03EH
00148E 548E C9              10      RET
00148F 548F 32DFFD          13      LD  (H_PINL+4),A
                                
                                #if exists _RAM64K
                                    LD  A,(EXPTBL)  ;メインROMに切り替える
                                    CALL    ENASLT_00H
                                #endif
                                    ;BASICを起動する
001492 5492 FD2AC0FC        20      LD  IY,(EXPTBL-1) ;メインROMスロット
001496 5496 DD21177D        14      LD  IX,ST_BAS   ;continue start of MSX-BASIC without executing BASIC programs in ROM
00149A 549A C35901          10      JP  CALBAS
                                
       549D                     BOOT_BASIC:
00149D 549D 3E                      DB  03EH
00149E 549E C9              10      RET
00149F 549F 32DBFD          13      LD  (H_PINL),A
                                
0014A2 54A2 2A74F6          16      LD  HL,(STKTOP)
0014A5 54A5 3A40F3          13      LD  A,(REBOOT)
0014A8 54A8 C6FF             7      ADD A,0FFH
0014AA 54AA 3811            12      JR  C,REBOOT1
0014AC 54AC 215555          10      LD  HL,AUTOEXEC
0014AF 54AF 1100F3          10      LD  DE,FDRV
0014B2 54B2 010C00          10      LD  BC,1+8+3
0014B5 54B5 EDB0                    LDIR
0014B7 54B7 CD0F4D          17      CALL    ROM_OPEN
0014BA 54BA D48146          17      CALL    NC,ROM_LOAD1
       54BD                     REBOOT1:
0014BD 54BD 216C55          10      LD  HL,DELOK
0014C0 54C0 CD0545          17      CALL    MSX
0014C3 54C3 216155          10      LD  HL,CMD_RUN
0014C6 54C6 111FF4          10      LD  DE,KBUF
0014C9 54C9 010B00          10      LD  BC,CMD_RUN_E-CMD_RUN
0014CC 54CC D5              11      PUSH    DE
0014CD 54CD EDB0                    LDIR
0014CF 54CF 3004            12      JR  NC,REBOOT2
0014D1 54D1 AF               4      XOR A
0014D2 54D2 3227F4          13      LD  (KBUF+CMD_CLEAR_E-CMD_RUN),A
       54D5                     REBOOT2:
0014D5 54D5 E1              10      POP HL
0014D6 54D6 DD210146        14      LD  IX,NEWSTT
0014DA 54DA C3F844          10      JP  CALSLT_BIOS
                                
       54DD                     GETSLT:
0014DD 54DD 3A22FB          13      LD  A,(DRVTBL+1)
0014E0 54E0 C9              10      RET
                                
       54E1                     SET_CD_FDRV:
0014E1 54E1 3A00F3          13      LD  A,(FDRV)
0014E4 54E4 CD0355          17      CALL    GET_DRIVE
0014E7 54E7 FE01             7      CP  1
0014E9 54E9 2804            12      JR  Z,SET_CD_B
0014EB 54EB 22EBF2          16      LD  (_CD_A),HL
0014EE 54EE C9              10      RET
       54EF                     SET_CD_B:
0014EF 54EF 22EDF2          16      LD  (_CD_B),HL
0014F2 54F2 C9              10      RET
                                
       54F3                     GET_CD_CDRV:
0014F3 54F3 CD0355          17      CALL    GET_DRIVE
       54F6                     GET_CD:
0014F6 54F6 FE01             7      CP  1
0014F8 54F8 2AEBF2          16      LD  HL,(_CD_A)
0014FB 54FB C0              11      RET NZ
0014FC 54FC 2AEDF2          16      LD  HL,(_CD_B)
0014FF 54FF C9              10      RET
                                
       5500                     GET_DRIVE_FDRV:
001500 5500 3A00F3          13      LD  A,(FDRV)
       5503                     GET_DRIVE:
001503 5503 D601             7      SUB 1
001505 5505 D0              11      RET NC
001506 5506 3AEAF2          13      LD  A,(_DVSW)
001509 5509 C9              10      RET
                                
       550A                     GET_DISK_BANK_H:
00150A 550A 3AF2F2          13      LD  A,(_LVECTOR)
00150D 550D E680             7      AND 080H
00150F 550F 87               4      ADD A,A
001510 5510 380A            12      JR  C,SET_DISK_BANK_A
001512 5512 180F            12      JR  SET_DISK_BANK
       5514                     GET_DISK_BANK_FDRV:
001514 5514 CD0055          17      CALL    GET_DRIVE_FDRV
       5517                     GET_DISK_BANK:
001517 5517 FE07             7      CP  7       ;H:
001519 5519 28EF            12      JR  Z,GET_DISK_BANK_H
00151B 551B B7               4      OR  A       ;A=DRIVE
       551C                     SET_DISK_BANK_A:
00151C 551C 3E01             7      LD  A,DISK_BANK
00151E 551E 2803            12      JR  Z,SET_DISK_BANK
                                #if exists FIX_DRIVE
                                    LD  A,FIX_DRIVE
                                #else
001520 5520 3AE9F2          13      LD  A,(B_DRIVE)
                                #endif
       5523                     SET_DISK_BANK:
                                #if exists USE_NORMAL32K_OR_ASCII16
                                    LD  (ASCII16_BANK1_SEL),A       ;ASCII-16K
                                #else
001523 5523 320068          13      LD  (BANK1_SEL),A           ;ASCII-8K/Konami-8K
001526 5526 320070          13      LD  (KONAMI_SCC_BANK1_SEL),A    ;Konami-8K/Konami-SCC
                                #endif
001529 5529 F5              11      PUSH    AF
00152A 552A E5              11      PUSH    HL
00152B 552B 2A0B60          16      LD  HL,(BANK1_ADR+11)   ;BPB_BytsPerSec
00152E 552E 22C8F2          16      LD  (SECSZ),HL
001531 5531 3A0D60          13      LD  A,(BANK1_ADR+13)    ;BPB_SecPerClus
001534 5534 CD3D55          17      CALL    MUL_AHL
001537 5537 22C6F2          16      LD  (CLSZ),HL
00153A 553A E1              10      POP HL
00153B 553B F1              10      POP AF
00153C 553C C9              10      RET
                                
                                ;   HL = HL * A ただし、A=1,2,4,8,16,32,64,128(2のべき乗に限る)0の場合は256倍
       553D                     MUL_AHL:
00153D 553D 37               4      SCF     ;無限ループ回避
       553E                     MUL_AHL1:
00153E 553E 1F               4      RRA     ;->CF
00153F 553F D8              11      RET C
001540 5540 29              11      ADD HL,HL
001541 5541 18FB            12      JR  MUL_AHL1
                                
       5543                     DPB2DD:
001543 5543 F9                      DB  0F9H    ;MEDIA
001544 5544 0002                    DW  00200H  ;SECSIZ
001546 5546 0F                      DB  00FH    ;DIRMSK
001547 5547 04                      DB  004H    ;DIRSHFT
001548 5548 01                      DB  001H    ;CLUSMSK
001549 5549 02                      DB  002H    ;CLUSSHFT
00154A 554A 0100                    DW  00001H  ;FIRFAT
00154C 554C 02                      DB  002H    ;FATCNT
00154D 554D 70                      DB  070H    ;MAXENT
00154E 554E 0E00                    DW  0000EH  ;FIRREC
001550 5550 CA02                    DW  002CAH  ;MAXCLUS
001552 5552 03                      DB  003H    ;FATSIZ
001553 5553 0700                    DW  0007H   ;FIRDIR
       5555                     DPB2DD_E:
                                
       5555                     AUTOEXEC:
001555 5555 004155544F455845        DB  0,"AUTOEXECBAS"
            43424153            
       5561                     CMD_RUN:
001561 5561 3A920FC82C0C            DB  03AH,092H,00FH,200,',',00CH ;CLEAR200,&HF280
001567 5567 80F2                    DW  NEW_HIMEM
       5569                     CMD_CLEAR_E:
001569 5569 3A8A00                  DB  03AH,08AH,0         ;RUN
       556C                     CMD_RUN_E:
       556C                     DELOK:
00156C 556C 1E1B4B00                DB  01EH,01BH,'K',0
[EOF:DISK.ASM:UTF_8]
                                    INCLUDE "BDOS.ASM"
       5570                     _ERROR:
001570 5570 AF               4      XOR A
001571 5571 47               4      LD  B,A
001572 5572 C9              10      RET
                                
       5573                     ROM_BDOS:
001573 5573 E5              11      PUSH    HL
001574 5574 79               4      LD  A,C
001575 5575 87               4      ADD A,A
001576 5576 38F8            12      JR  C,_ERROR
001578 5578 6F               4      LD  L,A
001579 5579 2642             7      LD  H,high STABLE
00157B 557B 7E               7      LD  A,(HL)
00157C 557C 2C               4      INC L
00157D 557D 66               7      LD  H,(HL)
00157E 557E 6F               4      LD  L,A
00157F 557F E3              19      EX  (SP),HL
001580 5580 79               4      LD  A,C
001581 5581 C9              10      RET
                                
       5582                     _PRINT:
       5582                     PRINT:
001582 5582 7B               4      LD  A,E
001583 5583 1803            12      JR  MSG_A
                                
       5585                     _SYS01:     ;(BDOS)コンソール入力
001585 5585 CD0A56          17      CALL    _SYS07
       5588                     MSG_A:
001588 5588 FE03             7      CP  3
00158A 558A 2814            12      JR  Z,MSG_BR
       558C                     MSGA1:
00158C 558C F5              11      PUSH    AF
00158D 558D C5              11      PUSH    BC
00158E 558E D5              11      PUSH    DE
00158F 558F E5              11      PUSH    HL
001590 5590 DDE5            15      PUSH    IX
001592 5592 DD21A200        14      LD  IX,CHPUT
001596 5596 CDE744          17      CALL    CALSLT_R
001599 5599 DDE1            14      POP IX
00159B 559B E1              10      POP HL
00159C 559C D1              10      POP DE
00159D 559D C1              10      POP BC
       559E                     MSGA2:
00159E 559E F1              10      POP AF
00159F 559F C9              10      RET
       55A0                     MSG_BR:
0015A0 55A0 F5              11      PUSH    AF
0015A1 55A1 3ADDF3          13      LD  A,(CSRX)
0015A4 55A4 FE02             7      CP  2
0015A6 55A6 38F6            12      JR  C,MSGA2
0015A8 55A8 F1              10      POP AF
       55A9                     MSG_CR:
0015A9 55A9 F5              11      PUSH    AF
0015AA 55AA 3E0D             7      LD  A,00DH
0015AC 55AC CD8C55          17      CALL    MSGA1
0015AF 55AF 3E0A             7      LD  A,00AH
0015B1 55B1 CD8C55          17      CALL    MSGA1
0015B4 55B4 F1              10      POP AF
0015B5 55B5 C9              10      RET
                                
       55B6                     _SYS02:     ;(BDOS)コンソール出力
0015B6 55B6 CDD155          17      CALL    BREAK
0015B9 55B9 1805            12      JR  PRINTX
                                
       55BB                     _SYS06:     ;(BDOS)コンソール直接入出力
0015BB 55BB 7B               4      LD  A,E
0015BC 55BC 3C               4      INC A
0015BD 55BD CA5056          10      JP  Z,_INKEY
       55C0                     PRINTX:
0015C0 55C0 C38255          10      JP  _PRINT
                                
       55C3                     _SYS08:     ;(BDOS)エコーなしコンソール入力
0015C3 55C3 CD0A56          17      CALL    _SYS07
0015C6 55C6 FE03             7      CP  3
0015C8 55C8 CCD155          17      CALL    Z,_BREAK
0015CB 55CB FE13             7      CP  013H        ;CTRL+S
0015CD 55CD C0              11      RET NZ
       55CE                     PAUSE:
0015CE 55CE CDE855          17      CALL    KEYBC
                                
       55D1                     _BREAK:
       55D1                     BREAK:
0015D1 55D1 F5              11      PUSH    AF
0015D2 55D2 C5              11      PUSH    BC
0015D3 55D3 D5              11      PUSH    DE
0015D4 55D4 E5              11      PUSH    HL
0015D5 55D5 DDE5            15      PUSH    IX
0015D7 55D7 DD21B700        14      LD  IX,BREAKX
0015DB 55DB CDE744          17      CALL    CALSLT_R
0015DE 55DE DDE1            14      POP IX
0015E0 55E0 E1              10      POP HL
0015E1 55E1 D1              10      POP DE
0015E2 55E2 C1              10      POP BC
0015E3 55E3 DCD155          17      CALL    C,_BREAK
0015E6 55E6 F1              10      POP AF
0015E7 55E7 C9              10      RET
       55E8                     KEYBC:
0015E8 55E8 F5              11      PUSH    AF
0015E9 55E9 C5              11      PUSH    BC
0015EA 55EA D5              11      PUSH    DE
0015EB 55EB E5              11      PUSH    HL
0015EC 55EC DDE5            15      PUSH    IX
0015EE 55EE DD215601        14      LD  IX,KILBUF
0015F2 55F2 CDE744          17      CALL    CALSLT_R
0015F5 55F5 DDE1            14      POP IX
0015F7 55F7 E1              10      POP HL
0015F8 55F8 D1              10      POP DE
0015F9 55F9 C1              10      POP BC
0015FA 55FA F1              10      POP AF
0015FB 55FB C9              10      RET
                                
       55FC                     _SYS09:     ;(BDOS)文字列出力
0015FC 55FC D5              11      PUSH    DE
       55FD                     _SX09:
0015FD 55FD 1A               7      LD  A,(DE)
0015FE 55FE 13               6      INC DE
0015FF 55FF FE24             7      CP  '$'
001601 5601 2805            12      JR  Z,POPDE_RET
001603 5603 CD8855          17      CALL    MSG_A
001606 5606 18F5            12      JR  _SX09
       5608                     POPDE_RET:
001608 5608 D1              10      POP DE
001609 5609 C9              10      RET
                                
       560A                     _SYS07:
       560A                     FLGET:
00160A 560A C5              11      PUSH    BC
00160B 560B D5              11      PUSH    DE
00160C 560C E5              11      PUSH    HL
00160D 560D DDE5            15      PUSH    IX
00160F 560F 3A0CF3          13      LD  A,(IS_BIOS)
001612 5612 B7               4      OR  A
001613 5613 2018            12      JR  NZ,FLGET_G1
                                
001615 5615 CD3458          17      CALL    GETVRAM
001618 5618 E5              11      PUSH    HL
001619 5619 DD214A00        14      LD  IX,RDVRM
00161D 561D CDE744          17      CALL    CALSLT_R
001620 5620 E1              10      POP HL
001621 5621 F5              11      PUSH    AF
001622 5622 E5              11      PUSH    HL
001623 5623 3EFF             7      LD  A,0FFH
001625 5625 DD214D00        14      LD  IX,WRTVRM
001629 5629 CDE744          17      CALL    CALSLT_R
00162C 562C E1              10      POP HL
       562D                     FLGET_G1:
00162D 562D E5              11      PUSH    HL
00162E 562E DD219F00        14      LD  IX,CHGET
001632 5632 CDE744          17      CALL    CALSLT_R
001635 5635 67               4      LD  H,A
001636 5636 E3              19      EX  (SP),HL
001637 5637 3A0CF3          13      LD  A,(IS_BIOS)
00163A 563A B7               4      OR  A
00163B 563B 200A            12      JR  NZ,FLGET_G2
00163D 563D C1              10      POP BC
00163E 563E F1              10      POP AF
00163F 563F C5              11      PUSH    BC
001640 5640 DD214D00        14      LD  IX,WRTVRM
001644 5644 CDE744          17      CALL    CALSLT_R
       5647                     FLGET_G2:
001647 5647 F1              10      POP AF
001648 5648 DDE1            14      POP IX
00164A 564A E1              10      POP HL
00164B 564B D1              10      POP DE
00164C 564C C1              10      POP BC
00164D 564D FE03             7      CP  3
00164F 564F C9              10      RET
                                ;   RET NZ
                                ;   JP  CPM_BOOT
                                
       5650                     _INKEY:
       5650                     INKEY:
001650 5650 CD2D57          17      CALL    CPM_CONST
001653 5653 C8              11      RET Z
001654 5654 18B4            12      JR  FLGET
                                
       5656                     _SYS0A:     ;(BDOS)文字列入力
001656 5656 C5              11      PUSH    BC
001657 5657 E5              11      PUSH    HL
001658 5658 D5              11      PUSH    DE
                                
001659 5659 3A0CF3          13      LD  A,(IS_BIOS)
00165C 565C B7               4      OR  A
00165D 565D 2824            12      JR  Z,SX0A_CBIOS
00165F 565F 3ADDF3          13      LD  A,(CSRX)
001662 5662 5F               4      LD  E,A
001663 5663 1600             7      LD  D,0
001665 5665 D5              11      PUSH    DE
001666 5666 DDE5            15      PUSH    IX
001668 5668 DD21AE00        14      LD  IX,PLININ
00166C 566C CDE744          17      CALL    CALSLT_R
00166F 566F DDE1            14      POP IX
001671 5671 D1              10      POP DE
001672 5672 215DF5          10      LD  HL,BUF-1
001675 5675 F5              11      PUSH    AF
001676 5676 19              11      ADD HL,DE
001677 5677 F1              10      POP AF
001678 5678 EB               4      EX  DE,HL
001679 5679 E1              10      POP HL
00167A 567A E5              11      PUSH    HL
00167B 567B 0E00             7      LD  C,0
00167D 567D 3014            12      JR  NC,SAX0
00167F 567F 23               6      INC HL
001680 5680 23               6      INC HL
001681 5681 1818            12      JR  SAX4
       5683                     SX0A_CBIOS:
001683 5683 CDB156          17      CALL    GETL
001686 5686 111FF4          10      LD  DE,KBUF
001689 5689 E1              10      POP HL
00168A 568A E5              11      PUSH    HL
00168B 568B 0E00             7      LD  C,0
00168D 568D 3004            12      JR  NC,SAX0
00168F 568F 23               6      INC HL
001690 5690 23               6      INC HL
001691 5691 1808            12      JR  SAX4
       5693                     SAX0:
001693 5693 46               7      LD  B,(HL)
001694 5694 23               6      INC HL
       5695                     SAX1:
001695 5695 23               6      INC HL
001696 5696 1A               7      LD  A,(DE)
001697 5697 13               6      INC DE
001698 5698 B7               4      OR  A
001699 5699 2004            12      JR  NZ,SAX2
       569B                     SAX4:
00169B 569B 360D            10      LD  (HL),00DH
00169D 569D 1804            12      JR  SAX3
       569F                     SAX2:
00169F 569F 77               7      LD  (HL),A
0016A0 56A0 0C               4      INC C
0016A1 56A1 10F2            13      DJNZ    SAX1
       56A3                     SAX3:
0016A3 56A3 D1              10      POP DE
0016A4 56A4 79               4      LD  A,C
0016A5 56A5 13               6      INC DE
0016A6 56A6 12               7      LD  (DE),A
0016A7 56A7 1B               6      DEC DE
0016A8 56A8 E1              10      POP HL
0016A9 56A9 C1              10      POP BC
0016AA 56AA 3E1E             7      LD  A,01EH
0016AC 56AC CD8855          17      CALL    MSG_A
0016AF 56AF AF               4      XOR A
0016B0 56B0 C9              10      RET
                                ;           ;C-BIOSはPLININが意図通りに動作しないので
       56B1                     GETL:
0016B1 56B1 DDE5            15      PUSH    IX
0016B3 56B3 FDE5            15      PUSH    IY
                                
0016B5 56B5 3AAFFC          13      LD  A,(SCRMOD)
0016B8 56B8 B7               4      OR  A
0016B9 56B9 280E            12      JR  Z,GETL0
0016BB 56BB DD216C00        14      LD  IX,INITXT
0016BF 56BF CDE744          17      CALL    CALSLT_R
0016C2 56C2 DD217800        14      LD  IX,SETTXT
0016C6 56C6 CDE744          17      CALL    CALSLT_R
       56C9                     GETL0:
0016C9 56C9 2ADCF3          16      LD  HL,(CSRY)
0016CC 56CC 22CAFB          16      LD  (FSTPOS),HL
       56CF                     GETL1:
0016CF 56CF CDC355          17      CALL    _SYS08
0016D2 56D2 FE09             7      CP  9
0016D4 56D4 2008            12      JR  NZ,GETL1V
0016D6 56D6 211FF4          10      LD  HL,KBUF
0016D9 56D9 CD0545          17      CALL    MSX
0016DC 56DC 18F1            12      JR  GETL1
       56DE                     GETL1V:
0016DE 56DE 5F               4      LD  E,A
0016DF 56DF FE08             7      CP  8
0016E1 56E1 CCDA57          17      CALL    Z,CTRL02
0016E4 56E4 FE20             7      CP  020H
0016E6 56E6 D40658          17      CALL    NC,INSERT
0016E9 56E9 CD8C55          17      CALL    MSGA1
                                
0016EC 56EC 7B               4      LD  A,E
0016ED 56ED FE0D             7      CP  00DH
0016EF 56EF 20DE            12      JR  NZ,GETL1
                                
0016F1 56F1 111FF4          10      LD  DE,KBUF
0016F4 56F4 3AB0F3          13      LD  A,(LINLEN)
0016F7 56F7 47               4      LD  B,A
0016F8 56F8 CDCB5A          17      CALL    ZERO_MEMORY_DE
                                
0016FB 56FB 2ACAFB          16      LD  HL,(FSTPOS)
0016FE 56FE 3ADCF3          13      LD  A,(CSRY)
001701 5701 6F               4      LD  L,A
001702 5702 E5              11      PUSH    HL
001703 5703 CD3758          17      CALL    LOC0
001706 5706 4D               4      LD  C,L
001707 5707 44               4      LD  B,H
001708 5708 E1              10      POP HL
001709 5709 3AB0F3          13      LD  A,(LINLEN)
00170C 570C 94               4      SUB H
00170D 570D 3D               4      DEC A
00170E 570E 5F               4      LD  E,A
00170F 570F 211FF4          10      LD  HL,KBUF
       5712                     GETL2:
001712 5712 CDCA57          17      CALL    _SCRN
001715 5715 03               6      INC BC
001716 5716 77               7      LD  (HL),A
001717 5717 23               6      INC HL
001718 5718 1D               4      DEC E
001719 5719 20F7            12      JR  NZ,GETL2
00171B 571B CDA955          17      CALL    MSG_CR
                                
00171E 571E FDE1            14      POP IY
001720 5720 DDE1            14      POP IX
       5722                     GETL3:
001722 5722 2B               6      DEC HL
001723 5723 7E               7      LD  A,(HL)
001724 5724 FE21             7      CP  021H
001726 5726 D0              11      RET NC
001727 5727 3600            10      LD  (HL),0
001729 5729 15               4      DEC D
00172A 572A 20F6            12      JR  NZ,GETL3
00172C 572C C9              10      RET
                                
       572D                     _SYS0B:     ;(BDOS)コンソール状態のチェック
       572D                     CONSTX:
       572D                     CPM_CONST:
00172D 572D C5              11      PUSH    BC
00172E 572E D5              11      PUSH    DE
00172F 572F E5              11      PUSH    HL
001730 5730 DDE5            15      PUSH    IX
001732 5732 DD219C00        14      LD  IX,CHSNS
001736 5736 CDE744          17      CALL    CALSLT_R
001739 5739 DDE1            14      POP IX
00173B 573B E1              10      POP HL
00173C 573C D1              10      POP DE
00173D 573D C1              10      POP BC
00173E 573E C9              10      RET
                                
       573F                     _SYS2A:     ;(BDOS)日付の獲得
00173F 573F 0E0B             7      LD  C,11        ;年/Year→HL
001741 5741 CD8057          17      CALL    RDCLK_BCD
001744 5744 6F               4      LD  L,A
001745 5745 2600             7      LD  H,0
001747 5747 3AF8FA          13      LD  A,(EXBRSA)
00174A 574A B7               4      OR  A
00174B 574B 2804            12      JR  Z,SX2A1
00174D 574D 11BC07          10      LD  DE,1980     ;1980年～2079年
001750 5750 19              11      ADD HL,DE
       5751                     SX2A1:
001751 5751 0E09             7      LD  C,9     ;月/Month→D
001753 5753 CD8057          17      CALL    RDCLK_BCD
001756 5756 57               4      LD  D,A
                                
001757 5757 0E07             7      LD  C,7     ;日/Day→E
001759 5759 CD8057          17      CALL    RDCLK_BCD
00175C 575C 5F               4      LD  E,A
                                
00175D 575D 0E06             7      LD  C,6     ;曜日/Week→A
       575F                     RDCLK:
00175F 575F DDE5            15      PUSH    IX
001761 5761 DD21F501        14      LD  IX,REDCLK
       5765                     WRCLK1:
001765 5765 3AF8FA          13      LD  A,(EXBRSA)
001768 5768 B7               4      OR  A
001769 5769 280A            12      JR  Z,RDCLK1    ;MSX1
00176B 576B FDE5            15      PUSH    IY
00176D 576D FD67             9      LD  IYH,A
00176F 576F 78               4      LD  A,B
001770 5770 CD1C00          17      CALL    _CALSLT
001773 5773 FDE1            14      POP IY
       5775                     RDCLK1:
001775 5775 DDE1            14      POP IX
001777 5777 C9              10      RET
       5778                     WRCLK:
001778 5778 DDE5            15      PUSH    IX
00177A 577A DD21F901        14      LD  IX,WRTCLK
00177E 577E 18E5            12      JR  WRCLK1
                                
       5780                     RDCLK_BCD:
001780 5780 CD5F57          17      CALL    RDCLK       ;1の位
001783 5783 47               4      LD  B,A
001784 5784 0C               4      INC C
001785 5785 CD5F57          17      CALL    RDCLK       ;10の位
001788 5788 87               4      ADD A,A     ;*2
001789 5789 4F               4      LD  C,A
00178A 578A 87               4      ADD A,A     ;*4
00178B 578B 87               4      ADD A,A     ;*8
00178C 578C 81               4      ADD A,C     ;*10(8+2)
00178D 578D 80               4      ADD A,B     ;1の位
00178E 578E C9              10      RET
                                
       578F                     _SYS2C:     ;(BDOS)時刻の獲得
00178F 578F 011501          10      LD  BC,00115H       ;12時間計/24時間計の設定を24時間計に
001792 5792 CD7857          17      CALL    WRCLK
001795 5795 0E04             7      LD  C,4     ;H=時/Hour
001797 5797 CD8057          17      CALL    RDCLK_BCD
00179A 579A 67               4      LD  H,A
00179B 579B 0E02             7      LD  C,2     ;L=分/Minute
00179D 579D CD8057          17      CALL    RDCLK_BCD
0017A0 57A0 6F               4      LD  L,A
0017A1 57A1 0E00             7      LD  C,0     ;D=秒/Second
0017A3 57A3 CD8057          17      CALL    RDCLK_BCD
0017A6 57A6 57               4      LD  D,A
0017A7 57A7 AF               4      XOR A       ;E=1/100秒
0017A8 57A8 5F               4      LD  E,A
0017A9 57A9 C9              10      RET
                                
       57AA                     POS:
0017AA 57AA F5              11      PUSH    AF
0017AB 57AB 2ADCF3          16      LD  HL,(CSRY)
0017AE 57AE 7D               4      LD  A,L
0017AF 57AF 6C               4      LD  L,H
0017B0 57B0 67               4      LD  H,A
0017B1 57B1 2C               4      INC L
0017B2 57B2 24               4      INC H
0017B3 57B3 F1              10      POP AF
0017B4 57B4 C9              10      RET
                                
       57B5                     LOC:
0017B5 57B5 F5              11      PUSH    AF
0017B6 57B6 E5              11      PUSH    HL
0017B7 57B7 7D               4      LD  A,L
0017B8 57B8 6C               4      LD  L,H
0017B9 57B9 67               4      LD  H,A
0017BA 57BA 2D               4      DEC L
0017BB 57BB 25               4      DEC H
0017BC 57BC DDE5            15      PUSH    IX
0017BE 57BE DD21C600        14      LD  IX,POSIT
0017C2 57C2 CDE744          17      CALL    CALSLT_R
0017C5 57C5 DDE1            14      POP IX
0017C7 57C7 E1              10      POP HL
0017C8 57C8 F1              10      POP AF
0017C9 57C9 C9              10      RET
                                
       57CA                     _SCRN:
       57CA                     SCRN:
0017CA 57CA E5              11      PUSH    HL
0017CB 57CB DDE5            15      PUSH    IX
                                
0017CD 57CD 69               4      LD  L,C
0017CE 57CE 60               4      LD  H,B
0017CF 57CF DD214A00        14      LD  IX,RDVRM
0017D3 57D3 CDE744          17      CALL    CALSLT_R
                                
0017D6 57D6 DDE1            14      POP IX
0017D8 57D8 E1              10      POP HL
0017D9 57D9 C9              10      RET
                                
       57DA                     CTRL02:
0017DA 57DA F5              11      PUSH    AF
0017DB 57DB D5              11      PUSH    DE
0017DC 57DC 2ADCF3          16      LD  HL,(CSRY)
0017DF 57DF 3AB0F3          13      LD  A,(LINLEN)
0017E2 57E2 4F               4      LD  C,A
0017E3 57E3 94               4      SUB H   ;CSRX
0017E4 57E4 C602             7      ADD A,2
0017E6 57E6 47               4      LD  B,A ;カーソルより右の文字数
0017E7 57E7 61               4      LD  H,C ;LINLEN
0017E8 57E8 C5              11      PUSH    BC
0017E9 57E9 CD3758          17      CALL    LOC0
0017EC 57EC C1              10      POP BC
                                
0017ED 57ED 1620             7      LD  D,020H
       57EF                     C8X1:
0017EF 57EF DD214A00        14      LD  IX,RDVRM
0017F3 57F3 CDE744          17      CALL    CALSLT_R
0017F6 57F6 4F               4      LD  C,A
0017F7 57F7 7A               4      LD  A,D
0017F8 57F8 DD214D00        14      LD  IX,WRTVRM
0017FC 57FC CDE744          17      CALL    CALSLT_R
0017FF 57FF 2B               6      DEC HL
001800 5800 51               4      LD  D,C
001801 5801 10EC            13      DJNZ    C8X1
001803 5803 D1              10      POP DE
001804 5804 F1              10      POP AF
001805 5805 C9              10      RET
                                
       5806                     INSERT:
001806 5806 F5              11      PUSH    AF
001807 5807 D5              11      PUSH    DE
001808 5808 2ADCF3          16      LD  HL,(CSRY)
00180B 580B 3AB0F3          13      LD  A,(LINLEN)
00180E 580E 4F               4      LD  C,A
00180F 580F 94               4      SUB H   ;CSRX
001810 5810 3C               4      INC A
001811 5811 47               4      LD  B,A ;カーソルより右の文字数
001812 5812 C5              11      PUSH    BC
001813 5813 CD3758          17      CALL    LOC0
001816 5816 C1              10      POP BC
                                
001817 5817 1620             7      LD  D,020H
       5819                     INS1:
001819 5819 DD214A00        14      LD  IX,RDVRM
00181D 581D CDE744          17      CALL    CALSLT_R
001820 5820 4F               4      LD  C,A
001821 5821 7A               4      LD  A,D
001822 5822 DD214D00        14      LD  IX,WRTVRM
001826 5826 CDE744          17      CALL    CALSLT_R
001829 5829 23               6      INC HL
00182A 582A 51               4      LD  D,C
00182B 582B 10EC            13      DJNZ    INS1
00182D 582D D1              10      POP DE
00182E 582E F1              10      POP AF
00182F 582F C9              10      RET
                                
       5830                     CONOUT1:
001830 5830 59               4      LD  E,C
001831 5831 C38255          10      JP  _PRINT
                                
       5834                     GETVRAM:
001834 5834 2ADCF3          16      LD  HL,(CSRY)
       5837                     LOC0:
001837 5837 2D               4      DEC L
001838 5838 25               4      DEC H
001839 5839 4C               4      LD  C,H ;CSRX-1
00183A 583A 5D               4      LD  E,L ;CSRY-1
       583B                     LOC1:
00183B 583B 3AB0F3          13      LD  A,(LINLEN)
00183E 583E 67               4      LD  H,A
00183F 583F 1600             7      LD  D,0
001841 5841 6A               4      LD  L,D ;0
001842 5842 0608             7      LD  B,8
       5844                     LOC2:
001844 5844 29              11      ADD HL,HL
001845 5845 3001            12      JR  NC,LOC3
001847 5847 19              11      ADD HL,DE
       5848                     LOC3:
001848 5848 10FA            13      DJNZ    LOC2
00184A 584A 09              11      ADD HL,BC
00184B 584B C9              10      RET
                                
       584C                     _SYS0C:     ;(BDOS)バージョン番号の獲得
00184C 584C 212200          10      LD  HL,00022H
00184F 584F AF               4      XOR A
001850 5850 7D               4      LD  A,L
001851 5851 C9              10      RET
                                
       5852                     _SYS0D:     ;(BDOS)ディスク・リセット
001852 5852 218000          10      LD  HL,00080H
001855 5855 22D4F2          16      LD  (_DTA),HL
001858 5858 C9              10      RET
                                
       5859                     _SYS0E:     ;(BDOS)カレントドライブの設定
001859 5859 7B               4      LD  A,E
       585A                     _SYS0EX1:
00185A 585A FE08             7      CP  8
00185C 585C 3F               4      CCF
00185D 585D D8              11      RET C
00185E 585E 32EAF2          13      LD  (_DVSW),A
001861 5861 C9              10      RET
                                
       5862                     _SYS0F:     ;(BDOS)ファイルのオープン
001862 5862 D5              11      PUSH    DE
001863 5863 FDE1            14      POP IY
001865 5865 CDA05A          17      CALL    INIT_FILE
001868 5868 CD0F4D          17      CALL    ROM_OPEN
00186B 586B 385F            12      JR  C,SCF_FF_RET
                                ;               Open(Read)
00186D 586D FD361CFF        19      LD  (IY+28),0FFH
                                ;               FILENAME
001871 5871 FDE5            15      PUSH    IY
001873 5873 D1              10      POP DE
001874 5874 13               6      INC DE
001875 5875 010B00          10      LD  BC,11
001878 5878 EDB0                    LDIR
                                ;               Attribute
00187A 587A 7E               7      LD  A,(HL)
00187B 587B FD770D          19      LD  (IY+13),A
                                ;               TIME
00187E 587E 110B00          10      LD  DE,11
001881 5881 19              11      ADD HL,DE
001882 5882 7E               7      LD  A,(HL)
001883 5883 23               6      INC HL
001884 5884 FD7716          19      LD  (IY+22),A
001887 5887 7E               7      LD  A,(HL)
001888 5888 23               6      INC HL
001889 5889 FD7717          19      LD  (IY+23),A
                                ;               DATE
00188C 588C 7E               7      LD  A,(HL)
00188D 588D 23               6      INC HL
00188E 588E FD7714          19      LD  (IY+20),A
001891 5891 7E               7      LD  A,(HL)
001892 5892 23               6      INC HL
001893 5893 FD7715          19      LD  (IY+21),A
                                ;               First cluster
001896 5896 7E               7      LD  A,(HL)
001897 5897 23               6      INC HL
001898 5898 FD771A          19      LD  (IY+26),A
00189B 589B 7E               7      LD  A,(HL)
00189C 589C 23               6      INC HL
00189D 589D FD771B          19      LD  (IY+27),A
                                ;               SIZE
0018A0 58A0 7E               7      LD  A,(HL)
0018A1 58A1 23               6      INC HL
0018A2 58A2 FD7710          19      LD  (IY+16),A
0018A5 58A5 7E               7      LD  A,(HL)
0018A6 58A6 23               6      INC HL
0018A7 58A7 FD7711          19      LD  (IY+17),A
0018AA 58AA 7E               7      LD  A,(HL)
0018AB 58AB 23               6      INC HL
0018AC 58AC FD7712          19      LD  (IY+18),A
0018AF 58AF 7E               7      LD  A,(HL)
0018B0 58B0 FD7713          19      LD  (IY+19),A
0018B3 58B3 2AEFF2          16      LD  HL,(DIRENT1)
0018B6 58B6 FD751E          19      LD  (IY+30),L
0018B9 58B9 FD741F          19      LD  (IY+31),H
0018BC 58BC 3AF1F2          13      LD  A,(_DIR_BANK)
0018BF 58BF FD771D          19      LD  (IY+29),A
0018C2 58C2 AF               4      XOR A
0018C3 58C3 FD770C          19      LD  (IY+12),A
0018C6 58C6 C9              10      RET
                                
       58C7                     _SYS10:     ;(BDOS)ファイルのクローズ
0018C7 58C7 AF               4      XOR A
0018C8 58C8 C9              10      RET
                                
       58C9                     S11X1:
0018C9 58C9 FD7119          19      LD  (IY+25),C       ;RootEntCnt
       58CC                     SCF_FF_RET:
0018CC 58CC 37               4      SCF
0018CD 58CD 9F               4      SBC A,A
0018CE 58CE C9              10      RET
                                
       58CF                     _SYS11:     ;(BDOS)最初のファイルの検索
0018CF 58CF ED53D7F2        20      LD  (_FCB),DE
0018D3 58D3 D5              11      PUSH    DE
0018D4 58D4 FDE1            14      POP IY
0018D6 58D6 CDA05A          17      CALL    INIT_FILE
0018D9 58D9 FD361800        19      LD  (IY+24),0
0018DD 58DD CDD74F          17      CALL    GET_DIR_DAT
       58E0                     S12X1:
0018E0 58E0 CD834D          17      CALL    FILESE
0018E3 58E3 FD3418          23      INC (IY+24)
0018E6 58E6 30E1            12      JR  NC,S11X1
0018E8 58E8 0D               4      DEC C
0018E9 58E9 FD7119          19      LD  (IY+25),C       ;RootEntCnt
0018EC 58EC FDCB0D66        20      BIT 4,(IY+13)
0018F0 58F0 280A            12      JR  Z,S12X2
0018F2 58F2 E5              11      PUSH    HL
0018F3 58F3 DDE1            14      POP IX
0018F5 58F5 DD7E0B          19      LD  A,(IX+11)
0018F8 58F8 FE0F             7      CP  00FH
0018FA 58FA 2810            12      JR  Z,S11NEXT
       58FC                     S12X2:
0018FC 58FC 012000          10      LD  BC,32
0018FF 58FF ED5BD4F2        20      LD  DE,(_DTA)
001903 5903 FD7E00          19      LD  A,(IY+0)
001906 5906 12               7      LD  (DE),A      ;ドライブ番号
001907 5907 13               6      INC DE
001908 5908 EDB0                    LDIR            ;ディレクトリエントリ
00190A 590A AF               4      XOR A
00190B 590B C9              10      RET
       590C                     S11NEXT:
00190C 590C CDA24D          17      CALL    FNEXT
00190F 590F 20CF            12      JR  NZ,S12X1
001911 5911 37               4      SCF
001912 5912 9F               4      SBC A,A
001913 5913 C9              10      RET
                                
       5914                     _SYS12:
001914 5914 FD2AD7F2        20      LD  IY,(_FCB)
001918 5918 FDE5            15      PUSH    IY
00191A 591A D1              10      POP DE
00191B 591B CDA05A          17      CALL    INIT_FILE
       591E                     S12X3:
00191E 591E CDD74F          17      CALL    GET_DIR_DAT
001921 5921 FD4618          19      LD  B,(IY+24)
       5924                     S12X4:
001924 5924 C5              11      PUSH    BC
001925 5925 CDA24D          17      CALL    FNEXT
001928 5928 C1              10      POP BC
001929 5929 2807            12      JR  Z,S12X5
00192B 592B 7E               7      LD  A,(HL)
00192C 592C FEE5             7      CP  0E5H
00192E 592E 28F4            12      JR  Z,S12X4
001930 5930 10F2            13      DJNZ    S12X4
       5932                     S12X5:
001932 5932 FD4E19          19      LD  C,(IY+25)
001935 5935 18A9            12      JR  S12X1
                                
       5937                     _SYS14:     ;(BDOS)シーケンシャルな読み出し
001937 5937 CDAE4F          17      CALL    SET_FCB
00193A 593A CD7C4F          17      CALL    GETSEQ
00193D 593D CD694F          17      CALL    RB_READ
001940 5940 E5              11      PUSH    HL
001941 5941 CD894F          17      CALL    SETSEQ
001944 5944 E1              10      POP HL
       5945                     SREAD:
001945 5945 C601             7      ADD A,001H
001947 5947 D8              11      RET C
                                
001948 5948 7D               4      LD  A,L
001949 5949 D601             7      SUB 001H
00194B 594B 9F               4      SBC A,A
00194C 594C E603             7      AND 3
00194E 594E 1F               4      RRA
00194F 594F C9              10      RET
                                
       5950                     _SYS18:     ;(BDOS)ログインベクトルの獲得
       5950                     _SYS1D:     ;(BDOS)書き込みが禁止されているディスクの調査
001950 5950 2AF2F2          16      LD  HL,(_LVECTOR)
001953 5953 AF               4      XOR A
001954 5954 67               4      LD  H,A
001955 5955 C9              10      RET
                                
       5956                     _SYS19:     ;(BDOS)カレントドライブ番号の獲得
001956 5956 3AEAF2          13      LD  A,(_DVSW)
001959 5959 A7               4      AND A
00195A 595A C9              10      RET
                                
       595B                     _SYS1A:     ;(BDOS)DTAの設定
00195B 595B ED53D4F2        20      LD  (_DTA),DE
00195F 595F AF               4      XOR A
001960 5960 C9              10      RET
                                
       5961                     _SYS1B:     ;(BDOS)ディスク情報の獲得
001961 5961 7B               4      LD  A,E
001962 5962 D601             7      SUB 1
001964 5964 DC5659          17      CALL    C,_SYS19
001967 5967 5F               4      LD  E,A
001968 5968 CD6553          17      CALL    IS_BPB
00196B 596B 3827            12      JR  C,S1B_E
00196D 596D F5              11      PUSH    AF
00196E 596E 215EF5          10      LD  HL,SYS1B_DPB
001971 5971 3A1560          13      LD  A,(BANK1_ADR+21)    ;BPB_Media
001974 5974 47               4      LD  B,A
001975 5975 4F               4      LD  C,A
001976 5976 3271F5          13      LD  (SYS1B_FAT),A
001979 5979 7B               4      LD  A,E
00197A 597A CD8253          17      CALL    GETDPB
00197D 597D DD215EF5        14      LD  IX,SYS1B_DPB
001981 5981 FD2171F5        14      LD  IY,SYS1B_FAT
001985 5985 ED4B60F5        20      LD  BC,(SYS1B_DPB+1+1)  ;SECSIZ
001989 5989 ED5B6CF5        20      LD  DE,(SYS1B_DPB+1+13) ;MAXCLUS
00198D 598D 1B               6      DEC DE
00198E 598E 1B               6      DEC DE
00198F 598F 210000          10      LD  HL,0            ;書き込み不可なので0を返す
001992 5992 F1              10      POP AF
001993 5993 C9              10      RET
       5994                     S1B_E:
001994 5994 9F               4      SBC A,A
001995 5995 C9              10      RET
                                
       5996                     _SYS21:     ;(BDOS)ランダムな読み出し
001996 5996 CDAE4F          17      CALL    SET_FCB
                                
001999 5999 FD6E21          19      LD  L,(IY+33)   ;(FCB)Random record
00199C 599C FD6622          19      LD  H,(IY+34)
                                
00199F 599F CD694F          17      CALL    RB_READ
0019A2 59A2 18A1            12      JR  SREAD
                                
       59A4                     _SYS23:     ;(BDOS)ファイル・サイズの獲得
0019A4 59A4 CD6258          17      CALL    _SYS0F
0019A7 59A7 D8              11      RET C
                                
0019A8 59A8 D5              11      PUSH    DE      ;EX DE,IY
0019A9 59A9 FDE3            23      EX  (SP),IY     ;
                                ;   POP DE      ;
                                ;   PUSH    DE      ;DEを破壊しないように注意vv
0019AB 59AB CD9E4F          17      CALL    GETSIZE
       59AE                     _S24X1:
0019AE 59AE FD7521          19      LD  (IY+33),L   ;(FCB)Random record
0019B1 59B1 FD7422          19      LD  (IY+34),H
0019B4 59B4 FD362300        19      LD  (IY+35),0
                                ;   POP DE      ;^^^^^^^^^^^^^^^^^^^^^^^^
                                ;   PUSH    DE      ;EX DE,IY
0019B8 59B8 FDE3            23      EX  (SP),IY     ;
0019BA 59BA D1              10      POP DE      ;
                                
0019BB 59BB AF               4      XOR A
0019BC 59BC C9              10      RET
                                
       59BD                     _SYS24:     ;(BDOS)ランダム・レコード・フィールドの設定
0019BD 59BD E5              11      PUSH    HL
0019BE 59BE D5              11      PUSH    DE      ;EX DE,IY
0019BF 59BF FDE3            23      EX  (SP),IY     ;
                                ;   POP DE      ;
                                ;   PUSH    DE      ;DEを破壊しないように注意vv
0019C1 59C1 CD7C4F          17      CALL    GETSEQ
0019C4 59C4 18E8            12      JR  _S24X1      ;^^^^^^^^^^^^^^^^^^^^^^^^
                                
       59C6                     _SYS27:     ;(BDOS)ランダムブロック読み込み
0019C6 59C6 CDAE4F          17      CALL    SET_FCB
0019C9 59C9 E5              11      PUSH    HL
0019CA 59CA FD7E00          19      LD  A,(IY+0)
0019CD 59CD 3200F3          13      LD  (FDRV),A
0019D0 59D0 FD7E18          19      LD  A,(IY+24)
0019D3 59D3 32C4F2          13      LD  (_BANK),A
0019D6 59D6 FD6E21          19      LD  L,(IY+33)
0019D9 59D9 FD6622          19      LD  H,(IY+34)
0019DC 59DC 22CAF2          16      LD  (RR_LOW),HL
0019DF 59DF FD6E23          19      LD  L,(IY+35)
0019E2 59E2 FD6624          19      LD  H,(IY+36)
0019E5 59E5 22CCF2          16      LD  (RR_HIGH),HL
0019E8 59E8 E1              10      POP HL
0019E9 59E9 CDE54A          17      CALL    ROM_READ
0019EC 59EC ED5BCAF2        20      LD  DE,(RR_LOW)
0019F0 59F0 FD7321          19      LD  (IY+33),E
0019F3 59F3 FD7222          19      LD  (IY+34),D
0019F6 59F6 ED5BCCF2        20      LD  DE,(RR_HIGH)
0019FA 59FA FD7323          19      LD  (IY+35),E
0019FD 59FD FD7224          19      LD  (IY+36),D
001A00 5A00 3AC4F2          13      LD  A,(_BANK)
001A03 5A03 FD7718          19      LD  (IY+24),A
001A06 5A06 9F               4      SBC A,A
001A07 5A07 D8              11      RET C
001A08 5A08 3AC3F2          13      LD  A,(_RESULT)
001A0B 5A0B C9              10      RET
                                
       5A0C                     _SYS29:
001A0C 5A0C E5              11      PUSH    HL
001A0D 5A0D 23               6      INC HL
001A0E 5A0E CD565A          17      CALL    _SYS5C
001A11 5A11 E3              19      EX  (SP),HL
001A12 5A12 79               4      LD  A,C
001A13 5A13 CD105B          17      CALL    LD_HL_A
001A16 5A16 010E00          10      LD  BC,14
001A19 5A19 09              11      ADD HL,BC
001A1A 5A1A C1              10      POP BC
001A1B 5A1B 03               6      INC BC
001A1C 5A1C 79               4      LD  A,C
001A1D 5A1D CD105B          17      CALL    LD_HL_A
001A20 5A20 23               6      INC HL
001A21 5A21 78               4      LD  A,B
001A22 5A22 CD105B          17      CALL    LD_HL_A
001A25 5A25 AF               4      XOR A
001A26 5A26 C9              10      RET
                                
       5A27                     _SYS2F:
001A27 5A27 44               4      LD  B,H
001A28 5A28 7D               4      LD  A,L
001A29 5A29 2AD4F2          16      LD  HL,(_DTA)
001A2C 5A2C C3EA52          10      JP  DISKIO
                                
       5A2F                     _SYS59:     ;(BDOS)カレントディレクトリの取得
001A2F 5A2F 78               4      LD  A,B
001A30 5A30 CDF354          17      CALL    GET_CD_CDRV
001A33 5A33 7C               4      LD  A,H
001A34 5A34 B5               4      OR  L
001A35 5A35 2808            12      JR  Z,S59E
001A37 5A37 3E23             7      LD  A,'#'
001A39 5A39 12               7      LD  (DE),A
001A3A 5A3A 13               6      INC DE
001A3B 5A3B CD2A5B          17      CALL    HEXHL
001A3E 5A3E AF               4      XOR A
       5A3F                     S59E:
001A3F 5A3F 12               7      LD  (DE),A
001A40 5A40 C9              10      RET
                                
       5A41                     _SYS5A:     ;(BDOS)カレントディレクトリの変更
001A41 5A41 CDDA5A          17      CALL    GET_PARAM_IX
001A44 5A44 CDA44B          17      CALL    FILE_BDOS
001A47 5A47 CD8D50          17      CALL    ROM_CD
001A4A 5A4A 9F               4      SBC A,A
001A4B 5A4B C9              10      RET
                                
       5A4C                     _SYS5B:     ;(BDOS)パス名の解析(_PARSE)
001A4C 5A4C D5              11      PUSH    DE
001A4D 5A4D CDDA5A          17      CALL    GET_PARAM_IX
001A50 5A50 CDA44B          17      CALL    FILE_BDOS
001A53 5A53 D1              10      POP DE
001A54 5A54 182C            12      JR  S5B_1
                                
       5A56                     _SYS5C:     ;(BDOS)ファイル名の解析(_PFILE)
001A56 5A56 CDD25A          17      CALL    SPCUT_SL
001A59 5A59 D5              11      PUSH    DE
                                
001A5A 5A5A E5              11      PUSH    HL
001A5B 5A5B AF               4      XOR A
001A5C 5A5C CDF354          17      CALL    GET_CD_CDRV
001A5F 5A5F 22F9F2          16      LD  (_CDX),HL
                                
001A62 5A62 CDDA5A          17      CALL    GET_PARAM_IX
001A65 5A65 CDA44B          17      CALL    FILE_BDOS
001A68 5A68 E1              10      POP HL
                                
001A69 5A69 060B             7      LD  B,11
001A6B 5A6B 1101F3          10      LD  DE,FNAME
       5A6E                     S5C_1:
001A6E 5A6E 1A               7      LD  A,(DE)
001A6F 5A6F 13               6      INC DE
001A70 5A70 CD105B          17      CALL    LD_HL_A
001A73 5A73 23               6      INC HL
001A74 5A74 10F8            13      DJNZ    S5C_1
                                
001A76 5A76 DDE5            15      PUSH    IX
001A78 5A78 E1              10      POP HL
001A79 5A79 115EF5          10      LD  DE,BUF
001A7C 5A7C A7               4      AND A
001A7D 5A7D ED52            15      SBC HL,DE
001A7F 5A7F D1              10      POP DE
001A80 5A80 19              11      ADD HL,DE
001A81 5A81 EB               4      EX  DE,HL
       5A82                     S5B_1:
001A82 5A82 2AF9F2          16      LD  HL,(_CDX)
001A85 5A85 3A00F3          13      LD  A,(FDRV)
001A88 5A88 4F               4      LD  C,A
001A89 5A89 AF               4      XOR A
001A8A 5A8A C9              10      RET
                                
       5A8B                     _SYS6F:
001A8B 5A8B 016F00          10      LD  BC,0006FH
001A8E 5A8E 11918A          10      LD  DE,08A91H       ;Tablacus Disk ROM Lite 認識コード
001A91 5A91 AF               4      XOR A
001A92 5A92 C9              10      RET
                                
       5A93                     _SYS68:
001A93 5A93 21F2F2          10      LD  HL,_LVECTOR
001A96 5A96 CBFE            15      SET 7,(HL)
001A98 5A98 78               4      LD  A,B
001A99 5A99 B7               4      OR  A
001A9A 5A9A 3E00             7      LD  A,0
001A9C 5A9C C0              11      RET NZ
001A9D 5A9D CBBE            15      RES 7,(HL)
001A9F 5A9F C9              10      RET
                                
       5AA0                     INIT_FILE:
001AA0 5AA0 EB               4      EX  DE,HL
001AA1 5AA1 1100F3          10      LD  DE,FDRV
001AA4 5AA4 010C00          10      LD  BC,1+8+3
       5AA7                     INIT_FILE1:
001AA7 5AA7 EDB0                    LDIR
001AA9 5AA9 CD1455          17      CALL    GET_DISK_BANK_FDRV
                                #if exists USE_NORMAL32K_OR_ASCII16
                                    LD  (ASCII16_BANK1_SEL),A       ;ASCII-16K
                                #else
001AAC 5AAC 320068          13      LD  (BANK1_SEL),A           ;ASCII-8K/Konami-8K
001AAF 5AAF 320070          13      LD  (KONAMI_SCC_BANK1_SEL),A    ;Konami-8K/Konami-SCC
                                #endif
001AB2 5AB2 FD6E0E          19      LD  L,(IY+14)
001AB5 5AB5 FD660F          19      LD  H,(IY+15)
001AB8 5AB8 7C               4      LD  A,H
001AB9 5AB9 FE10             7      CP  010H
001ABB 5ABB 3004            12      JR  NC,INIT_FILE1X
001ABD 5ABD B5               4      OR  L
001ABE 5ABE 2B               6      DEC HL
001ABF 5ABF 2006            12      JR  NZ,INIT_FILE2
       5AC1                     INIT_FILE1X:
001AC1 5AC1 FD7E00          19      LD  A,(IY+0)
001AC4 5AC4 CDF354          17      CALL    GET_CD_CDRV
       5AC7                     INIT_FILE2:
001AC7 5AC7 22F9F2          16      LD  (_CDX),HL           ;カレントディレクトリ
001ACA 5ACA C9              10      RET
                                
       5ACB                     ZERO_MEMORY_DE:
001ACB 5ACB AF               4      XOR A
       5ACC                     FILL_MEMORY_DE:
001ACC 5ACC 12               7      LD  (DE),A
001ACD 5ACD 13               6      INC DE
001ACE 5ACE 10FC            13      DJNZ    FILL_MEMORY_DE
001AD0 5AD0 C9              10      RET
                                
       5AD1                     SS1_SL:
001AD1 5AD1 13               6      INC DE
       5AD2                     SPCUT_SL:               ;スペースをカット
001AD2 5AD2 CDF45A          17      CALL    LD_A_DE
001AD5 5AD5 FE20             7      CP  020H
001AD7 5AD7 28F8            12      JR  Z,SS1_SL
001AD9 5AD9 C9              10      RET
                                
       5ADA                     GET_PARAM_IX:
001ADA 5ADA 0600             7      LD  B,0
001ADC 5ADC 215EF5          10      LD  HL,BUF
001ADF 5ADF E5              11      PUSH    HL
001AE0 5AE0 CDD25A          17      CALL    SPCUT_SL
       5AE3                     GPIX1:
001AE3 5AE3 CDF45A          17      CALL    LD_A_DE
001AE6 5AE6 13               6      INC DE
001AE7 5AE7 77               7      LD  (HL),A
001AE8 5AE8 23               6      INC HL
001AE9 5AE9 B7               4      OR  A
001AEA 5AEA 2804            12      JR  Z,GPIX2
001AEC 5AEC 04               4      INC B
001AED 5AED 20F4            12      JR  NZ,GPIX1
001AEF 5AEF 05               4      DEC B
       5AF0                     GPIX2:
001AF0 5AF0 DDE1            14      POP IX
001AF2 5AF2 58               4      LD  E,B
001AF3 5AF3 C9              10      RET
                                
       5AF4                     LD_A_DE:
001AF4 5AF4 1A               7      LD  A,(DE)
001AF5 5AF5 CB7A             8      BIT 7,D
001AF7 5AF7 C0              11      RET NZ
001AF8 5AF8 C5              11      PUSH    BC
001AF9 5AF9 D5              11      PUSH    DE
001AFA 5AFA E5              11      PUSH    HL
001AFB 5AFB EB               4      EX  DE,HL
                                
001AFC 5AFC 0141F3          10      LD  BC,RAMAD0
001AFF 5AFF 7C               4      LD  A,H
001B00 5B00 07               4      RLCA
001B01 5B01 07               4      RLCA
001B02 5B02 E603             7      AND 3
001B04 5B04 81               4      ADD A,C
001B05 5B05 4F               4      LD  C,A
001B06 5B06 0A               7      LD  A,(BC)
                                
001B07 5B07 CD0C00          17      CALL    _RDSLT
001B0A 5B0A E1              10      POP HL
001B0B 5B0B D1              10      POP DE
001B0C 5B0C C1              10      POP BC
001B0D 5B0D C9              10      RET
                                
       5B0E                     LD_HL_A_1:
001B0E 5B0E 77               7      LD  (HL),A
001B0F 5B0F C9              10      RET
       5B10                     LD_HL_A:
001B10 5B10 CB7C             8      BIT 7,H
001B12 5B12 20FA            12      JR  NZ,LD_HL_A_1
001B14 5B14 C5              11      PUSH    BC
001B15 5B15 D5              11      PUSH    DE
001B16 5B16 E5              11      PUSH    HL
                                
001B17 5B17 5F               4      LD  E,A
001B18 5B18 0141F3          10      LD  BC,RAMAD0
001B1B 5B1B 7C               4      LD  A,H
001B1C 5B1C 07               4      RLCA
001B1D 5B1D 07               4      RLCA
001B1E 5B1E E603             7      AND 3
001B20 5B20 81               4      ADD A,C
001B21 5B21 4F               4      LD  C,A
001B22 5B22 0A               7      LD  A,(BC)
                                
001B23 5B23 CD1400          17      CALL    _WRSLT
001B26 5B26 E1              10      POP HL
001B27 5B27 D1              10      POP DE
001B28 5B28 C1              10      POP BC
001B29 5B29 C9              10      RET
                                
       5B2A                     HEXHL:
001B2A 5B2A 7C               4      LD  A,H
001B2B 5B2B CD2F5B          17      CALL    HEXHX
001B2E 5B2E 7D               4      LD  A,L
       5B2F                     HEXHX:
001B2F 5B2F F5              11      PUSH    AF
001B30 5B30 07               4      RLCA
001B31 5B31 07               4      RLCA
001B32 5B32 07               4      RLCA
001B33 5B33 07               4      RLCA
001B34 5B34 CD385B          17      CALL    HEXA2
001B37 5B37 F1              10      POP AF
       5B38                     HEXA2:
001B38 5B38 CD1A45          17      CALL    ASC
001B3B 5B3B 12               7      LD  (DE),A
001B3C 5B3C 13               6      INC DE
001B3D 5B3D C9              10      RET
                                
       5B3E                     HEX:
001B3E 5B3E CDF94C          17      CALL    CAP
001B41 5B41 D630             7      SUB '0'
001B43 5B43 D8              11      RET C
001B44 5B44 FE0A             7      CP  10
001B46 5B46 3F               4      CCF
001B47 5B47 D0              11      RET NC
001B48 5B48 FE11             7      CP  16+1
001B4A 5B4A D8              11      RET C
001B4B 5B4B D607             7      SUB 7
001B4D 5B4D FE10             7      CP  10H
001B4F 5B4F 3F               4      CCF
001B50 5B50 C9              10      RET
                                
       58CC                     _SYS03  EQU SCF_FF_RET  ;(BDOS)外部入力
       58CC                     _SYS13  EQU SCF_FF_RET  ;(BDOS)ファイルの削除
       58CC                     _SYS15  EQU SCF_FF_RET  ;(BDOS)シーケンシャルな書き込み
       58CC                     _SYS16  EQU SCF_FF_RET  ;(BDOS)ファイルの作成
       58CC                     _SYS17  EQU SCF_FF_RET  ;(BDOS)ファイル名の変更
       58CC                     _SYS22  EQU SCF_FF_RET  ;(BDOS)ランダムな書き込み
       58CC                     _SYS26  EQU SCF_FF_RET  ;(BDOS)ランダムブロック書き込み
       58CC                     _SYS28  EQU SCF_FF_RET  ;(BDOS)ランダムな書き込み・その2
                                
       58CC                     _SYS2B  EQU SCF_FF_RET  ;(BDOS)日付の設定
       58CC                     _SYS2D  EQU SCF_FF_RET  ;(BDOS)時刻の設定
       58CC                     _SYS39  EQU SCF_FF_RET  ;(BDOS)サブディレクトリの作成
       58CC                     _SYS3A  EQU SCF_FF_RET  ;(BDOS)サブディレクトリの削除
                                
[EOF:BDOS.ASM:UTF_8]
                                    INCLUDE "SLOT.ASM"
                                #if exists _RAM64K
                                INT38H_ROM:
                                    LD  A,(EXPTBL)  ;メインROMに切り替える
                                    CALL    ENASLT_00H
                                    CALL    00038H
                                    LD  A,(RAMAD0)  ;メインRAMに切り替える
                                ;   JP  ENASLT_00H
                                ;
                                ;ページ0専門のENASLT
                                ;in
                                ;A←スロット
                                ;破壊
                                ;ABCHL
                                ;
                                ; ページ1 に配置
                                ENASLT_00H:
                                    DI
                                    LD  H,A
                                    AND 3
                                    LD  C,A
                                    IN  A,(0A8H)
                                    LD  B,0FCH  ;ページ0
                                    AND B
                                    OR  C
                                    BIT 7,H
                                    JP  Z,ENASLT_NOEXT
                                                ;拡張スロットの処理
                                    PUSH    DE
                                    CALL    ENATBL
                                    RRCA
                                    RRCA
                                    LD  C,A
                                    LD  A,E
                                    CALL    AT_3B
                                    LD  (HL),E
                                    POP DE
                                    RET
                                ;
                                ;   ENASLOTの補助（ページ0・003BH～にも配置）
                                ;
                                AT_3B:              ;ENASUB 対象の拡張スロットを切り替えるために基本スロットを切り替える
                                    OUT (0A8H),A
                                    LD  A,(0FFFFH)  ;拡張スロットの切り替え
                                    CPL
                                    AND B
                                    OR  C
                                    LD  (0FFFFH),A
                                    LD  E,A
                                                ;基本スロットの切り替え
                                    LD  A,D
                                    OUT (0A8H),A
                                    RET
                                AT_3B_E:
                                
                                #endif
                                
       5B51                     AT_GETSLT:
       5B51                     AT_ISC:
001B51 EF40                         ORG ISC,AT_ISC-RUN
                                ;
                                ; インタースロットコール
                                ; ページ3 に配置
                                
                                ;
                                ;   現在のスロットを知る
                                ;in
                                ;HL←上位2ビットで切り替えるページを指定
                                ;out
                                ;A→スロット
                                ;※ROM、RAMの両方のルーチンを使うため絶対番地を使わない
       EF40                     _GETSLT:
001B51 EF40 E5              11      PUSH    HL
001B52 EF41 DBA8            11      IN  A,(0A8H)
                                
001B54 EF43 CB7C             8      BIT 7,H
001B56 EF45 2032            12      JR  NZ,GETSLT_HIGH
001B58 EF47 CB74             8      BIT 6,H
001B5A EF49 21C1FC          10      LD  HL,EXPTBL
001B5D EF4C 201B            12      JR  NZ,GETSLT_40H
       EF4E                     GETSLT_00H:             ;ページ0
001B5F EF4E E603             7      AND 3
001B61 EF50 85               4      ADD A,L
001B62 EF51 6F               4      LD  L,A
001B63 EF52 CB7E            13      BIT 7,(HL)
001B65 EF54 280F            12      JR  Z,GETSLT_1
001B67 EF56 C604             7      ADD A,SLTTBL-EXPTBL     ;拡張スロットをワークアリアから取得
001B69 EF58 6F               4      LD  L,A
001B6A EF59 7E               7      LD  A,(HL)
       EF5A                     GETSLT_3:
001B6B EF5A 07               4      RLCA
001B6C EF5B 07               4      RLCA
       EF5C                     GETSLT_2:
001B6D EF5C E60C             7      AND 00CH
001B6F EF5E 67               4      LD  H,A
001B70 EF5F 7D               4      LD  A,L
001B71 EF60 D645             7      SUB LOW SLTTBL - 080H
001B73 EF62 B4               4      OR  H
001B74 EF63 E1              10      POP HL
001B75 EF64 C9              10      RET
       EF65                     GETSLT_1:               ;スロットは拡張されていない
001B76 EF65 D6C1             7      SUB LOW EXPTBL
001B78 EF67 E1              10      POP HL
001B79 EF68 C9              10      RET
                                
       EF69                     GETSLT_40H:             ;ページ1
001B7A EF69 0F               4      RRCA
001B7B EF6A 0F               4      RRCA
001B7C EF6B E603             7      AND 3
001B7E EF6D 85               4      ADD A,L
001B7F EF6E 6F               4      LD  L,A
001B80 EF6F CB7E            13      BIT 7,(HL)
001B82 EF71 28F2            12      JR  Z,GETSLT_1
001B84 EF73 C604             7      ADD A,SLTTBL-EXPTBL
001B86 EF75 6F               4      LD  L,A
001B87 EF76 7E               7      LD  A,(HL)
001B88 EF77 18E3            12      JR  GETSLT_2
                                
       EF79                     GETSLT_HIGH:
001B8A EF79 CB74             8      BIT 6,H
001B8C EF7B 21C1FC          10      LD  HL,EXPTBL
001B8F EF7E 2014            12      JR  NZ,GETSLT_C0H
       EF80                     GETSLT_80H:             ;ページ2
001B91 EF80 0F               4      RRCA
001B92 EF81 0F               4      RRCA
001B93 EF82 0F               4      RRCA
001B94 EF83 0F               4      RRCA
001B95 EF84 E603             7      AND 3
001B97 EF86 85               4      ADD A,L
001B98 EF87 6F               4      LD  L,A
001B99 EF88 CB7E            13      BIT 7,(HL)
001B9B EF8A 28D9            12      JR  Z,GETSLT_1
001B9D EF8C C604             7      ADD A,SLTTBL-EXPTBL
001B9F EF8E 6F               4      LD  L,A
001BA0 EF8F 7E               7      LD  A,(HL)
001BA1 EF90 0F               4      RRCA
001BA2 EF91 0F               4      RRCA
001BA3 EF92 18C8            12      JR  GETSLT_2
                                
       EF94                     GETSLT_C0H:             ;ページ3
001BA5 EF94 07               4      RLCA
001BA6 EF95 07               4      RLCA
001BA7 EF96 E603             7      AND 3
001BA9 EF98 85               4      ADD A,L
001BAA EF99 6F               4      LD  L,A
001BAB EF9A CB7E            13      BIT 7,(HL)
001BAD EF9C 28C7            12      JR  Z,GETSLT_1
001BAF EF9E C604             7      ADD A,SLTTBL-EXPTBL
001BB1 EFA0 6F               4      LD  L,A
001BB2 EFA1 7E               7      LD  A,(HL)
001BB3 EFA2 07               4      RLCA
001BB4 EFA3 07               4      RLCA
001BB5 EFA4 18B4            12      JR  GETSLT_3
                                
                                #if exists _RAM64K
                                SAME_SLOT_00H:          ;ページ0とページ3のスロットが同一
                                    OUT (0A8H),A
                                    LD  A,(0FFFFH)  ;拡張スロットの切り替え
                                    CPL
                                    AND 0FCH        ;ページ0マスク
                                    OR  C
                                    LD  (0FFFFH),A
                                    LD  (HL),A
                                    RET
                                
                                ENASLT_HIGH:
                                    BIT 6,H
                                    RET NZ          ;ページ3はスロット切り替え不可
                                ;
                                ;ページ2専門のENASLT
                                ;in
                                ;A←スロット
                                ;破壊
                                ;ABCHL
                                ;
                                ENASLT_80H:
                                    DI
                                    LD  L,A
                                    AND 3
                                    RLCA
                                    RLCA
                                    RLCA
                                    RLCA
                                    LD  C,A
                                    IN  A,(0A8H)
                                    LD  B,0CFH  ;ページ2マスク
                                    AND B
                                    OR  C
                                    BIT 7,L
                                    JP  Z,ENASLT_NOEXT
                                            ;拡張スロットの処理
                                    PUSH    DE
                                    CALL    ENATBL_BIOS_CHECK
                                    RLCA
                                    RLCA
                                    LD  C,A
                                    LD  A,E
                                    CALL    ENASUB
                                    LD  (HL),E
                                    POP DE
                                    RET
                                ;
                                ;ENASLT
                                ;in
                                ;A←スロット
                                ;HL←上位2ビットで切り替えるページを指定
                                ;破壊
                                ;ABCHL
                                ;
                                ENASLT:
                                    BIT 7,H
                                    JR  NZ,ENASLT_HIGH
                                    BIT 6,H
                                    JR  NZ,ENASLT_40H
                                _ENASLT_00H:
                                    DI
                                    LD  H,A
                                    AND 3
                                    LD  C,A
                                    IN  A,(0A8H)
                                    AND 0FCH    ;ページ0マスク
                                    OR  C
                                    BIT 7,H
                                    JR  Z,ENASLT_NOEXT
                                            ;拡張スロットの処理
                                    PUSH    DE
                                    LD  B,H
                                    CALL    ENATBL
                                    RRCA
                                    RRCA
                                    LD  C,A
                                    LD  A,E
                                    CP  D
                                    POP DE
                                    JR  Z,SAME_SLOT_00H ;ページ0とページ3のスロットが同一の場合
                                    LD  H,B
                                ENASLT_SUB:
                                    LD  A,H     ;ページ3でスロットを指定するためにページ1のROMのルーチンを使う
                                    PUSH    IX
                                    LD  IX,ENASLT_00H
                                INT38H_SUB1:
                                    PUSH    IY
                                    LD  IY,(ROM_SLT-1)
                                    CALL    CALSLT
                                    POP IY
                                    POP IX
                                    RET
                                
                                _ENASLT_00H_S:
                                    LD  (ENASLT_SP1),SP
                                    LD  SP,SPBUF
                                    CALL    ENASLT_SUB
                                    LD  SP,0
                                ENASLT_SP1  EQU $-2
                                    RET
                                
                                INT38H_SUB:
                                    PUSH    IX
                                    LD  IX,INT38H_ROM
                                    JR  INT38H_SUB1
                                
                                ENASLT_BIOS:
                                    POP DE
                                    LD  A,L
                                    CALL    _ENASLT
                                    POP DE
                                    RET
                                
                                ENATBL_BIOS_CHECK:
                                    LD  D,A
                                    LD  A,(0000H)
                                    CP  0F3H    ;0000H が DI の場合はページ0は BIOS とみなす
                                    JR  Z,ENASLT_BIOS
                                    LD  H,L
                                    LD  A,D
                                ENATBL:
                                    LD  D,A ;基本スロットに出力する値
                                            ;対象の拡張スロットを切り替えるために基本スロットを切り替える
                                    LD  A,H
                                    AND 3
                                    LD  C,A ;C=スロット#
                                
                                    ;スロットテーブル
                                    LD  L,LOW SLTTBL
                                    ADD A,L
                                    LD  L,A
                                            ;対象の拡張スロットを切り替えるために基本スロットを切り替える
                                    LD  A,C ;C=スロット#
                                    RRCA
                                    RRCA        ;ページ3
                                    LD  C,A
                                    LD  A,D ;基本スロットに出力する値
                                    AND 03FH    ;ページ3マスク
                                    OR  C
                                    LD  E,A ;基本スロットでページ3にスロットを割り当てる
                                    LD  A,H
                                    AND 00CH
                                    LD  H,HIGH SLTTBL
                                    RET
                                ENASLT_NOEXT_00H:
                                
                                ENASLT_NOEXT:               ;スロットが拡張されていない場合
                                    OUT (0A8H),A
                                    RET
                                
                                ;
                                ;ページ1専門のENASLT
                                ;in
                                ;A←スロット
                                ;破壊
                                ;ABCHL
                                ;
                                ENASLT_40H:
                                    DI
                                    LD  L,A
                                    AND 3
                                    RLCA
                                    RLCA
                                    LD  C,A
                                    IN  A,(0A8H)
                                    LD  B,0F3H  ;ページ1マスク
                                    AND B
                                    OR  C
                                    BIT 7,L
                                    JR  Z,ENASLT_NOEXT
                                            ;拡張スロットの処理
                                    PUSH    DE
                                    CALL    ENATBL_BIOS_CHECK
                                    LD  C,A
                                    LD  A,E
                                    CALL    ENASUB
                                    LD  (HL),E
                                    POP DE
                                    RET
                                
                                CALLF:
                                    EX  (SP),HL
                                    PUSH    AF
                                    LD  A,(HL)
                                    LD  IYH,A
                                    INC HL
                                    LD  A,(HL)
                                    LD  IXL,A
                                    INC HL
                                    LD  A,(HL)
                                    LD  IXH,A
                                    INC HL
                                    POP AF
                                    EX  (SP),HL
                                CALSLT:
                                    DI
                                    EX  AF,AF'
                                    PUSH    AF      ;裏AFを保存
                                    PUSH    HL
                                    LD  HL,08002H
                                    ADD HL,SP
                                    POP HL
                                    JR  NC,CALSLT_1
                                    CALL    CALSLT_2
                                CALSLT_E:
                                    EX  AF,AF'
                                    POP AF      ;保存した裏AF
                                    EX  AF,AF'
                                    RET
                                CALSLT_1:
                                    LD  (CSSP),SP
                                    LD  SP,SPBUF
                                    CALL    CALSLT_2
                                    LD  SP,0
                                CSSP    EQU $-2
                                    JR  CALSLT_E
                                
                                CALSLT_2:
                                    PUSH    HL
                                    LD  A,IXH
                                    LD  H,A
                                    CALL    _GETSLT
                                    CP  IYH
                                    JR  Z,CALSLT_3
                                    PUSH    BC
                                    PUSH    AF
                                    LD  A,IYH
                                    CALL    ENASLT
                                    POP AF
                                    POP BC
                                    LD  L,A
                                    LD  A,IXH
                                    LD  H,A
                                    EX  (SP),HL
                                    EX  AF,AF'
                                    CALL    JP_IX
                                    EX  (SP),HL
                                    PUSH    BC
                                    EX  AF,AF'
                                    LD  A,L
                                    CALL    ENASLT
                                    EX  AF,AF'
                                    POP BC
                                    POP HL
                                    EI
                                    RET
                                
                                CALSLT_3:
                                    POP HL
                                    EX  AF,AF'
                                    JP  (IX)
                                
                                RDSLT:
                                    DI
                                    PUSH    DE
                                    LD  D,A
                                    CALL    _GETSLT
                                    CP  D
                                    JR  Z,RDSLT1
                                    LD  E,A
                                    LD  A,D
                                    PUSH    HL
                                    CALL    ENASLT
                                    POP HL
                                    LD  B,(HL)
                                    PUSH    BC
                                    LD  A,E
                                    PUSH    HL
                                    CALL    ENASLT
                                    POP HL
                                    POP AF
                                    POP DE
                                    RET
                                RDSLT1:
                                    LD  A,(HL)
                                    POP DE
                                    RET
                                
                                WRSLT:
                                    DI
                                    PUSH    DE
                                    LD  D,A
                                    CALL    _GETSLT
                                    CP  D
                                    JR  Z,WRSLT1
                                    PUSH    AF
                                    PUSH    HL
                                    LD  A,D
                                    CALL    ENASLT
                                    POP HL
                                    LD  (HL),E
                                    POP AF
                                    PUSH    HL
                                    CALL    ENASLT
                                    POP HL
                                    POP DE
                                    RET
                                
                                WRSLT1:
                                    LD  (HL),E
                                    POP DE
                                    RET
                                
                                INT38H:
                                    DI
                                    PUSH    AF
                                    PUSH    BC
                                    PUSH    HL
                                    LD  HL,08002H
                                    ADD HL,SP
                                    JR  C,INT38H1
                                    LD  (INTSP),SP  ;スタックポインタ保存
                                    LD  SP,SPBUF
                                    CALL    INT38H_SUB
                                    LD  SP,0
                                INTSP   EQU $-2
                                    XOR A
                                INT38H1:
                                    CALL    C,INT38H_SUB
                                    POP HL
                                    POP BC
                                    POP AF
                                    EI
                                    RET
                                ;
                                ;   ページ1のディスクの読み込み補助
                                ;
                                LDIR_PAGE1_RAM:
                                    CALL    ENASLT_40H
                                    POP BC
                                    POP DE
                                    LD  HL,BUF
                                    LDIR
                                    LD  A,(ROM_SLT)
                                    CALL    ENASLT_40H
                                    JP  LDIR_PAGE1_ROM
                                ;
                                ;   フック関数を呼び出す
                                ;
                                CALL_RF:
                                    POP HL
                                    LD  A,(HL)
                                    LD  IXL,A
                                    INC HL
                                    LD  A,(HL)
                                    LD  IXH,A
                                    LD  IY,(ROM_SLT-1)
                                    CALL    _CALSLT
                                    RET C
                                    POP AF
                                    RET
                                ISC_E:
                                #endif
001BB7 5BB7                         ORG $$+RUN,$$   ;$DEPHASE
       5BB7                     AT_ISCB:
001BB7 F280                         ORG ISCB,AT_ISCB-RUN
                                
       F280                     REPLACE_COMMAND:
001BB7 F280 FEB7             7      CP  0B7H            ;FILES
001BB9 F282 CC7BFE          17      CALL    Z,H_FILE
001BBC F285 FEB5             7      CP  0B5H            ;LOAD
001BBE F287 CA71FE          10      JP  Z,H_BINS
001BC1 F28A FE8A             7      CP  08AH            ;RUN
001BC3 F28C CA76FE          10      JP  Z,H_BINL
001BC6 F28F FED6             7      CP  0D6H            ;COPY
001BC8 F291 2813            12      JR  Z,FIX_COPY
001BCA F293 FECF             7      CP  0CFH            ;BLOAD
001BCC F295 C0              11      RET NZ
       F296                     FIX_BLOAD:
001BCD F296 F7              12      RST 30H
       F297                     ROM_SLT:
001BCE F297 00                      DB  0
001BCF F298 4047                    DW  ROM_BLOAD
001BD1 F29A F5              11      PUSH    AF
001BD2 F29B E5              11      PUSH    HL
001BD3 F29C CDA5F2          17      CALL    BLOAD_RET
       F29D                     SWC_BLOAD   EQU $-2
001BD6 F29F E1              10      POP HL
001BD7 F2A0 F1              10      POP AF
001BD8 F2A1 FECF             7      CP  0CFH            ;BLOAD
       F2A3                     SWC_BLOAD_M:
001BDA F2A3 28DB            12      JR  Z,REPLACE_COMMAND
       F2A5                     BLOAD_RET:
001BDC F2A5 C9              10      RET
       F2A6                     FIX_COPY:
001BDD F2A6 F7              12      RST 30H
       F2A7                     ROM_SLT_COPY:
001BDE F2A7 00                      DB  0
001BDF F2A8 BD48                    DW  ROM_COPY
001BE1 F2AA C9              10      RET
       F2AB                     RAMUSE1:
001BE2 F2AB 3A42F3          13      LD  A,(RAMAD1)
001BE5 F2AE 180E            12      JR  _ENASLT_40H
       F2B0                     CAL_MP:
001BE7 F2B0 2640             7      LD  H,040H
001BE9 F2B2 3AC1FC          13      LD  A,(EXPTBL)
001BEC F2B5 CD2400          17      CALL    _ENASLT
001BEF F2B8 CD1C00          17      CALL    _CALSLT
       F2BB                     ROMUSE1:
001BF2 F2BB 3A97F2          13      LD  A,(ROM_SLT)
       F2BE                     _ENASLT_40H:
001BF5 F2BE 2640             7      LD  H,040H
001BF7 F2C0 C32400          10      JP  _ENASLT
                                
       F2C3                     _RESULT:
001BFA F2C3 00                      DB  0
       F2C4                     _BANK:
001BFB F2C4 00                      DB  0
       F2C5                     _BANK1:
001BFC F2C5 00                      DB  0
       F2C6                     CLSZ:               ;クラスタサイズ
001BFD F2C6 0004                    DW  1024
       F2C7                     CLSZ_H  EQU $-1     ;クラスタサイズ上位8ビット
       F2C8                     SECSZ:              ;セクタサイズ
001BFF F2C8 0002                    DW  512
       F2C9                     SECSZ_H EQU $-1     ;セクタサイズ上位8ビット
       F2CA                     RR_LOW:
001C01 F2CA 0000                    DW  0
       F2CB                     RR_MID  EQU $-1
       F2CC                     RR_HIGH:
001C03 F2CC 0000                    DW  0
       F2CE                     _CLPS:
001C05 F2CE 0000                    DW  0
       F2D0                     _LEFT:
001C07 F2D0 0000                    DW  0
       F2D2                     _DTPS:
001C09 F2D2 0000                    DW  0
       F2D4                     _DTA:
001C0B F2D4 0000                    DW  0
       F2D6                     FLG_LDIR:
001C0D F2D6 00                      DB  0
       F2D7                     _FCB:
001C0E F2D7 0000                    DW  0
       F2D9                     _BUF:
       F2D9                     _BUF_LO:        ;LOGICAL OPERATION
001C10 F2D9 00                      DB  0
       F2DA                     _BUF_ST:
001C11 F2DA 0000                    DW  0
       F2DC                     _BUF_EN:
001C13 F2DC 0000                    DW  0
       F2DE                     _BUF_EX:
       F2DE                     _BUF_W:
001C15 F2DE 0000                    DW  0
       F2E0                     _BUF_H:
001C17 F2E0 0000                    DW  0
       F2E2                     _BUF_X:
001C19 F2E2 0000                    DW  0
       F2E4                     _BUF_Y:
001C1B F2E4 00                      DB  0
       F2E5                     _BUF_P:
001C1C F2E5 00                      DB  0
       F2E6                     _BUF_O:
001C1D F2E6 00                      DB  0
       F2E7                     DTAX:
001C1E F2E7 0000                    DW  0
       F2E9                     B_DRIVE:
001C20 F2E9 00                      DB  0
       F2EA                     _DVSW:          ;カレントドライブ
001C21 F2EA 00                      DB  0
       F2EB                     _CD_A:          ;カレントディレクトリ A:
001C22 F2EB 0000                    DW  0
       F2ED                     _CD_B:          ;カレントディレクトリ B:
001C24 F2ED 0000                    DW  0
       F2EF                     DIRENT1:
001C26 F2EF 0000                    DW  0
       F2F1                     _DIR_BANK:
001C28 F2F1 00                      DB  0
       F2F2                     _LVECTOR:
001C29 F2F2 01                      DB  1
       F2F3                     LEFTX:
001C2A F2F3 0000                    DW  0
       F2F5                     PARAM0:
001C2C F2F5 0000                    DW  0
       F2F7                     PARAM1:
001C2E F2F7 0000                    DW  0
       F2F9                     _CDX:
001C30 F2F9 0000                    DW  0
       F2FB                     _CHKSP:
001C32 F2FB 1F                      DB  01FH
       F2FC                     _HL:
001C33 F2FC 0000                    DW  0
       F2FE                     _SP:
001C35 F2FE 0000                    DW  0
       F2FF                     _SP_H   EQU $-1
       F300                     FDRV:
001C37 F300 00                      DB  0
       F301                     FNAME:
001C38 F301                         DS  8+3
       F30C                     IS_BIOS:            ;C-BIOSの場合は0
001C43 F30C FF                      DB  0FFH
                                
       F30D                     ISCB_E:
[EOF:SLOT.ASM:UTF_8]
       1C44                     LAST    EQU $$
001C44 F30D                         DS  01FFFH-LAST
001FFF F6C8 00                      DB  0
                                
                                    END
[EOF:DISKROM.ASM:UTF_8]
