                                ;*** AILZ80ASM *** Z-80 Assembler, version 1.0.31.0, LST:Full:4
                                ;   Tablacus DISK ROM Lite for MSX
                                ;   Programmed by
                                ;   Gaku (Lovers/Tablacus)
                                ;
       0001                     USE_NORMAL32K_OR_ASCII16        EQU 1   ;ノーマル32KB/ASCII-16K ROMを作成する
                                
                                    INCLUDE "DISKROM.ASM"
                                ;   Tablacus DISK ROM Lite for MSX
                                ;   Programmed by
                                ;   Gaku (Lovers/Tablacus)
                                
                                    INCLUDE "DEF.ASM"
                                
                                ;   LSX-Dodgers DEF
                                ;   MSX
                                
       4000                     RUN EQU 04000H
                                
       0006                     RDVDP   EQU 0006H
       0007                     WRVDP   EQU 0007H
                                
       000C                     _RDSLT  EQU 0000CH
       0014                     _WRSLT  EQU 00014H
       001C                     _CALSLT EQU 0001CH
       0024                     _ENASLT EQU 00024H
       0030                     _CALLF  EQU 00030H
       004A                     RDVRM   EQU 0004AH
       004D                     WRTVRM  EQU 0004DH
       005C                     LDIRVM  EQU 0005CH
       006C                     INITXT  EQU 0006CH
       0078                     SETTXT  EQU 00078H
       009C                     CHSNS   EQU 0009CH
       009F                     CHGET   EQU 0009FH
       00A2                     CHPUT   EQU 000A2H
       00AE                     PLININ  EQU 000AEH
       00B7                     BREAKX  EQU 000B7H
       00C6                     POSIT   EQU 000C6H
       0138                     RSLREG  EQU 00138H
       0156                     KILBUF  EQU 00156H
       0159                     CALBAS  EQU 00159H
       01F5                     REDCLK  EQU 001F5H  ;SUB
       01F9                     WRTCLK  EQU 001F9H  ;SUB
                                
       269A                     DECADD  EQU 0269AH
       27E6                     DECMUL  EQU 027E6H
       2F8A                     FRCINT  EQU 02F8AH
                                
       303A                     FRCDBL  EQU 0303AH
                                
       406F                     ERRHAND EQU 0406FH
       409B                     READYR  EQU 0409BH
       42B2                     CRUNCH  EQU 042B2H
       4601                     NEWSTT  EQU 04601H
       4C64                     FRMEVL  EQU 04C64H
       542F                     FRMQNT  EQU 0542FH
       67D0                     FRESTR  EQU 067D0H
       7D17                     ST_BAS  EQU 07D17H
                                
       F323                     DISKVE  EQU 0F323H
       F331                     H_BDOS  EQU 0F331H
       F340                     REBOOT  EQU 0F340H
       F341                     RAMAD0  EQU 0F341H
       F342                     RAMAD1  EQU 0F342H
       F343                     RAMAD2  EQU 0F343H
       F344                     RAMAD3  EQU 0F344H
       F348                     MASTERS EQU 0F348H
       F368                     ROMUSE  EQU 0F368H
       F36B                     RAMUSE  EQU 0F36BH
       F37D                     BDOS    EQU 0F37DH
       F398                     JP_IX   EQU 0F398H
       F38C                     CLPRIM  EQU 0F38CH
       F3B0                     LINLEN  EQU 0F3B0H
       F3B9                     TXTATR  EQU 0F3B9H
       F3BB                     TXTPAT  EQU 0F3BBH
       F3D3                     MLTCOL  EQU 0F3D3H
       F3DC                     CSRY    EQU 0F3DCH
       F3DD                     CSRX    EQU 0F3DDH
       F3F8                     PUTPNT  EQU 0F3F8H
       F3FA                     GETPNT  EQU 0F3FAH
       F3FC                     CS120   EQU 0F3FCH
                                
       F41F                     KBUF    EQU 0F41FH
                                
       F55E                     BUF EQU 0F55EH
                                
       F663                     VALTYP  EQU 0F663H
       F672                     MEMSIZ  EQU 0F672H
       F674                     STKTOP  EQU 0F674H
       F676                     TXTTAB  EQU 0F676H
       F69B                     FRETOP  EQU 0F69BH
       F6B1                     SAVSTK  EQU 0F6B1H
       F6C2                     VARTAB  EQU 0F6C2H
       F6C4                     ARYTAB  EQU 0F6C4H
       F6C6                     STREND  EQU 0F6C6H
                                
       F7F6                     DAC EQU 0F7F6H
                                
                                ;FBUFFR EQU 0F7C5H
                                
       F847                     ARG EQU 0F847H
       F860                     FILTAB  EQU 0F860H
       F862                     NULBUF  EQU 0F862H
       F864                     PTRFIL  EQU 0F864H
       F866                     RUNFLG  EQU 0F866H
       F866                     FILNAM  EQU 0F866H
                                ;FILNM2 EQU 0F871H
                                
       FAF6                     ACPAGE  EQU 0FAF6H
       FAF8                     EXBRSA  EQU 0FAF8H
                                
       FB03                     RSTMP   EQU 0FB03H
       FB20                     HOKVLD  EQU 0FB20H
       FB21                     DRVTBL  EQU 0FB21H
       FBB1                     BASROM  EQU 0FBB1H
       FBCA                     FSTPOS  EQU 0FBCAH
       FBF0                     KEYBUF  EQU 0FBF0H
                                
       FC48                     BOTTOM  EQU 0FC48H
       FC4A                     HIMEM   EQU 0FC4AH
       FCC1                     EXPTBL  EQU 0FCC1H
       FCC5                     SLTTBL  EQU 0FCC5H
       FCC9                     SLTATR  EQU 0FCC9H
       FCAF                     SCRMOD  EQU 0FCAFH
       FCBE                     RUNBNF  EQU 0FCBEH
       FCBF                     SAVENT  EQU 0FCBFH
                                
       FD89                     PROCNM  EQU 0FD89H
       FD99                     DEVICE  EQU 0FD99H
                                
       FDDB                     H_PINL  EQU 0FDDBH
       FE12                     H_DSKF  EQU 0FE12H
       FE30                     H_MKI   EQU 0FE30H
       FE3F                     H_CVI   EQU 0FE3FH
       FE71                     H_BINS  EQU 0FE71H
       FE76                     H_BINL  EQU 0FE76H
       FE7B                     H_FILE  EQU 0FE7BH
       FFA7                     H_PHYD  EQU 0FFA7H
       FF43                     H_GONE  EQU 0FF43H
       FFCA                     EXTBIO  EQU 0FFCAH
                                
       C000                     FD_BOOT_START   EQU 0C000H
       C01E                     FD_BOOT_EXEC    EQU 0C01EH
                                
                                #if exists USE_NORMAL32K_OR_ASCII16
                                            ;ASCII-16K
       6000                     ASCII16_BANK0_SEL EQU 06000H    ;6000-67FF
       7000                     ASCII16_BANK1_SEL EQU 07000H    ;7000-77FF
                                #else
                                            ;ASCII-8K
                                BANK0_SEL EQU   06000H  ;6000-67FF
                                BANK1_SEL EQU   06800H  ;6800-6FFF
                                BANK2_SEL EQU   07000H  ;7000-77FF
                                BANK3_SEL EQU   07800H  ;7800-7FFF
                                            ;Konami-8K
                                KONAMI_BANK1_SEL EQU    06000H  ;6000-7FFF
                                KONAMI_BANK2_SEL EQU    08000H  ;8000-9FFF
                                KONAMI_BANK3_SEL EQU    0A000H  ;A000-BFFF
                                                ;Konami-SCC
                                KONAMI_SCC_BANK0_SEL EQU    05000H  ;5000-57FF
                                KONAMI_SCC_BANK1_SEL EQU    07000H  ;7000-77FF
                                KONAMI_SCC_BANK2_SEL EQU    09000H  ;9000-97FF
                                KONAMI_SCC_BANK3_SEL EQU    0B000H  ;B000-B7FF
                                #endif
                                
       EF40                     ISC EQU 0EF40H
       F280                     ISCB    EQU 0F280H
                                
                                #if exists _RAM64K
                                NEW_HIMEM   EQU ISC
                                #else
       F280                     NEW_HIMEM   EQU ISCB
                                #endif
                                
       0001                     DISK_BANK   EQU 1       ;ドライブAが始まるバンク#
       6000                     BANK1_ADR   EQU 06000H      ;バンク1の開始アドレス
                                
       F7F8                     DACDAT  EQU DAC+2
       F55D                     SPBUF   EQU KBUF+318    ;ページ3にスタックがない場合はKBUFを一時的に使う
                                
       003B                     ENASUB  EQU 0003BH
       F55E                     SYS1B_DPB   EQU BUF
       F571                     SYS1B_FAT   EQU SYS1B_DPB+19
                                
       FB03                     TMP_DIRENT  EQU RSTMP
[EOF:DEF.ASM:UTF_8]
000000 4000                         ORG RUN
                                
                                ; MSX ROM header
000000 4000 4142                    DB  "AB"        ; ID for auto-executable ROM
000002 4002 0041                    DW  INIT_ROM    ; Main program execution address.
000004 4004 D550                    DW  STATEMENT   ; STATEMENT
000006 4006 1852                    DW  DEVICE_ENTRY    ; DEVICE
000008 4008 0000                    DW  0       ; TEXT
00000A 400A 000000000000            DW  0,0,0       ; Reserved
                                
000010 4010 C3B453          10      JP  DISKIO
000013 4013 C30154          10      JP  DSKCHG
000016 4016 C35754          10      JP  GETDPB
000019 4019 C34A55          10      JP  CHOICE
00001C 401C C34E55          10      JP  DSKFMT
00001F 401F C35055          10      JP  DSKSTP
000022 4022 C35155          10      JP  BASENT
000025 4025 37               4      SCF
000026 4026 C34E55          10      JP  DSKFMT
000029 4029 C35055          10      JP  DSKSTP
00002C 402C 00               4      NOP
00002D 402D C3B255          10      JP  GETSLT
000030 4030 2A4BF3          16      LD  HL,(0F34BH)
000033 4033 C9              10      RET
                                
00007F 407F                         ORG 0407FH
00007F 407F C9              10      RET
                                ; Version
000080 4080 5461626C61637573        DB  "Tablacus DISK ROM Lite"
            204449534B20524F    
            4D204C697465        
000096 4096                         ALIGN   32
0000A0 40A0 76302E372E342E33        DB  "v0.7.4.3"
0000A8 40A8                         ALIGN   32
       40C0                     MSG_ERROR_ROM_MODE:
                                #if exists USE_NORMAL32K_OR_ASCII16
0000C0 40C0 4E6F726D616C2052        DB  "Normal ROM/ASCII-16K only!",13,10
            4F4D2F4153434949    
            2D31364B206F6E6C    
            79210D0A            
                                #else
                                    DB  "ASCII-8K/Konami-8K/Konami-SCC only!",13,10
                                #endif
000100 4100                         ORG 04100H
       4100                     INIT_ROM:
000100 4100 AF               4      XOR A
000101 4101 2100F3          10      LD  HL,0F300H
000104 4104 0668             7      LD  B,068H
000106 4106 CD204D          17      CALL    FILL_MEMORY
                                
000109 4109 3E01             7      LD  A,1
00010B 410B 3221FB          13      LD  (DRVTBL),A
                                
00010E 410E 2A4AFC          16      LD  HL,(HIMEM)
000111 4111 1180F2          10      LD  DE,NEW_HIMEM
000114 4114 A7               4      AND A
000115 4115 ED52            15      SBC HL,DE
000117 4117 382D            12      JR  C,INIT1
000119 4119 EB               4      EX  DE,HL
00011A 411A 2A74F6          16      LD  HL,(STKTOP)
00011D 411D ED52            15      SBC HL,DE
00011F 411F 2274F6          16      LD  (STKTOP),HL ;起動時の空き容量表示の為
000122 4122 F9               6      LD  SP,HL
000123 4123 2A72F6          16      LD  HL,(MEMSIZ)
000126 4126 7C               4      LD  A,H
000127 4127 B5               4      OR  L
000128 4128 320CF3          13      LD  (IS_BIOS),A
00012B 412B 2006            12      JR  NZ,GENUINE
00012D 412D 2180F1          10      LD  HL,0F180H   ;C-BIOSの場合に補正する
000130 4130 229BF6          16      LD  (FRETOP),HL
       4133                     GENUINE:
000133 4133 ED52            15      SBC HL,DE
000135 4135 2272F6          16      LD  (MEMSIZ),HL
000138 4138 2A9BF6          16      LD  HL,(FRETOP)
00013B 413B ED52            15      SBC HL,DE
00013D 413D 229BF6          16      LD  (FRETOP),HL
000140 4140 2180F2          10      LD  HL,NEW_HIMEM
000143 4143 224AFC          16      LD  (HIMEM),HL
       4146                     INIT1:
000146 4146 AF               4      XOR A
000147 4147 32EAF2          13      LD  (_DVSW),A
00014A 414A 3D               4      DEC A       ;0FFH
00014B 414B 3299FD          13      LD  (DEVICE),A
                                #if exists _RAM64K
                                    LD  HL,AT_ISC
                                    LD  DE,ISC
                                    LD  BC,ISC_E-ISC
                                    LDIR
                                #endif
00014E 414E C30043          10      JP  INIT_300
                                
0001BD 41BD                         ORG 041BDH
0001BD 41BD C9              10      RET
                                
                                    ;MBR_Partition1 (2DDのデータ)
0001BE 41BE 00                      DB  0       ;ブートフラグ
0001BF 41BF 000000                  DB  0,0,0       ;パーティションの最初のセクタ番号(CHS方式)
0001C2 41C2 01                      DB  1       ;識別子(FAT12)
0001C3 41C3 000000                  DB  0,0,0       ;パーティションの最後のセクタ番号(CHS方式)
0001C6 41C6 10000000                DW  16,0        ;パーティションの最初のセクタ番号(LBA方式)
0001CA 41CA A0050000                DW  1440,0      ;パーティション内のセクタ数(LBA方式)
                                
                                #if exists USE_NORMAL32K_OR_ASCII16
                                #else
                                    ;MBR_Partition2 (2DDのデータ)
                                    DB  0       ;ブートフラグ
                                    DB  0,0,0       ;パーティションの最初のセクタ番号(CHS方式)
                                    DB  1       ;識別子(FAT12)
                                    DB  0,0,0       ;パーティションの最後のセクタ番号(CHS方式)
                                    DW  16+1440,0   ;パーティションの最初のセクタ番号(LBA方式)
                                    DW  1440,0      ;パーティション内のセクタ数(LBA方式)
                                #endif
                                
0001FE 41FE                         ORG 041FEH
0001FE 41FE 55AA                    DB  055H,0AAH   ;MBR_Sig
                                
                                    INCLUDE "TABLE.ASM"
       4200                     STABLE:
                                ;0
000200 4200 4256575688569E59        DW  _ERROR,_SYS01,_SYS02,_SYS03
000208 4208 425642568D56DC56        DW  _ERROR,_ERROR,_SYS06,_SYS07
000210 4210 9556CE562857FF57        DW  _SYS08,_SYS09,_SYS0A,_SYS0B
000218 4218 1E5924592B593459        DW  _SYS0C,_SYS0D,_SYS0E,_SYS0F
                                ;1
000220 4220 9959A159E6599E59        DW  _SYS10,_SYS11,_SYS12,_SYS13
000228 4228 095A9E599E599E59        DW  _SYS14,_SYS15,_SYS16,_SYS17
000230 4230 225A285A2D5A335A        DW  _SYS18,_SYS19,_SYS1A,_SYS1B
000238 4238 4256225A42564256        DW  _ERROR,_SYS1D,_ERROR,_ERROR
                                ;2
000240 4240 4256685A9E59765A        DW  _ERROR,_SYS21,_SYS22,_SYS23
000248 4248 8F5A42569E59985A        DW  _SYS24,_ERROR,_SYS26,_SYS27
000250 4250 9E59DE5A11589E59        DW  _SYS28,_SYS29,_SYS2A,_SYS2B
000258 4258 61589E594256F95A        DW  _SYS2C,_SYS2D,_ERROR,_SYS2F
                                ;3
000260 4260 4256425642564256        DW  _ERROR,_ERROR,_ERROR,_ERROR
000268 4268 4256425642564256        DW  _ERROR,_ERROR,_ERROR,_ERROR
000270 4270 42569E599E594256        DW  _ERROR,_SYS39,_SYS3A,_ERROR
000278 4278 4256425642564256        DW  _ERROR,_ERROR,_ERROR,_ERROR
                                ;4
000280 4280 4256425642564256        DW  _ERROR,_ERROR,_ERROR,_ERROR
000288 4288 4256425642564256        DW  _ERROR,_ERROR,_ERROR,_ERROR
000290 4290 4256425642564256        DW  _ERROR,_ERROR,_ERROR,_ERROR
000298 4298 4256425642564256        DW  _ERROR,_ERROR,_ERROR,_ERROR
                                ;5
0002A0 42A0 4256425642564256        DW  _ERROR,_ERROR,_ERROR,_ERROR
0002A8 42A8 4256425642564256        DW  _ERROR,_ERROR,_ERROR,_ERROR
0002B0 42B0 4256015B135B1E5B        DW  _ERROR,_SYS59,_SYS5A,_SYS5B
0002B8 42B8 285B425642564256        DW  _SYS5C,_ERROR,_ERROR,_ERROR
                                ;6
0002C0 42C0 4256425642564256        DW  _ERROR,_ERROR,_ERROR,_ERROR
0002C8 42C8 4256425642564256        DW  _ERROR,_ERROR,_ERROR,_ERROR
0002D0 42D0 655B425642564256        DW  _SYS68,_ERROR,_ERROR,_ERROR
0002D8 42D8 4256425642565D5B        DW  _ERROR,_ERROR,_ERROR,_SYS6F
                                ;7
0002E0 42E0 4256425642564256        DW  _ERROR,_ERROR,_ERROR,_ERROR
0002E8 42E8 4256425642564256        DW  _ERROR,_ERROR,_ERROR,_ERROR
0002F0 42F0 4256425642564256        DW  _ERROR,_ERROR,_ERROR,_ERROR
0002F8 42F8 4256425642564256        DW  _ERROR,_ERROR,_ERROR,_ERROR
[EOF:TABLE.ASM:UTF_8]
                                    INCLUDE "INIT.ASM"
                                
                                ;   Tablacus DISK ROM - INIT
                                ;
       4300                     INIT_300:
000300 4300 3A0CF3          13      LD  A,(IS_BIOS)
000303 4303 21865C          10      LD  HL,AT_ISCB
000306 4306 1180F2          10      LD  DE,ISCB
000309 4309 018D00          10      LD  BC,ISCB_E-ISCB
00030C 430C EDB0                    LDIR
00030E 430E 320CF3          13      LD  (IS_BIOS),A
000311 4311 2AB1F6          16      LD  HL,(SAVSTK)
000314 4314 224BF3          16      LD  (0F34BH),HL
                                
000317 4317 3EC3             7      LD  A,0C3H      ;JP
000319 4319 3243FF          13      LD  (H_GONE),A
00031C 431C 327DF3          13      LD  (BDOS),A
00031F 431F 326BF3          13      LD  (RAMUSE),A
000322 4322 3268F3          13      LD  (ROMUSE),A
000325 4325 2180F2          10      LD  HL,REPLACE_COMMAND
000328 4328 2244FF          16      LD  (H_GONE+1),HL
00032B 432B 2131F3          10      LD  HL,H_BDOS
00032E 432E 227EF3          16      LD  (BDOS+1),HL
000331 4331 21ABF2          10      LD  HL,RAMUSE1
000334 4334 226CF3          16      LD  (RAMUSE+1),HL
000337 4337 21BBF2          10      LD  HL,ROMUSE1
00033A 433A 2269F3          16      LD  (ROMUSE+1),HL
                                
00033D 433D 3E                      DB  03EH
00033E 433E F7              12      RST 30H
00033F 433F 3271FE          13      LD  (H_BINS),A
000342 4342 3276FE          13      LD  (H_BINL),A
000345 4345 327BFE          13      LD  (H_FILE),A
000348 4348 3231F3          13      LD  (H_BDOS),A
00034B 434B 32A7FF          13      LD  (H_PHYD),A
                                
00034E 434E 2640             7      LD  H,040H
000350 4350 CD205C          17      CALL    AT_GETSLT
000353 4353 3297F2          13      LD  (ROM_SLT),A
000356 4356 32A7F2          13      LD  (ROM_SLT_COPY),A
000359 4359 3272FE          13      LD  (H_BINS+1),A
00035C 435C 3277FE          13      LD  (H_BINL+1),A
00035F 435F 327CFE          13      LD  (H_FILE+1),A
000362 4362 3232F3          13      LD  (H_BDOS+1),A
000365 4365 32A8FF          13      LD  (H_PHYD+1),A
000368 4368 3222FB          13      LD  (DRVTBL+1),A
00036B 436B 3248F3          13      LD  (MASTERS),A
00036E 436E 210047          10      LD  HL,ROM_LOAD
000371 4371 2273FE          16      LD  (H_BINS+2),HL
000374 4374 21B048          10      LD  HL,ROM_RUN
000377 4377 2278FE          16      LD  (H_BINL+2),HL
00037A 437A 21BE48          10      LD  HL,ROM_FILES
00037D 437D 227DFE          16      LD  (H_FILE+2),HL
000380 4380 214556          10      LD  HL,ROM_BDOS
000383 4383 2233F3          16      LD  (H_BDOS+2),HL
000386 4386 21B453          10      LD  HL,DISKIO
000389 4389 22A9FF          16      LD  (H_PHYD+2),HL
                                
00038C 438C 3E                      DB  03EH
00038D 438D C9              10      RET
00038E 438E 327FFE          13      LD  (H_FILE+4),A
000391 4391 3275FE          13      LD  (H_BINS+4),A
000394 4394 327AFE          13      LD  (H_BINL+4),A
000397 4397 3235F3          13      LD  (H_BDOS+4),A
00039A 439A 32DFFD          13      LD  (H_PINL+4),A
00039D 439D 32ABFF          13      LD  (H_PHYD+4),A
                                #if exists _RAM64K
                                    LD  A,0CDH      ;CALL
                                    LD  (H_MKI),A
                                    LD  (H_CVI),A
                                    LD  (H_DSKF),A
                                
                                    LD  HL,CALL_RF
                                    LD  (H_MKI+1),HL
                                    LD  (H_CVI+1),HL
                                    LD  (H_DSKF+1),HL
                                
                                    LD  HL,ROM_MKI
                                    LD  (H_MKI+3),HL
                                    LD  HL,ROM_CVI
                                    LD  (H_CVI+3),HL
                                    LD  HL,ROM_DSKF
                                    LD  (H_DSKF+3),HL
                                #endif
0003A0 43A0 AF               4      XOR A
                                #if exists USE_NORMAL32K_OR_ASCII16
0003A1 43A1 320060          13      LD  (ASCII16_BANK0_SEL),A       ;似非RAM対策でバンク0を設定
0003A4 43A4 320070          13      LD  (ASCII16_BANK1_SEL),A       ;ASCII-16K
                                #else
                                    LD  (BANK0_SEL),A           ;似非RAM対策でバンク0を設定
                                    LD  (BANK1_SEL),A           ;ASCII-8K/Konami-8K
                                    LD  (KONAMI_SCC_BANK1_SEL),A    ;Konami-8K/Konami-SCC
                                #endif
0003A7 43A7 3A0060          13      LD  A,(BANK1_ADR)
0003AA 43AA FE41             7      CP  'A'
                                #if exists USE_NORMAL32K_OR_ASCII16
0003AC 43AC CA5444          10      JP  Z,NOT_BANK_TYPE
0003AF 43AF 3E01             7      LD  A,DISK_BANK
0003B1 43B1 320070          13      LD  (ASCII16_BANK1_SEL),A       ;ASCII-16K
                                #else
                                    JP  NZ,NOT_BANK_TYPE
                                    LD  A,DISK_BANK
                                    LD  (BANK1_SEL),A           ;ASCII-8K/Konami-8K
                                    LD  (KONAMI_SCC_BANK1_SEL),A    ;Konami-8K/Konami-SCC
                                #endif
0003B4 43B4 26C0             7      LD  H,0C0H
0003B6 43B6 CD205C          17      CALL    AT_GETSLT
0003B9 43B9 3244F3          13      LD  (RAMAD3),A
0003BC 43BC 2680             7      LD  H,080H
0003BE 43BE CD205C          17      CALL    AT_GETSLT
0003C1 43C1 CD6144          17      CALL    CHK_RAM
0003C4 43C4 3243F3          13      LD  (RAMAD2),A
       43C7                     RAMCHK2:
0003C7 43C7 3A44F3          13      LD  A,(RAMAD3)
0003CA 43CA 2640             7      LD  H,040H
0003CC 43CC CD6144          17      CALL    CHK_RAM
0003CF 43CF 3242F3          13      LD  (RAMAD1),A
       43D2                     RAMCHK1:
0003D2 43D2 3A44F3          13      LD  A,(RAMAD3)
0003D5 43D5 2600             7      LD  H,00H
0003D7 43D7 CD6144          17      CALL    CHK_RAM
0003DA 43DA 3241F3          13      LD  (RAMAD0),A
       43DD                     RAMCHK0:
0003DD 43DD 2A1360          16      LD  HL,(BANK1_ADR+19)   ;BPB_TotSec16
0003E0 43E0 010F00          10      LD  BC,0000FH       ;切り上げ
0003E3 43E3 09              11      ADD HL,BC
0003E4 43E4 7D               4      LD  A,L
                                
0003E5 43E5 0604             7      LD  B,4
       43E7                     B_DRIVE1:
0003E7 43E7 CB3C             8      SRL H
0003E9 43E9 1F               4      RRA
0003EA 43EA 10FB            13      DJNZ    B_DRIVE1
                                
0003EC 43EC C601             7      ADD A,DISK_BANK     ;A=(TotSec16/16)+DISK_BANK
0003EE 43EE 32E9F2          13      LD  (B_DRIVE),A
                                
                                #if exists FIX_DRIVE
                                    LD  A,(B_DRIVE)
                                    CP  FIX_DRIVE
                                    JR  Z,OK_FIX_DRIVE
                                    LD  HL,MSG_ERROR_DRIVE
                                    CALL    MSX
                                    LD  A,(B_DRIVE)
                                    CALL    PRTHX
                                    LD  IX,CHGET
                                    CALL    CALSLT_R
                                    LD  HL,MSG_CRLF
                                    CALL    MSX
                                OK_FIX_DRIVE:
                                #endif
                                    ;拡張スロットの選択を設定する
0003F1 43F1 3A97F2          13      LD  A,(ROM_SLT)
0003F4 43F4 57               4      LD  D,A
0003F5 43F5 E60C             7      AND 00CH
0003F7 43F7 5F               4      LD  E,A
0003F8 43F8 7A               4      LD  A,D
0003F9 43F9 E603             7      AND 3
0003FB 43FB 87               4      ADD A,A
0003FC 43FC 87               4      ADD A,A
0003FD 43FD 87               4      ADD A,A
0003FE 43FE 37               4      SCF
0003FF 43FF 8F               4      ADC A,A
000400 4400 B3               4      OR  E
000401 4401 5F               4      LD  E,A
000402 4402 1600             7      LD  D,0
000404 4404 21C9FC          10      LD  HL,SLTATR
000407 4407 19              11      ADD HL,DE
000408 4408 3660            10      LD  (HL),060H
                                
00040A 440A 3E01             7      LD  A,1
00040C 440C CD3A54          17      CALL    IS_BPB
00040F 440F 9F               4      SBC A,A
000410 4410 E602             7      AND 2
000412 4412 EE03             7      XOR 3
000414 4414 32F2F2          13      LD  (_LVECTOR),A
                                    ;CTRL+STOPを抑制する
000417 4417 3E01             7      LD  A,1
000419 4419 32B1FB          13      LD  (BASROM),A
                                
00041C 441C 3ACAFF          13      LD  A,(EXTBIO)
00041F 441F FEF7             7      CP  0F7H        ;RST 30H
000421 4421 280A            12      JR  Z,EXTBIO_OK
000423 4423 3E                      DB  03EH
000424 4424 C9              10      RET
000425 4425 21CAFF          10      LD  HL,EXTBIO
000428 4428 061D             7      LD  B,29
00042A 442A CD204D          17      CALL    FILL_MEMORY
       442D                     EXTBIO_OK:
00042D 442D AF               4      XOR A
00042E 442E 3240F3          13      LD  (REBOOT),A
000431 4431 2A48FC          16      LD  HL,(BOTTOM)
000434 4434 110040          10      LD  DE,16384
000437 4437 19              11      ADD HL,DE
000438 4438 DA5144          10      JP  C,BOOT1     ;RAM16KB以下の場合はブートセクタを実行しない
                                
                                ;   LD  E,A     ;すでにE=0
00043B 443B 57               4      LD  D,A
00043C 443C 0601             7      LD  B,1
00043E 443E 2100C0          10      LD  HL,FD_BOOT_START
000441 4441 CDB453          17      CALL    DISKIO
000444 4444 DA5155          10      JP  C,BASENT
                                
000447 4447 1168F3          10      LD  DE,ROMUSE
00044A 444A 2123F3          10      LD  HL,DISKVE
00044D 444D AF               4      XOR A
00044E 444E CD1EC0          17      CALL    FD_BOOT_EXEC
                                #if exists _RAM64K
                                                ;64K版の場合はページ0をRAMに切り替えRAM側にインタースロットコールを入れる
                                    LD  A,(RAMAD0)  ;ページ0をRAMに切り替える
                                    CALL    ENASLT_00H
                                
                                    XOR A
                                    LD  B,A
                                    LD  H,A
                                    LD  L,A
                                    CALL    FILL_MEMORY
                                
                                    LD  A,0C3H      ;JP
                                                ;インタースロットコール
                                    LD  HL,RDSLT
                                    LD  (_RDSLT),A
                                    LD  (_RDSLT+1),HL
                                
                                    LD  HL,WRSLT
                                    LD  (_WRSLT),A
                                    LD  (_WRSLT+1),HL
                                
                                    LD  HL,CALSLT
                                    LD  (_CALSLT),A
                                    LD  (_CALSLT+1),HL
                                
                                    LD  HL,ENASLT
                                    LD  (_ENASLT),A
                                    LD  (_ENASLT+1),HL
                                
                                    LD  HL,CALLF
                                    LD  (_CALLF),A
                                    LD  (_CALLF+1),HL
                                                ;割り込み
                                    LD  HL,INT38H
                                    LD  (00038H),A
                                    LD  (00038H+1),HL
                                                ;インタースロットコールの補助
                                    LD  HL,AT_3B
                                    LD  DE,ENASUB
                                    LD  BC,AT_3B_E-AT_3B
                                    LDIR
                                
                                    LD  HL,(_RDSLT+1)
                                    LD  DE,RDSLT
                                    XOR A
                                    SBC HL,DE
                                    LD  DE,ROMUSE
                                    LD  HL,DISKVE
                                    SCF
                                    CALL    Z,FD_BOOT_EXEC
                                #endif
       4451                     BOOT1:
000451 4451 C35155          10      JP  BASENT
                                
       4454                     NOT_BANK_TYPE:
                                                ;ROMのタイプが違う
000454 4454 21C040          10      LD  HL,MSG_ERROR_ROM_MODE
000457 4457 CDFF44          17      CALL    MSX
00045A 445A DD219F00        14      LD  IX,CHGET
00045E 445E C3E144          10      JP  CALSLT_R
                                
       4461                     CHK_RAM:
000461 4461 E5              11      PUSH    HL
000462 4462 CDB844          17      CALL    CHK_RAM0
000465 4465 E1              10      POP HL
000466 4466 C8              11      RET Z
000467 4467 3AC1FC          13      LD  A,(EXPTBL)      ;スロット#0
00046A 446A E680             7      AND 080H
00046C 446C CD8D44          17      CALL    CHK_RAM_SLT
00046F 446F C8              11      RET Z
000470 4470 3AC2FC          13      LD  A,(EXPTBL+1)        ;スロット#1
000473 4473 E680             7      AND 080H
000475 4475 C601             7      ADD A,1
000477 4477 CD8D44          17      CALL    CHK_RAM_SLT
00047A 447A C8              11      RET Z
00047B 447B 3AC3FC          13      LD  A,(EXPTBL+2)        ;スロット#2
00047E 447E E680             7      AND 080H
000480 4480 C602             7      ADD A,2
000482 4482 CD8D44          17      CALL    CHK_RAM_SLT
000485 4485 C8              11      RET Z
000486 4486 3AC4FC          13      LD  A,(EXPTBL+3)        ;スロット#3
000489 4489 E680             7      AND 080H
00048B 448B C603             7      ADD A,3
       448D                     CHK_RAM_SLT:
00048D 448D E5              11      PUSH    HL
00048E 448E CDB844          17      CALL    CHK_RAM0        ;スロット#X or X-0
000491 4491 E1              10      POP HL
000492 4492 C8              11      RET Z
000493 4493 CB79             8      BIT 7,C
000495 4495 281C            12      JR  Z,CHK_RAM_E     ;スロットは拡張されていない
000497 4497 79               4      LD  A,C
000498 4498 F604             7      OR  4           ;スロット#X-1
00049A 449A E5              11      PUSH    HL
00049B 449B CDB844          17      CALL    CHK_RAM0
00049E 449E E1              10      POP HL
00049F 449F C8              11      RET Z
0004A0 44A0 79               4      LD  A,C
0004A1 44A1 F60C             7      OR  00CH            ;スロット#X-3
0004A3 44A3 E5              11      PUSH    HL
0004A4 44A4 CDB844          17      CALL    CHK_RAM0
0004A7 44A7 E1              10      POP HL
0004A8 44A8 C8              11      RET Z
0004A9 44A9 79               4      LD  A,C
0004AA 44AA E6F3             7      AND 0F3H            ;スロット#X-2
0004AC 44AC F608             7      OR  8
0004AE 44AE E5              11      PUSH    HL
0004AF 44AF CDB844          17      CALL    CHK_RAM0
0004B2 44B2 E1              10      POP HL
       44B3                     CHK_RAM_E:
0004B3 44B3 AF               4      XOR A
0004B4 44B4 3C               4      INC A           ;ZF=0にする
0004B5 44B5 3E00             7      LD  A,0
0004B7 44B7 C9              10      RET
                                
       44B8                     CHK_RAM0:
0004B8 44B8 4F               4      LD  C,A
0004B9 44B9 2E00             7      LD  L,0
       44BB                     CHK_RAM1:
0004BB 44BB 79               4      LD  A,C
0004BC 44BC CD3145          17      CALL    RDSLTX
0004BF 44BF C6E5             7      ADD A,0E5H
0004C1 44C1 47               4      LD  B,A
0004C2 44C2 5F               4      LD  E,A
0004C3 44C3 79               4      LD  A,C
0004C4 44C4 C5              11      PUSH    BC
0004C5 44C5 CD1400          17      CALL    _WRSLT
0004C8 44C8 C1              10      POP BC
0004C9 44C9 79               4      LD  A,C
0004CA 44CA CD3145          17      CALL    RDSLTX
0004CD 44CD B8               4      CP  B
0004CE 44CE C0              11      RET NZ
0004CF 44CF D6E5             7      SUB 0E5H
0004D1 44D1 79               4      LD  A,C
0004D2 44D2 5F               4      LD  E,A
0004D3 44D3 C5              11      PUSH    BC
0004D4 44D4 CD1400          17      CALL    _WRSLT
0004D7 44D7 C1              10      POP BC
0004D8 44D8 24               4      INC H
0004D9 44D9 7D               4      LD  A,L
0004DA 44DA C604             7      ADD A,4
0004DC 44DC 6F               4      LD  L,A
0004DD 44DD 20DC            12      JR  NZ,CHK_RAM1
0004DF 44DF 79               4      LD  A,C     ;ZF=1のハズ
0004E0 44E0 C9              10      RET
                                
       44E1                     CALSLT_R:
0004E1 44E1 C5              11      PUSH    BC
0004E2 44E2 E5              11      PUSH    HL
0004E3 44E3 CDE944          17      CALL    CALSLT_BIOS_PAGE0
0004E6 44E6 E1              10      POP HL
0004E7 44E7 C1              10      POP BC
0004E8 44E8 C9              10      RET
                                
       44E9                     CALSLT_BIOS_PAGE0:
0004E9 44E9 F5              11      PUSH    AF
0004EA 44EA 3A0000          13      LD  A,(0000H)
0004ED 44ED FEF3             7      CP  0F3H        ;0000H が DI の場合はページ0を BIOS ROM とみなす
0004EF 44EF 2808            12      JR  Z,CALSLT_R2
0004F1 44F1 F1              10      POP AF
       44F2                     CALSLT_BIOS:
0004F2 44F2 FD2AC0FC        20      LD  IY,(EXPTBL-1) ;メインROMスロット
0004F6 44F6 C31C00          10      JP  _CALSLT
       44F9                     CALSLT_R2:
0004F9 44F9 F1              10      POP AF
0004FA 44FA DDE9             8      JP  (IX)
                                
       44FC                     MSX1:
0004FC 44FC CD5E56          17      CALL    MSGA1
       44FF                     MSX:
0004FF 44FF 7E               7      LD  A,(HL)
000500 4500 23               6      INC HL
000501 4501 B7               4      OR  A
000502 4502 20F8            12      JR  NZ,MSX1
000504 4504 C9              10      RET
                                
       4505                     PRTHX:
000505 4505 F5              11      PUSH    AF
000506 4506 07               4      RLCA
000507 4507 07               4      RLCA
000508 4508 07               4      RLCA
000509 4509 07               4      RLCA
00050A 450A CD0E45          17      CALL    PRTA2
00050D 450D F1              10      POP AF
       450E                     PRTA2:
00050E 450E CD1445          17      CALL    ASC
000511 4511 C35A56          10      JP  MSG_A
                                
       4514                     ASC:
000514 4514 E60F             7      AND 0FH
000516 4516 C630             7      ADD A,'0'
000518 4518 FE3A             7      CP  '9'+1
00051A 451A D8              11      RET C
00051B 451B C607             7      ADD A,7
00051D 451D C9              10      RET
                                
       451E                     MSN:
                                #if exists USE_NORMAL32K_OR_ASCII16
00051E 451E CD2A45          17      CALL    RDSLT_ROM
                                #else
                                    LD  A,(HL)
                                #endif
000521 4521 23               6      INC HL
000522 4522 CD5A56          17      CALL    MSG_A
000525 4525 10F7            13      DJNZ    MSN
000527 4527 C9              10      RET
                                
       4528                     RDSLT_ROM3:
000528 4528 7E               7      LD  A,(HL)
000529 4529 C9              10      RET
       452A                     RDSLT_ROM:
00052A 452A CB7C             8      BIT 7,H
00052C 452C 28FA            12      JR  Z,RDSLT_ROM3
       452E                     RDSLT_ROM2:
00052E 452E 3A97F2          13      LD  A,(ROM_SLT)
       4531                     RDSLTX:
000531 4531 C5              11      PUSH    BC
000532 4532 D5              11      PUSH    DE
000533 4533 CD0C00          17      CALL    _RDSLT
000536 4536 D1              10      POP DE
000537 4537 C1              10      POP BC
000538 4538 C9              10      RET
                                
[EOF:INIT.ASM:UTF_8]
                                    INCLUDE "FILE.ASM"
                                ;
                                ;   ディスクからメモリへの転送
                                ;
       4539                     ROM_LDIR:
000539 4539 3AD6F2          13      LD  A,(FLG_LDIR)
00053C 453C B7               4      OR  A
00053D 453D 2069            12      JR  NZ,ROM_LDIRVM
00053F 453F CB7A             8      BIT 7,D
000541 4541 CAD445          10      JP  Z,ROM_LDIRSLT
                                ;
                                ;   ページ2/ページ3
                                ;
                                #if exists USE_NORMAL32K_OR_ASCII16
000544 4544 F3               4      DI
000545 4545 ED73FEF2        20      LD  (_SP),SP
000549 4549 3AFFF2          13      LD  A,(_SP_H)
00054C 454C FEC0             7      CP  0C0H
00054E 454E 3003            12      JR  NC,SPJ1
000550 4550 315DF5          10      LD  SP,SPBUF
       4553                     SPJ1:
       4553                     LDIR_PAGE2_1:
000553 4553 78               4      LD  A,B
000554 4554 B1               4      OR  C
000555 4555 284C            12      JR  Z,LDIRE
                                
000557 4557 C5              11      PUSH    BC
000558 4558 D5              11      PUSH    DE
000559 4559 E5              11      PUSH    HL
00055A 455A 3A97F2          13      LD  A,(ROM_SLT)
00055D 455D 2680             7      LD  H,080H
00055F 455F CD2400          17      CALL    _ENASLT
000562 4562 E1              10      POP HL
000563 4563 D1              10      POP DE
000564 4564 C1              10      POP BC
       4565                     LDIR_PAGE2_2:
000565 4565 CB72             8      BIT 6,D
000567 4567 202C            12      JR  NZ,LDIR_PAGE2_4
                                
000569 4569 C5              11      PUSH    BC
00056A 456A D5              11      PUSH    DE
00056B 456B 115EF5          10      LD  DE,BUF
                                
00056E 456E 78               4      LD  A,B
00056F 456F B7               4      OR  A
000570 4570 2803            12      JR  Z,LDIR_PAGE2_3
000572 4572 010001          10      LD  BC,00100H       ;B != 0 の場合は256バイトずつ転送
       4575                     LDIR_PAGE2_3:
000575 4575 C5              11      PUSH    BC
000576 4576 EDB0                    LDIR
000578 4578 22FCF2          16      LD  (_HL),HL
                                
00057B 457B 3A43F3          13      LD  A,(RAMAD2)
00057E 457E 2680             7      LD  H,080H
000580 4580 CD2400          17      CALL    _ENASLT
                                
000583 4583 C1              10      POP BC
000584 4584 D1              10      POP DE
000585 4585 215EF5          10      LD  HL,BUF
000588 4588 EDB0                    LDIR
                                
00058A 458A 2AFCF2          16      LD  HL,(_HL)
00058D 458D C1              10      POP BC
00058E 458E 78               4      LD  A,B
00058F 458F B7               4      OR  A
000590 4590 2811            12      JR  Z,LDIRE
000592 4592 05               4      DEC B
000593 4593 18BE            12      JR  LDIR_PAGE2_1
       4595                     LDIR_PAGE2_4:               ;ページ3
                                #endif
000595 4595 EDB0                    LDIR
                                
                                #if exists USE_NORMAL32K_OR_ASCII16
       4597                     LDIRE2:
000597 4597 D5              11      PUSH    DE
000598 4598 E5              11      PUSH    HL
000599 4599 3A43F3          13      LD  A,(RAMAD2)
00059C 459C 2680             7      LD  H,080H
00059E 459E CD2400          17      CALL    _ENASLT
0005A1 45A1 E1              10      POP HL
0005A2 45A2 D1              10      POP DE
       45A3                     LDIRE:
0005A3 45A3 ED7BFEF2        20      LD  SP,(_SP)
                                #else
                                LDIRE2:
                                #endif
0005A7 45A7 C9              10      RET
                                ;
                                ;   ディスクからV-RAMへの転送
                                ;
       45A8                     ROM_LDIRVM:
                                #if exists USE_NORMAL32K_OR_ASCII16
0005A8 45A8 F3               4      DI
0005A9 45A9 ED73FEF2        20      LD  (_SP),SP
0005AD 45AD 3AFFF2          13      LD  A,(_SP_H)
0005B0 45B0 FEC0             7      CP  0C0H
0005B2 45B2 3003            12      JR  NC,SPJ2
0005B4 45B4 315DF5          10      LD  SP,SPBUF
       45B7                     SPJ2:
0005B7 45B7 C5              11      PUSH    BC
0005B8 45B8 D5              11      PUSH    DE
0005B9 45B9 E5              11      PUSH    HL
0005BA 45BA 3A97F2          13      LD  A,(ROM_SLT)
0005BD 45BD 2680             7      LD  H,080H
0005BF 45BF CD2400          17      CALL    _ENASLT
0005C2 45C2 E1              10      POP HL
0005C3 45C3 D1              10      POP DE
0005C4 45C4 C1              10      POP BC
                                #endif
0005C5 45C5 C5              11      PUSH    BC
0005C6 45C6 D5              11      PUSH    DE
0005C7 45C7 DD215C00        14      LD  IX,LDIRVM
0005CB 45CB CDE944          17      CALL    CALSLT_BIOS_PAGE0
0005CE 45CE E1              10      POP HL
0005CF 45CF C1              10      POP BC
0005D0 45D0 09              11      ADD HL,BC
0005D1 45D1 EB               4      EX  DE,HL
                                #if exists USE_NORMAL32K_OR_ASCII16
0005D2 45D2 18C3            12      JR  LDIRE2
                                #else
                                    RET
                                #endif
                                ;
                                ;   ページ0/ページ1
                                ;
       45D4                     ROM_LDIRSLT:
                                #if exists USE_NORMAL32K_OR_ASCII16
0005D4 45D4 F3               4      DI
0005D5 45D5 ED73FEF2        20      LD  (_SP),SP
0005D9 45D9 3AFFF2          13      LD  A,(_SP_H)
0005DC 45DC FEC0             7      CP  0C0H
0005DE 45DE 3003            12      JR  NC,SPJ3
0005E0 45E0 315DF5          10      LD  SP,SPBUF
       45E3                     SPJ3:
0005E3 45E3 C5              11      PUSH    BC
0005E4 45E4 D5              11      PUSH    DE
0005E5 45E5 E5              11      PUSH    HL
0005E6 45E6 3A97F2          13      LD  A,(ROM_SLT)
0005E9 45E9 2680             7      LD  H,080H
0005EB 45EB CD2400          17      CALL    _ENASLT
0005EE 45EE E1              10      POP HL
0005EF 45EF D1              10      POP DE
0005F0 45F0 C1              10      POP BC
                                #endif
                                                ;ページ0
0005F1 45F1 3A0000          13      LD  A,(0000H)
0005F4 45F4 FEF3             7      CP  0F3H        ;0000H が DI じゃない場合はページ0は RAM とみなす
0005F6 45F6 280C            12      JR  Z,LDIR_PAGE0_SLT
       45F8                     LDIR_PAGE0_1:
0005F8 45F8 CB72             8      BIT 6,D
0005FA 45FA 2025            12      JR  NZ,LDIR_PAGE1
0005FC 45FC EDA0            16      LDI         ;ページ0 直接転送
0005FE 45FE EAF845          10      JP  PE,LDIR_PAGE0_1
                                #if exists USE_NORMAL32K_OR_ASCII16
000601 4601 C39745          10      JP  LDIRE2
                                #else
                                    RET
                                #endif
                                
       4604                     LDIR_PAGE0_SLT:     ;ページ0 WRSLTを使用
000604 4604 EB               4      EX  DE,HL       ;転送方向(DE)→(HL)
       4605                     LDIR_PAGE0_SLT1:
000605 4605 CB74             8      BIT 6,H
000607 4607 2019            12      JR  NZ,LDIR_PAGE1_DEHL
000609 4609 1A               7      LD  A,(DE)
00060A 460A 13               6      INC DE
00060B 460B D5              11      PUSH    DE
00060C 460C 5F               4      LD  E,A
00060D 460D E5              11      PUSH    HL
00060E 460E C5              11      PUSH    BC
00060F 460F 3A41F3          13      LD  A,(RAMAD0)
000612 4612 CD1400          17      CALL    _WRSLT
000615 4615 C1              10      POP BC
000616 4616 E1              10      POP HL
000617 4617 D1              10      POP DE
000618 4618 EDA1            16      CPI         ;HL=HL+1 BC=BC-1 BCが0の場合にP/V=0
00061A 461A EA0546          10      JP  PE,LDIR_PAGE0_SLT1
00061D 461D EB               4      EX  DE,HL       ;転送方向(HL)→(DE)
                                #if exists USE_NORMAL32K_OR_ASCII16
00061E 461E C39745          10      JP  LDIRE2
                                #else
                                    RET
                                #endif
                                
                                #if exists _RAM64K
                                LDIR_PAGE1_DEHL:
                                    EX  DE,HL       ;転送方向(HL)→(DE)
                                LDIR_PAGE1:         ;ページ1
                                    LD  A,B
                                    OR  C
                                    JP  Z,LDIRE2
                                
                                    LD  A,D
                                    CP  07FH        ;ページ2と被る可能性？($7FXX)
                                    JR  C,LDIR_PAGE1_2
                                    ADD A,A
                                    JP  C,LDIR_PAGE2_1  ;ページ2へ
                                    LD  A,B
                                    OR  A
                                    LD  A,E
                                    JR  Z,LDIR_PAGE1_1
                                    OR  A           ;B != 0 の場合は256バイト転送
                                    JR  NZ,LDIR_PAGE1_SLT_HLDE  ;被る
                                LDIR_PAGE1_1:
                                    ADD A,C
                                    JR  C,LDIR_PAGE1_SLT_HLDE   ;被る
                                LDIR_PAGE1_2:
                                    PUSH    BC
                                    PUSH    DE
                                    LD  DE,BUF
                                
                                    LD  A,B
                                    OR  A
                                    JR  Z,LDIR_PAGE1_3
                                    LD  BC,00100H       ;B != 0 の場合は256バイトずつ転送
                                LDIR_PAGE1_3:
                                    PUSH    BC
                                    LDIR
                                    LD  (_HL),HL
                                
                                    LD  A,(RAMAD1)
                                    JP  LDIR_PAGE1_RAM      ;ページ1をRAMにする処理はページ3にある
                                LDIR_PAGE1_ROM:
                                    LD  HL,(_HL)
                                    POP BC
                                    LD  A,B
                                    OR  A
                                    JP  Z,LDIRE2
                                    DEC B
                                    JR  LDIR_PAGE1
                                
                                LDIR_PAGE1_SLT_HLDE:
                                    EX  DE,HL       ;転送方向(DE)→(HL)
                                #else
       4621                     LDIR_PAGE1:         ;ページ1 WRSLTを使用
       4621                     LDIR_PAGE1_HLDE:
000621 4621 EB               4      EX  DE,HL       ;転送方向(DE)→(HL)
       4622                     LDIR_PAGE1_DEHL:
                                #endif
       4622                     LDIR_PAGE1_SLT1:
000622 4622 CB7C             8      BIT 7,H
000624 4624 2018            12      JR  NZ,LDIR_PAGE2_HLDE
000626 4626 1A               7      LD  A,(DE)
000627 4627 13               6      INC DE
000628 4628 D5              11      PUSH    DE
000629 4629 5F               4      LD  E,A
00062A 462A E5              11      PUSH    HL
00062B 462B C5              11      PUSH    BC
00062C 462C 3A42F3          13      LD  A,(RAMAD1)
00062F 462F CD1400          17      CALL    _WRSLT
000632 4632 C1              10      POP BC
000633 4633 E1              10      POP HL
000634 4634 D1              10      POP DE
000635 4635 EDA1            16      CPI         ;HL=HL+1 BC=BC-1 BCが0の場合にP/V=0
000637 4637 EA2246          10      JP  PE,LDIR_PAGE1_SLT1
00063A 463A EB               4      EX  DE,HL       ;転送方向(HL)→(DE)
                                #if exists USE_NORMAL32K_OR_ASCII16
00063B 463B C39745          10      JP  LDIRE2
       463E                     LDIR_PAGE2_HLDE:            ;ページ2
00063E 463E EB               4      EX  DE,HL       ;転送方向(HL)→(DE)
00063F 463F C35345          10      JP  LDIR_PAGE2_1
                                #else
                                    RET
                                LDIR_PAGE2_HLDE:            ;ページ2
                                    EX  DE,HL       ;転送方向(HL)→(DE)
                                LDIR_PAGE2_1:
                                    LDIR
                                    RET
                                #endif
                                ;
                                ;   BASIC関連
                                ;
       4642                     END_OF_LINE:
000642 4642 215EF5          10      LD  HL,BUF
       4645                     EOL1:
000645 4645 7E               7      LD  A,(HL)
000646 4646 C8              11      RET Z
000647 4647 FE0D             7      CP  00DH
000649 4649 2807            12      JR  Z,EOLE
00064B 464B FE0A             7      CP  00AH
00064D 464D 2803            12      JR  Z,EOLE
00064F 464F 23               6      INC HL
000650 4650 18F3            12      JR  EOL1
       4652                     EOLE:
000652 4652 3600            10      LD  (HL),0
000654 4654 23               6      INC HL
000655 4655 7E               7      LD  A,(HL)
000656 4656 FE0A             7      CP  00AH
000658 4658 C0              11      RET NZ
000659 4659 23               6      INC HL
00065A 465A C9              10      RET
                                ;
                                ;   アスキー形式のファイルを読み込む
                                ;
       465B                     ROM_LOAD_ASCII:
00065B 465B 210000          10      LD  HL,0
00065E 465E 22DAF2          16      LD  (_BUF_ST),HL    ;読み出し位置
000661 4661 2A76F6          16      LD  HL,(TXTTAB)
000664 4664 22DCF2          16      LD  (_BUF_EN),HL    ;書き出し位置
                                
000667 4667 215EF5          10      LD  HL,BUF
00066A 466A 22D4F2          16      LD  (_DTA),HL
       466D                     RLOAD_A1:
00066D 466D 2ADAF2          16      LD  HL,(_BUF_ST)
000670 4670 22CAF2          16      LD  (RR_LOW),HL
000673 4673 210201          10      LD  HL,258
000676 4676 CD874B          17      CALL    ROM_READ
000679 4679 7C               4      LD  A,H
00067A 467A B5               4      OR  L
00067B 467B 2875            12      JR  Z,RLOAD_AEND
00067D 467D 015EF5          10      LD  BC,BUF
000680 4680 09              11      ADD HL,BC
000681 4681 3600            10      LD  (HL),0
000683 4683 CD4246          17      CALL    END_OF_LINE
000686 4686 015EF5          10      LD  BC,BUF
000689 4689 A7               4      AND A
00068A 468A ED42            15      SBC HL,BC
00068C 468C 2810            12      JR  Z,RLOAD_A2
00068E 468E 4D               4      LD  C,L
00068F 468F 44               4      LD  B,H
000690 4690 ED5BDAF2        20      LD  DE,(_BUF_ST)
000694 4694 19              11      ADD HL,DE
000695 4695 22DAF2          16      LD  (_BUF_ST),HL
000698 4698 3A5EF5          13      LD  A,(BUF)
00069B 469B B7               4      OR  A
00069C 469C 28CF            12      JR  Z,RLOAD_A1
       469E                     RLOAD_A2:
00069E 469E 115EF5          10      LD  DE,BUF
0006A1 46A1 CD5B4D          17      CALL    SPCUTEX
0006A4 46A4 1A               7      LD  A,(DE)
0006A5 46A5 B7               4      OR  A
0006A6 46A6 284A            12      JR  Z,RLOAD_AEND
0006A8 46A8 CD6D4D          17      CALL    GETNUM
0006AB 46AB 7C               4      LD  A,H
0006AC 46AC B5               4      OR  L
0006AD 46AD CAC947          10      JP  Z,ERROR_DIRECT_IN_FILE
0006B0 46B0 DD2ADCF2        20      LD  IX,(_BUF_EN)
0006B4 46B4 DD7502          19      LD  (IX+2),L
0006B7 46B7 DD7403          19      LD  (IX+3),H
                                
0006BA 46BA CD544D          17      CALL    SPCUT
0006BD 46BD EB               4      EX  DE,HL
0006BE 46BE DDE5            15      PUSH    IX
0006C0 46C0 DD21B242        14      LD  IX,CRUNCH
0006C4 46C4 CDF244          17      CALL    CALSLT_BIOS
0006C7 46C7 DDE1            14      POP IX
0006C9 46C9 EB               4      EX  DE,HL
0006CA 46CA 111FF4          10      LD  DE,KBUF
0006CD 46CD 37               4      SCF
0006CE 46CE ED52            15      SBC HL,DE
0006D0 46D0 CAC947          10      JP  Z,ERROR_DIRECT_IN_FILE
0006D3 46D3 DAC947          10      JP  C,ERROR_DIRECT_IN_FILE
0006D6 46D6 4D               4      LD  C,L
0006D7 46D7 44               4      LD  B,H
0006D8 46D8 2ADCF2          16      LD  HL,(_BUF_EN)
0006DB 46DB 110400          10      LD  DE,4
0006DE 46DE 19              11      ADD HL,DE
0006DF 46DF 111FF4          10      LD  DE,KBUF
                                
0006E2 46E2 EB               4      EX  DE,HL
0006E3 46E3 EDB0                    LDIR
0006E5 46E5 EB               4      EX  DE,HL
                                
0006E6 46E6 DD7500          19      LD  (IX+0),L
0006E9 46E9 DD7401          19      LD  (IX+1),H
0006EC 46EC 22DCF2          16      LD  (_BUF_EN),HL
0006EF 46EF C36D46          10      JP  RLOAD_A1
                                
       46F2                     RLOAD_AEND:
0006F2 46F2 2ADCF2          16      LD  HL,(_BUF_EN)
0006F5 46F5 AF               4      XOR A
0006F6 46F6 77               7      LD  (HL),A
0006F7 46F7 23               6      INC HL
0006F8 46F8 77               7      LD  (HL),A
0006F9 46F9 23               6      INC HL
0006FA 46FA 22DCF2          16      LD  (_BUF_EN),HL
0006FD 46FD C38C47          10      JP  RLOAD_END1
                                
       4700                     ROM_LOAD:
000700 4700 CD2E49          17      CALL    INIT_PARAM
000703 4703 7E               7      LD  A,(HL)
000704 4704 FE2C             7      CP  ','
000706 4706 2003            12      JR  NZ,ROM_LOAD0
000708 4708 23               6      INC HL
000709 4709 7E               7      LD  A,(HL)
00070A 470A 2B               6      DEC HL
       470B                     ROM_LOAD0:
00070B 470B 32BEFC          13      LD  (RUNBNF),A
00070E 470E CD284C          17      CALL    FILE_B
000711 4711 3A01F3          13      LD  A,(FNAME)
000714 4714 FE20             7      CP  020H
000716 4716 CA234C          10      JP  Z,ROM_ORG
                                
000719 4719 CDC44D          17      CALL    ROM_OPEN
00071C 471C DAD547          10      JP  C,ERROR_FILE_NOT_FOUND
       471F                     ROM_LOAD1:
00071F 471F 21D9F2          10      LD  HL,_BUF
000722 4722 22D4F2          16      LD  (_DTA),HL
000725 4725 210100          10      LD  HL,1            ;ヘッダを1バイト読み込む
000728 4728 CD874B          17      CALL    ROM_READ
00072B 472B 3AD9F2          13      LD  A,(_BUF)
00072E 472E 3C               4      INC A
00072F 472F C25B46          10      JP  NZ,ROM_LOAD_ASCII
000732 4732 2A76F6          16      LD  HL,(TXTTAB)
000735 4735 22D4F2          16      LD  (_DTA),HL
000738 4738 EB               4      EX  DE,HL
000739 4739 2100FF          10      LD  HL,-256
00073C 473C 39              11      ADD HL,SP
00073D 473D ED52            15      SBC HL,DE
00073F 473F CD874B          17      CALL    ROM_READ
000742 4742 ED5BD4F2        20      LD  DE,(_DTA)
000746 4746 19              11      ADD HL,DE
000747 4747 E5              11      PUSH    HL
000748 4748 2A76F6          16      LD  HL,(TXTTAB)
       474B                     ROM_LOAD2:          ;リンクポインタをFIX
00074B 474B E5              11      PUSH    HL
00074C 474C DDE1            14      POP IX
00074E 474E 7E               7      LD  A,(HL)      ;リンクポインタL
00074F 474F 23               6      INC HL
000750 4750 B6               7      OR  (HL)        ;リンクポインタH
000751 4751 23               6      INC HL
000752 4752 2837            12      JR  Z,RLOAD_END0
000754 4754 23               6      INC HL      ;行番号
000755 4755 23               6      INC HL      ;行番号
       4756                     ROM_LOAD3:
000756 4756 7E               7      LD  A,(HL)
000757 4757 23               6      INC HL
000758 4758 FE0B             7      CP  00BH        ;8進数(&O)
00075A 475A 2822            12      JR  Z,INC_HL2
00075C 475C FE0C             7      CP  00CH        ;16進数(&H)
00075E 475E 281E            12      JR  Z,INC_HL2
000760 4760 FE0D             7      CP  00DH        ;行番号(RUN後)
000762 4762 281A            12      JR  Z,INC_HL2
000764 4764 FE0E             7      CP  00EH        ;行番号(RUN前)
000766 4766 2816            12      JR  Z,INC_HL2
000768 4768 FE0F             7      CP  00FH        ;10～255の整数(%)
00076A 476A 2813            12      JR  Z,INC_HL1
00076C 476C FE1C             7      CP  01CH        ;256～65535の整数(%)
00076E 476E 280E            12      JR  Z,INC_HL2
000770 4770 FE1D             7      CP  01DH        ;単精度実数(!)
000772 4772 2808            12      JR  Z,INC_HL4
000774 4774 FE1F             7      CP  01FH        ;倍制度実数(#)
000776 4776 2008            12      JR  NZ,INC_HL0
000778 4778 23               6      INC HL
000779 4779 23               6      INC HL
00077A 477A 23               6      INC HL
00077B 477B 23               6      INC HL
       477C                     INC_HL4:
00077C 477C 23               6      INC HL
00077D 477D 23               6      INC HL
       477E                     INC_HL2:
00077E 477E 23               6      INC HL
       477F                     INC_HL1:
00077F 477F 23               6      INC HL
       4780                     INC_HL0:
000780 4780 B7               4      OR  A
000781 4781 20D3            12      JR  NZ,ROM_LOAD3
000783 4783 DD7500          19      LD  (IX+0),L
000786 4786 DD7401          19      LD  (IX+1),H
000789 4789 18C0            12      JR  ROM_LOAD2
       478B                     RLOAD_END0:
00078B 478B E1              10      POP HL
       478C                     RLOAD_END1:
00078C 478C 22C2F6          16      LD  (VARTAB),HL
00078F 478F 22C4F6          16      LD  (ARYTAB),HL
000792 4792 22C6F6          16      LD  (STREND),HL
                                
000795 4795 3ABEFC          13      LD  A,(RUNBNF)
000798 4798 CDAE4D          17      CALL    CAP
00079B 479B FE52             7      CP  'R'
00079D 479D 280E            12      JR  Z,RLOAD_END2
00079F 479F AF               4      XOR A
0007A0 47A0 21DCF2          10      LD  HL,_BUF+3
0007A3 47A3 77               7      LD  (HL),A      ;3
0007A4 47A4 2B               6      DEC HL
0007A5 47A5 77               7      LD  (HL),A      ;2
0007A6 47A6 2B               6      DEC HL
0007A7 47A7 77               7      LD  (HL),A      ;1
0007A8 47A8 2B               6      DEC HL
0007A9 47A9 3E8F             7      LD  A,08FH      ;REM
0007AB 47AB 77               7      LD  (HL),A      ;0
0007AC 47AC C9              10      RET
       47AD                     RLOAD_END2:
0007AD 47AD D5              11      PUSH    DE
0007AE 47AE ED5B76F6        20      LD  DE,(TXTTAB)
0007B2 47B2 1B               6      DEC DE
0007B3 47B3 AF               4      XOR A
0007B4 47B4 21DFF2          10      LD  HL,_BUF+6
0007B7 47B7 77               7      LD  (HL),A      ;6
0007B8 47B8 2B               6      DEC HL
0007B9 47B9 77               7      LD  (HL),A      ;5
0007BA 47BA 2B               6      DEC HL
0007BB 47BB 77               7      LD  (HL),A      ;4
0007BC 47BC 2B               6      DEC HL
0007BD 47BD 72               7      LD  (HL),D      ;3 行番号H
0007BE 47BE 2B               6      DEC HL
0007BF 47BF 73               7      LD  (HL),E      ;2 行番号L
0007C0 47C0 2B               6      DEC HL
0007C1 47C1 360D            10      LD  (HL),00DH   ;1 行番号(RUN後)
0007C3 47C3 2B               6      DEC HL
0007C4 47C4 3E89             7      LD  A,089H      ;GOTO
0007C6 47C6 77               7      LD  (HL),A      ;0
0007C7 47C7 D1              10      POP DE
0007C8 47C8 C9              10      RET
                                
       47C9                     ERROR_DIRECT_IN_FILE:
0007C9 47C9 1E39             7      LD  E,57            ;Direct statement in file
0007CB 47CB 01                      DB  1           ;LD BC,
       47CC                     ERROR_DEVICE_IO_ERROR:
0007CC 47CC 1E13             7      LD  E,19            ;Device I/O error
0007CE 47CE 01                      DB  1           ;LD BC,
       47CF                     ERROR_INTERNAL_ERROR:
0007CF 47CF 1E33             7      LD  E,51            ;Internal error
0007D1 47D1 01                      DB  1           ;LD BC,
       47D2                     ERROR_FILE_NOT_OPEN:
0007D2 47D2 1E3B             7      LD  E,59            ;File not OPEN
0007D4 47D4 01                      DB  1           ;LD BC,
       47D5                     ERROR_FILE_NOT_FOUND:
0007D5 47D5 1E35             7      LD  E,53            ;File not found
       47D7                     ERROR:
0007D7 47D7 DD216F40        14      LD  IX,ERRHAND
0007DB 47DB C3F244          10      JP  CALSLT_BIOS
                                
       47DE                     ROM_BLOAD:
0007DE 47DE CD2E49          17      CALL    INIT_PARAM
0007E1 47E1 CD284C          17      CALL    FILE_B
0007E4 47E4 CDC44D          17      CALL    ROM_OPEN
0007E7 47E7 38EC            12      JR  C,ERROR_FILE_NOT_FOUND
                                
0007E9 47E9 21D9F2          10      LD  HL,_BUF
0007EC 47EC 22D4F2          16      LD  (_DTA),HL
0007EF 47EF 210700          10      LD  HL,7            ;ヘッダを7バイト読み込む
0007F2 47F2 CD874B          17      CALL    ROM_READ
0007F5 47F5 3AD9F2          13      LD  A,(_BUF)
0007F8 47F8 FEFE             7      CP  0FEH
0007FA 47FA 20D6            12      JR  NZ,ERROR_FILE_NOT_OPEN
                                
0007FC 47FC 21A5F2          10      LD  HL,BLOAD_RET
0007FF 47FF 229DF2          16      LD  (SWC_BLOAD),HL
                                
000802 4802 2AF7F2          16      LD  HL,(PARAM1)
000805 4805 7E               7      LD  A,(HL)
000806 4806 FE2C             7      CP  ','
000808 4808 204C            12      JR  NZ,RBREAD_MEM
00080A 480A 23               6      INC HL
00080B 480B 7E               7      LD  A,(HL)
00080C 480C CDAE4D          17      CALL    CAP
00080F 480F 32BEFC          13      LD  (RUNBNF),A
000812 4812 FE52             7      CP  'R'     ;R,Sスイッチじゃ無い場合はオフセット値として処理する
000814 4814 2808            12      JR  Z,RBOS1
000816 4816 FE53             7      CP  'S'
000818 4818 2804            12      JR  Z,RBOS1
00081A 481A FE2C             7      CP  ','
00081C 481C 200D            12      JR  NZ,RBOS2
       481E                     RBOS1:
00081E 481E 7E               7      LD  A,(HL)
00081F 481F 23               6      INC HL
000820 4820 B7               4      OR  A
000821 4821 2820            12      JR  Z,RBREAD_OSE
000823 4823 FE3A             7      CP  ':'
000825 4825 281C            12      JR  Z,RBREAD_OSE
000827 4827 FE2C             7      CP  ','     ;次のパラメータを探す
000829 4829 20F3            12      JR  NZ,RBOS1
       482B                     RBOS2:              ;オフセット
00082B 482B 22F7F2          16      LD  (PARAM1),HL
00082E 482E 7E               7      LD  A,(HL)
00082F 482F B7               4      OR  A
000830 4830 2811            12      JR  Z,RBREAD_OSE
000832 4832 DD212F54        14      LD  IX,FRMQNT
000836 4836 CDF244          17      CALL    CALSLT_BIOS
000839 4839 22F7F2          16      LD  (PARAM1),HL
00083C 483C 2ADAF2          16      LD  HL,(_BUF_ST)
00083F 483F 19              11      ADD HL,DE
000840 4840 22DAF2          16      LD  (_BUF_ST),HL
       4843                     RBREAD_OSE:
000843 4843 3ABEFC          13      LD  A,(RUNBNF)
000846 4846 FE53             7      CP  'S'
000848 4848 200C            12      JR  NZ,RBREAD_MEM
00084A 484A 3A2D00          13      LD  A,(0002DH)  ;MSX version number
00084D 484D B7               4      OR  A       ;A=0 MSX1
00084E 484E C4154B          17      CALL    NZ,WAIT_VDP ;MSX2以上はVDPのBUSYを待つ (MSX1は無限ループになってしまう)
000851 4851 3E01             7      LD  A,1
000853 4853 32D6F2          13      LD  (FLG_LDIR),A
       4856                     RBREAD_MEM:
000856 4856 2ADAF2          16      LD  HL,(_BUF_ST)
000859 4859 22BFFC          16      LD  (SAVENT),HL
00085C 485C 22D4F2          16      LD  (_DTA),HL
00085F 485F 21FFFF          10      LD  HL,0FFFFH
000862 4862 CD874B          17      CALL    ROM_READ
000865 4865 AF               4      XOR A
000866 4866 32D6F2          13      LD  (FLG_LDIR),A
000869 4869 3ABEFC          13      LD  A,(RUNBNF)
00086C 486C FE52             7      CP  'R'
00086E 486E 2006            12      JR  NZ,RBREAD1
000870 4870 2ADEF2          16      LD  HL,(_BUF_EX)
000873 4873 229DF2          16      LD  (SWC_BLOAD),HL
       4876                     RBREAD1:
       4876                     ROM_NEXT:
000876 4876 2AF7F2          16      LD  HL,(PARAM1)
000879 4879 7E               7      LD  A,(HL)
00087A 487A 2B               6      DEC HL
00087B 487B B7               4      OR  A
00087C 487C 2805            12      JR  Z,ROM_NEXT1
00087E 487E FE3A             7      CP  ':'
000880 4880 2801            12      JR  Z,ROM_NEXT1
000882 4882 23               6      INC HL
       4883                     ROM_NEXT1:
000883 4883 5D               4      LD  E,L
000884 4884 54               4      LD  D,H
                                
000885 4885 CD844D          17      CALL    SEARCH_END
000888 4888 B7               4      OR  A
000889 4889 2821            12      JR  Z,REM
       488B                     RN3:                    ;マルチステートメントの処理
00088B 488B 7E               7      LD  A,(HL)
                                
00088C 488C FEB5             7      CP  0B5H            ;LOAD
00088E 488E CA0047          10      JP  Z,ROM_LOAD
000891 4891 FE8A             7      CP  08AH            ;RUN
000893 4893 281B            12      JR  Z,ROM_RUN
000895 4895 FEB7             7      CP  0B7H            ;FILES
000897 4897 2825            12      JR  Z,ROM_FILES
000899 4899 FED6             7      CP  0D6H            ;COPY
00089B 489B CA5F49          10      JP  Z,ROM_COPY
00089E 489E FE20             7      CP  020H
0008A0 48A0 2807            12      JR  Z,RN_SP
                                
0008A2 48A2 3E28             7      LD  A,028H          ;JR Z,
0008A4 48A4 32A3F2          13      LD  (SWC_BLOAD_M),A
0008A7 48A7 7E               7      LD  A,(HL)
0008A8 48A8 C9              10      RET
       48A9                     RN_SP:
0008A9 48A9 23               6      INC HL
0008AA 48AA 18DF            12      JR  RN3
                                
       48AC                     REM:
0008AC 48AC EB               4      EX  DE,HL
0008AD 48AD 3E8F             7      LD  A,08FH          ;REM
0008AF 48AF C9              10      RET
                                
       48B0                     ROM_RUN:
0008B0 48B0 23               6      INC HL
0008B1 48B1 7E               7      LD  A,(HL)
0008B2 48B2 2B               6      DEC HL
0008B3 48B3 B7               4      OR  A
0008B4 48B4 C40047          17      CALL    NZ,ROM_LOAD
0008B7 48B7 FE8F             7      CP  08FH            ;REM
0008B9 48B9 3E8A             7      LD  A,08AH          ;RUN
0008BB 48BB C0              11      RET NZ
0008BC 48BC 77               7      LD  (HL),A
0008BD 48BD C9              10      RET
                                
       48BE                     ROM_FILES:
0008BE 48BE CD2E49          17      CALL    INIT_PARAM
0008C1 48C1 CD284C          17      CALL    FILE_B
0008C4 48C4 CDE955          17      CALL    GET_DISK_BANK_FDRV
0008C7 48C7 3AC9F2          13      LD  A,(SECSZ_H)
0008CA 48CA CD4C54          17      CALL    IS_BPB1
0008CD 48CD DACC47          10      JP  C,ERROR_DEVICE_IO_ERROR
0008D0 48D0 3A01F3          13      LD  A,(FNAME)
0008D3 48D3 FE21             7      CP  021H
0008D5 48D5 3005            12      JR  NC,RFILES0
0008D7 48D7 060B             7      LD  B,11
0008D9 48D9 CD144D          17      CALL    FILE10
       48DC                     RFILES0:
0008DC 48DC CD8A50          17      CALL    GET_DIR_DAT
       48DF                     RFILES1:
0008DF 48DF CD384E          17      CALL    FILESE
0008E2 48E2 3045            12      JR  NC,RFILES_NOT_MATCH
       48E4                     RFILES_DISP:
0008E4 48E4 E5              11      PUSH    HL
0008E5 48E5 110B00          10      LD  DE,0000BH   ;属性
0008E8 48E8 19              11      ADD HL,DE
                                #if exists USE_NORMAL32K_OR_ASCII16
0008E9 48E9 CD2A45          17      CALL    RDSLT_ROM
                                #else
                                    LD  A,(HL)
                                #endif
0008EC 48EC E1              10      POP HL
0008ED 48ED CB4F             8      BIT 1,A     ;不可視属性
0008EF 48EF 2035            12      JR  NZ,RFILES_NEXT
0008F1 48F1 E5              11      PUSH    HL
0008F2 48F2 0608             7      LD  B,8
0008F4 48F4 CD1E45          17      CALL    MSN
                                #if exists USE_NORMAL32K_OR_ASCII16
0008F7 48F7 CD2A45          17      CALL    RDSLT_ROM
                                #else
                                    LD  A,(HL)
                                #endif
0008FA 48FA FE20             7      CP  020H
0008FC 48FC F5              11      PUSH    AF
0008FD 48FD 3E2E             7      LD  A,'.'
0008FF 48FF C45A56          17      CALL    NZ,MSG_A
000902 4902 0603             7      LD  B,3
000904 4904 CD1E45          17      CALL    MSN
000907 4907 F1              10      POP AF
000908 4908 CC5A56          17      CALL    Z,MSG_A
00090B 490B 3ADDF3          13      LD  A,(CSRX)
00090E 490E 47               4      LD  B,A
00090F 490F 3AB0F3          13      LD  A,(LINLEN)
000912 4912 90               4      SUB B
000913 4913 FE0C             7      CP  12
000915 4915 3009            12      JR  NC,RFILES2
000917 4917 3E0D             7      LD  A,00DH      ;改行
000919 4919 CD5A56          17      CALL    MSG_A
00091C 491C 3E0A             7      LD  A,00AH
00091E 491E 1802            12      JR  RFILES3
       4920                     RFILES2:
000920 4920 3E20             7      LD  A,020H
       4922                     RFILES3:
000922 4922 CD5A56          17      CALL    MSG_A
000925 4925 E1              10      POP HL
       4926                     RFILES_NEXT:
000926 4926 CD594E          17      CALL    FNEXT
       4929                     RFILES_NOT_MATCH:
000929 4929 20B4            12      JR  NZ,RFILES1
00092B 492B C37648          10      JP  ROM_NEXT
                                
       492E                     INIT_PARAM:
00092E 492E 22F5F2          16      LD  (PARAM0),HL
000931 4931 22F7F2          16      LD  (PARAM1),HL
000934 4934 EB               4      EX  DE,HL
000935 4935 32BEFC          13      LD  (RUNBNF),A
000938 4938 3263F6          13      LD  (VALTYP),A
00093B 493B E5              11      PUSH    HL
00093C 493C 3AEAF2          13      LD  A,(_DVSW)
00093F 493F CDCB55          17      CALL    GET_CD
000942 4942 22F9F2          16      LD  (_CDX),HL
000945 4945 E1              10      POP HL
000946 4946 13               6      INC DE
000947 4947 CD544D          17      CALL    SPCUT
00094A 494A 1A               7      LD  A,(DE)
00094B 494B B7               4      OR  A
00094C 494C C8              11      RET Z
00094D 494D FE3A             7      CP  ':'
00094F 494F C8              11      RET Z
000950 4950 FE28             7      CP  '('
000952 4952 C8              11      RET Z
000953 4953 EB               4      EX  DE,HL
000954 4954 DD21644C        14      LD  IX,FRMEVL
000958 4958 CDF244          17      CALL    CALSLT_BIOS
00095B 495B 22F7F2          16      LD  (PARAM1),HL
00095E 495E C9              10      RET
                                
       495F                     ROM_COPY:
00095F 495F CD2E49          17      CALL    INIT_PARAM
000962 4962 3A63F6          13      LD  A,(VALTYP)
000965 4965 FE03             7      CP  3       ;string
000967 4967 C2234C          10      JP  NZ,ROM_ORG  ;最初の引数が文字列ではない場合はオリジナルを実行する
                                
00096A 496A CD284C          17      CALL    FILE_B
00096D 496D CDC44D          17      CALL    ROM_OPEN
000970 4970 DAD547          10      JP  C,ERROR_FILE_NOT_FOUND
                                
000973 4973 21DEF2          10      LD  HL,_BUF_W
000976 4976 22D4F2          16      LD  (_DTA),HL
000979 4979 210400          10      LD  HL,4            ;ヘッダを4バイト読み込む
00097C 497C CD874B          17      CALL    ROM_READ
                                
00097F 497F AF               4      XOR A
000980 4980 32D9F2          13      LD  (_BUF_LO),A     ;PSET
000983 4983 32E6F2          13      LD  (_BUF_O),A      ;向き
                                
000986 4986 2AF7F2          16      LD  HL,(PARAM1)
       4989                     RCP_PARAM1:
000989 4989 7E               7      LD  A,(HL)
00098A 498A 23               6      INC HL
00098B 498B B7               4      OR  A
00098C 498C CA8348          10      JP  Z,ROM_NEXT1
00098F 498F FE3A             7      CP  ':'
000991 4991 CA8348          10      JP  Z,ROM_NEXT1
000994 4994 FE2C             7      CP  ','
000996 4996 200E            12      JR  NZ,RCP_PARAM1_
                                
000998 4998 DD212F54        14      LD  IX,FRMQNT
00099C 499C CDF244          17      CALL    CALSLT_BIOS
00099F 499F 7B               4      LD  A,E
0009A0 49A0 87               4      ADD A,A
0009A1 49A1 87               4      ADD A,A
0009A2 49A2 32E6F2          13      LD  (_BUF_O),A
0009A5 49A5 7E               7      LD  A,(HL)
       49A6                     RCP_PARAM1_:
0009A6 49A6 FE28             7      CP  '('
0009A8 49A8 20DF            12      JR  NZ,RCP_PARAM1
0009AA 49AA DD212F54        14      LD  IX,FRMQNT
0009AE 49AE CDF244          17      CALL    CALSLT_BIOS
                                
0009B1 49B1 ED53E2F2        20      LD  (_BUF_X),DE
                                
       49B5                     RCP_PARAM2:
0009B5 49B5 23               6      INC HL
0009B6 49B6 7E               7      LD  A,(HL)
0009B7 49B7 FE20             7      CP  020H
0009B9 49B9 28FA            12      JR  Z,RCP_PARAM2
0009BB 49BB FE2C             7      CP  ','
0009BD 49BD 28F6            12      JR  Z,RCP_PARAM2
                                
0009BF 49BF DD212F54        14      LD  IX,FRMQNT
0009C3 49C3 CDF244          17      CALL    CALSLT_BIOS
                                
0009C6 49C6 3AF6FA          13      LD  A,(ACPAGE)
0009C9 49C9 57               4      LD  D,A
0009CA 49CA ED53E4F2        20      LD  (_BUF_Y),DE
       49CE                     RCP_PARAM3:
0009CE 49CE 23               6      INC HL
0009CF 49CF 7E               7      LD  A,(HL)
0009D0 49D0 FE20             7      CP  020H
0009D2 49D2 28FA            12      JR  Z,RCP_PARAM3
0009D4 49D4 FE29             7      CP  ')'
0009D6 49D6 28F6            12      JR  Z,RCP_PARAM3
0009D8 49D8 FE2C             7      CP  ','
0009DA 49DA 2047            12      JR  NZ,RCP_ST
                                
0009DC 49DC 23               6      INC HL
0009DD 49DD DD212F54        14      LD  IX,FRMQNT
0009E1 49E1 CDF244          17      CALL    CALSLT_BIOS
                                
0009E4 49E4 7B               4      LD  A,E
0009E5 49E5 32E5F2          13      LD  (_BUF_P),A
                                
       49E8                     RCP_PARAM4:
0009E8 49E8 7E               7      LD  A,(HL)
0009E9 49E9 23               6      INC HL
0009EA 49EA FE20             7      CP  020H
0009EC 49EC 28FA            12      JR  Z,RCP_PARAM4
                                
0009EE 49EE FE2C             7      CP  ','
0009F0 49F0 2031            12      JR  NZ,RCP_ST
                                
0009F2 49F2 7E               7      LD  A,(HL)
0009F3 49F3 0604             7      LD  B,4
0009F5 49F5 FE54             7      CP  'T'
0009F7 49F7 2004            12      JR  NZ,RCP_NT:
0009F9 49F9 23               6      INC HL
0009FA 49FA 7E               7      LD  A,(HL)
0009FB 49FB 060C             7      LD  B,8 + 4
       49FD                     RCP_NT:
0009FD 49FD FEC3             7      CP  0C3H        ;PRESET
0009FF 49FF 281E            12      JR  Z,RCP_LO
000A01 4A01 FED9             7      CP  0D9H        ;TOR
000A03 4A03 2814            12      JR  Z,RCP_TOR
000A05 4A05 FEFF             7      CP  0FFH        ;TAND
000A07 4A07 2814            12      JR  Z,RCP_TAND
000A09 4A09 05               4      DEC B       ;3
000A0A 4A0A D6F8             7      SUB 0F8H        ;XOR
000A0C 4A0C 2811            12      JR  Z,RCP_LO
000A0E 4A0E 05               4      DEC B       ;2
000A0F 4A0F 3C               4      INC A       ;OR
000A10 4A10 280D            12      JR  Z,RCP_LO
000A12 4A12 05               4      DEC B       ;1
000A13 4A13 3C               4      INC A       ;AND
000A14 4A14 2809            12      JR  Z,RCP_LO
000A16 4A16 05               4      DEC B       ;0
                                                ;PSET
000A17 4A17 1806            12      JR  RCP_LO:
       4A19                     RCP_TOR:
000A19 4A19 060A             7      LD  B,00AH
000A1B 4A1B 2802            12      JR  Z,RCP_LO
       4A1D                     RCP_TAND:
000A1D 4A1D 0609             7      LD  B,9
       4A1F                     RCP_LO:
000A1F 4A1F 78               4      LD  A,B
000A20 4A20 32D9F2          13      LD  (_BUF_LO),A
       4A23                     RCP_ST:
000A23 4A23 2AC6F6          16      LD  HL,(STREND)
000A26 4A26 22D4F2          16      LD  (_DTA),HL
000A29 4A29 EB               4      EX  DE,HL
000A2A 4A2A 2100FE          10      LD  HL,-512
000A2D 4A2D 39              11      ADD HL,SP
000A2E 4A2E AF               4      XOR A
000A2F 4A2F ED52            15      SBC HL,DE
000A31 4A31 3008            12      JR  NC,RCP0
000A33 4A33 215EF5          10      LD  HL,BUF
000A36 4A36 22D4F2          16      LD  (_DTA),HL
000A39 4A39 6F               4      LD  L,A ;0
000A3A 4A3A 67               4      LD  H,A ;0
       4A3B                     RCP0:
000A3B 4A3B 24               4      INC H
000A3C 4A3C 22DCF2          16      LD  (_BUF_EN),HL
       4A3F                     RCP1:
000A3F 4A3F F3               4      DI
000A40 4A40 CD154B          17      CALL    WAIT_VDP
                                
000A43 4A43 3A0700          13      LD  A,(WRVDP)
000A46 4A46 4F               4      LD  C,A
000A47 4A47 0C               4      INC C       ;C := PORT#1's address(WR)
000A48 4A48 3E24             7      LD  A,36
000A4A 4A4A ED79            12      OUT (C),A
000A4C 4A4C 3E91             7      LD  A,080H+17
000A4E 4A4E ED79            12      OUT (C),A       ;R#17 := 36
                                
000A50 4A50 0C               4      INC C
000A51 4A51 0C               4      INC C       ;C := PORT#3's address(WR)
000A52 4A52 2AE2F2          16      LD  HL,(_BUF_X)
000A55 4A55 ED69            12      OUT (C),L       ;R#36 DX
000A57 4A57 ED61            12      OUT (C),H       ;R#37
000A59 4A59 2AE4F2          16      LD  HL,(_BUF_Y)
000A5C 4A5C ED69            12      OUT (C),L       ;R#38 DY
000A5E 4A5E ED61            12      OUT (C),H       ;R#39
000A60 4A60 2ADEF2          16      LD  HL,(_BUF_W)
000A63 4A63 ED69            12      OUT (C),L       ;R#40 NX
000A65 4A65 ED61            12      OUT (C),H       ;R#41
000A67 4A67 2AE0F2          16      LD  HL,(_BUF_H)
000A6A 4A6A ED69            12      OUT (C),L       ;R#42 NY
000A6C 4A6C ED61            12      OUT (C),H       ;R#43
                                
000A6E 4A6E DD2AAFFC        20      LD  IX,(SCRMOD)
000A72 4A72 3AD9F2          13      LD  A,(_BUF_LO) ;LOGICAL OPERATION
000A75 4A75 B7               4      OR  A
000A76 4A76 2022            12      JR  NZ,USE_LMMC ;PSETじゃない場合はLMMC
                                
000A78 4A78 DD7D             9      LD  A,IXL
000A7A 4A7A FE08             7      CP  8
000A7C 4A7C 2817            12      JR  Z,USE_HMMC8 ;スクリーン8でPSET
000A7E 4A7E FE06             7      CP  6
000A80 4A80 2AE2F2          16      LD  HL,(_BUF_X)
000A83 4A83 3ADEF2          13      LD  A,(_BUF_W)
000A86 4A86 2005            12      JR  NZ,SCR57
000A88 4A88 B5               4      OR  L       ;スクリーン6
000A89 4A89 E603             7      AND 3
000A8B 4A8B 200D            12      JR  NZ,USE_LMMC
       4A8D                     SCR57:              ;スクリーン5,7
000A8D 4A8D B5               4      OR  L
000A8E 4A8E E601             7      AND 1
000A90 4A90 2008            12      JR  NZ,USE_LMMC
       4A92                     USE_HMMC:
000A92 4A92 DD2E08          10      LD  IXL,8
       4A95                     USE_HMMC8:
000A95 4A95 3EF0             7      LD  A,0F0H      ;R#46 HMMC command
000A97 4A97 32D9F2          13      LD  (_BUF_LO),A
       4A9A                     USE_LMMC:
000A9A 4A9A 110000          10      LD  DE,0
000A9D 4A9D 06FF             7      LD  B,-1
000A9F 4A9F CD404B          17      CALL    GET_PIXEL
000AA2 4AA2 ED79            12      OUT (C),A       ;R#44 first DATA
000AA4 4AA4 3AE6F2          13      LD  A,(_BUF_O)
000AA7 4AA7 ED79            12      OUT (C),A       ;R#45 DIX and DIY
                                
000AA9 4AA9 3AD9F2          13      LD  A,(_BUF_LO) ;LOGICAL OPERATION
000AAC 4AAC F6B0             7      OR  0B0H        ;R#46 LMMC command
000AAE 4AAE ED79            12      OUT (C),A
                                
000AB0 4AB0 FD69             9      LD  IYL,C       ;IYL := PORT#3's address(WR)
000AB2 4AB2 0D               4      DEC C
000AB3 4AB3 0D               4      DEC C       ;C := PORT#1's address(WR)
000AB4 4AB4 3EAC             7      LD  A,080H+44
000AB6 4AB6 ED79            12      OUT (C),A
000AB8 4AB8 3E91             7      LD  A,080H+17
000ABA 4ABA ED79            12      OUT (C),A       ;R#17 := 44
                                
000ABC 4ABC 3A0600          13      LD  A,(RDVDP)
000ABF 4ABF 3C               4      INC A
000AC0 4AC0 FD67             9      LD  IYH,A       ;IYX := PORT#1's address(RD)
000AC2 4AC2 3E02             7      LD  A,2
000AC4 4AC4 ED79            12      OUT (C),A
000AC6 4AC6 3E8F             7      LD  A,08FH
000AC8 4AC8 ED79            12      OUT (C),A
000ACA 4ACA 3AD9F2          13      LD  A,(_BUF_LO) ;LOGICAL OPERATION
000ACD 4ACD E640             7      AND 040H
000ACF 4ACF 201C            12      JR  NZ,LOOP_HMMC
       4AD1                     LOOP_COPY:
000AD1 4AD1 CD404B          17      CALL    GET_PIXEL
000AD4 4AD4 08               4      EX  AF,AF'
000AD5 4AD5 FD4C             9      LD  C,IYH
       4AD7                     LOOP_COPY1:
000AD7 4AD7 ED78            12      IN  A,(C)
000AD9 4AD9 0F               4      RRCA            ;RRCAではサインフラグは変化しない
000ADA 4ADA 300A            12      JR  NC,EXIT_COPY    ;check CE bit
000ADC 4ADC F2D74A          10      JP  P,LOOP_COPY1    ;check TR bit
000ADF 4ADF 08               4      EX  AF,AF'
000AE0 4AE0 FD4D             9      LD  C,IYL       ;IYL := PORT#3's address(WR)
000AE2 4AE2 ED79            12      OUT (C),A
000AE4 4AE4 18EB            12      JR  LOOP_COPY
                                
       4AE6                     EXIT_COPY:
000AE6 4AE6 CD1D4B          17      CALL    GET_STATUS_0
000AE9 4AE9 FB               4      EI
000AEA 4AEA C37648          10      JP  ROM_NEXT
                                
       4AED                     LOOP_HMMC:
000AED 4AED F3               4      DI          ;必要
000AEE 4AEE FD4D             9      LD  C,IYL       ;IYL := PORT#3's address(WR)
000AF0 4AF0 43               4      LD  B,E
000AF1 4AF1 7B               4      LD  A,E
000AF2 4AF2 B7               4      OR  A
000AF3 4AF3 2802            12      JR  Z,LOOP_HMMC1
000AF5 4AF5 EDB3                    OTIR
       4AF7                     LOOP_HMMC1:
000AF7 4AF7 14               4      INC D
       4AF8                     LOOP_HMMC2:
000AF8 4AF8 15               4      DEC D
000AF9 4AF9 2805            12      JR  Z,LOOP_HMMC3
000AFB 4AFB EDB3                    OTIR
000AFD 4AFD C3F84A          10      JP  LOOP_HMMC2
       4B00                     LOOP_HMMC3:
000B00 4B00 ED78            12      IN  A,(C)
000B02 4B02 0F               4      RRCA
000B03 4B03 30E1            12      JR  NC,EXIT_COPY    ;check CE bit
000B05 4B05 2ADCF2          16      LD  HL,(_BUF_EN)
000B08 4B08 CD874B          17      CALL    ROM_READ
000B0B 4B0B EB               4      EX  DE,HL
000B0C 4B0C 2AD4F2          16      LD  HL,(_DTA)
000B0F 4B0F 7A               4      LD  A,D
000B10 4B10 B3               4      OR  E
000B11 4B11 20DA            12      JR  NZ,LOOP_HMMC
000B13 4B13 18C2            12      JR  LOOP_COPY1
                                
       4B15                     WAIT_VDP:
000B15 4B15 3E02             7      LD  A,2
000B17 4B17 CD1E4B          17      CALL    GET_STATUS
000B1A 4B1A 0F               4      RRCA
000B1B 4B1B 38F8            12      JR  C,WAIT_VDP
       4B1D                     GET_STATUS_0:
000B1D 4B1D AF               4      XOR A
       4B1E                     GET_STATUS:
000B1E 4B1E C5              11      PUSH    BC
000B1F 4B1F ED4B0600        20      LD  BC,(RDVDP)
000B23 4B23 0C               4      INC C
000B24 4B24 ED79            12      OUT (C),A
000B26 4B26 3E8F             7      LD  A,08FH
000B28 4B28 ED79            12      OUT (C),A
000B2A 4B2A ED78            12      IN  A,(C)
000B2C 4B2C C1              10      POP BC
000B2D 4B2D C9              10      RET
                                
       4B2E                     GET_PIXEL256:
000B2E 4B2E 7A               4      LD  A,D
000B2F 4B2F B3               4      OR  E
000B30 4B30 200A            12      JR  NZ,GET_PIXEL1
000B32 4B32 2ADCF2          16      LD  HL,(_BUF_EN)
000B35 4B35 CD874B          17      CALL    ROM_READ
000B38 4B38 EB               4      EX  DE,HL
000B39 4B39 2AD4F2          16      LD  HL,(_DTA)
       4B3C                     GET_PIXEL1:
000B3C 4B3C 7E               7      LD  A,(HL)
000B3D 4B3D 23               6      INC HL
000B3E 4B3E 1B               6      DEC DE
000B3F 4B3F C9              10      RET
                                
       4B40                     GET_PIXEL:
000B40 4B40 DD7D             9      LD  A,IXL
000B42 4B42 FE08             7      CP  8
000B44 4B44 28E8            12      JR  Z,GET_PIXEL256
000B46 4B46 04               4      INC B
000B47 4B47 FE06             7      CP  6
000B49 4B49 282E            12      JR  Z,GET_PIXEL4
                                
000B4B 4B4B CB40             8      BIT 0,B
000B4D 4B4D 20ED            12      JR  NZ,GET_PIXEL1
                                
000B4F 4B4F 7A               4      LD  A,D
000B50 4B50 B3               4      OR  E
000B51 4B51 200A            12      JR  NZ,GET_PIXEL2
                                
000B53 4B53 2ADCF2          16      LD  HL,(_BUF_EN)
000B56 4B56 CD874B          17      CALL    ROM_READ
000B59 4B59 EB               4      EX  DE,HL
000B5A 4B5A 2AD4F2          16      LD  HL,(_DTA)
                                
       4B5D                     GET_PIXEL2:
000B5D 4B5D 7E               7      LD  A,(HL)
000B5E 4B5E 0F               4      RRCA
000B5F 4B5F 0F               4      RRCA
000B60 4B60 0F               4      RRCA
000B61 4B61 0F               4      RRCA
000B62 4B62 C9              10      RET
                                
       4B63                     GET_PIXEL3:
000B63 4B63 7A               4      LD  A,D
000B64 4B64 B3               4      OR  E
000B65 4B65 200A            12      JR  NZ,GET_PIXEL5
                                
000B67 4B67 2ADCF2          16      LD  HL,(_BUF_EN)
000B6A 4B6A CD874B          17      CALL    ROM_READ
000B6D 4B6D EB               4      EX  DE,HL
000B6E 4B6E 2AD4F2          16      LD  HL,(_DTA)
       4B71                     GET_PIXEL5:
000B71 4B71 7E               7      LD  A,(HL)
000B72 4B72 0F               4      RRCA
000B73 4B73 0F               4      RRCA
000B74 4B74 0F               4      RRCA
000B75 4B75 0F               4      RRCA
000B76 4B76 0F               4      RRCA
000B77 4B77 0F               4      RRCA
000B78 4B78 C9              10      RET
                                
       4B79                     GET_PIXEL4:
000B79 4B79 78               4      LD  A,B
000B7A 4B7A E603             7      AND 3   ;+0
000B7C 4B7C 28E5            12      JR  Z,GET_PIXEL3
000B7E 4B7E 3D               4      DEC A   ;+1
000B7F 4B7F 28DC            12      JR  Z,GET_PIXEL2
000B81 4B81 3D               4      DEC A   ;+2
000B82 4B82 7E               7      LD  A,(HL)
000B83 4B83 C0              11      RET NZ
000B84 4B84 0F               4      RRCA        ;+3
000B85 4B85 0F               4      RRCA
000B86 4B86 C9              10      RET
                                
       4B87                     ROM_READ:
000B87 4B87 E5              11      PUSH    HL
000B88 4B88 D5              11      PUSH    DE
000B89 4B89 C5              11      PUSH    BC
000B8A 4B8A FDE5            15      PUSH    IY
000B8C 4B8C 22F3F2          16      LD  (LEFTX),HL
000B8F 4B8F 2AD4F2          16      LD  HL,(_DTA)
000B92 4B92 22E7F2          16      LD  (DTAX),HL
000B95 4B95 2AF3F2          16      LD  HL,(LEFTX)
                                
000B98 4B98 CDA04E          17      CALL    RBX1
000B9B 4B9B 3870            12      JR  C,RBRERR1
000B9D 4B9D 79               4      LD  A,C
000B9E 4B9E EB               4      EX  DE,HL
000B9F 4B9F ED52            15      SBC HL,DE       ;CP 0HL,CDE
000BA1 4BA1 19              11      ADD HL,DE
000BA2 4BA2 DE00             7      SBC A,000H
000BA4 4BA4 3801            12      JR  C,RBR1
000BA6 4BA6 EB               4      EX  DE,HL
       4BA7                     RBR1:
000BA7 4BA7 9F               4      SBC A,A
000BA8 4BA8 E601             7      AND 1
000BAA 4BAA 32C3F2          13      LD  (_RESULT),A
000BAD 4BAD 7C               4      LD  A,H
000BAE 4BAE B5               4      OR  L
000BAF 4BAF CA034C          10      JP  Z,RBREND0
                                
000BB2 4BB2 22D0F2          16      LD  (_LEFT),HL  ;Read record byte
000BB5 4BB5 22F3F2          16      LD  (LEFTX),HL
                                
000BB8 4BB8 CDD34E          17      CALL    RBX2
000BBB 4BBB 281A            12      JR  Z,RBRB
                                                ;先頭の端数
000BBD 4BBD CDE64E          17      CALL    RBXA
000BC0 4BC0 DA194C          10      JP  C,RBRERR
000BC3 4BC3 C5              11      PUSH    BC
000BC4 4BC4 CD3945          17      CALL    ROM_LDIR
000BC7 4BC7 ED53E7F2        20      LD  (DTAX),DE
000BCB 4BCB 2AF3F2          16      LD  HL,(LEFTX)
000BCE 4BCE D1              10      POP DE
000BCF 4BCF A7               4      AND A
000BD0 4BD0 ED52            15      SBC HL,DE
000BD2 4BD2 22F3F2          16      LD  (LEFTX),HL
000BD5 4BD5 2829            12      JR  Z,RBREND
                                
       4BD7                     RBRB:
000BD7 4BD7 CD1F4F          17      CALL    RBXB
000BDA 4BDA 2818            12      JR  Z,RBRC
       4BDC                     RBRB1:
000BDC 4BDC C5              11      PUSH    BC
000BDD 4BDD D5              11      PUSH    DE
000BDE 4BDE CDD04F          17      CALL    CLUST
000BE1 4BE1 EB               4      EX  DE,HL
000BE2 4BE2 ED4BC6F2        20      LD  BC,(CLSZ)       ;1クラスタのサイズ
000BE6 4BE6 CD3945          17      CALL    ROM_LDIR
000BE9 4BE9 EB               4      EX  DE,HL
000BEA 4BEA D1              10      POP DE
000BEB 4BEB C1              10      POP BC
000BEC 4BEC CDAD4F          17      CALL    GNCL
000BEF 4BEF DA194C          10      JP  C,RBRERR
000BF2 4BF2 10E8            13      DJNZ    RBRB1
       4BF4                     RBRC:
000BF4 4BF4 CD374F          17      CALL    RBXC
000BF7 4BF7 2807            12      JR  Z,RBREND
                                
000BF9 4BF9 CDD04F          17      CALL    CLUST
000BFC 4BFC EB               4      EX  DE,HL
000BFD 4BFD CD3945          17      CALL    ROM_LDIR
       4C00                     RBREND:
000C00 4C00 CD434F          17      CALL    RBXEND
       4C03                     RBREND0:
000C03 4C03 FDE1            14      POP IY
000C05 4C05 C1              10      POP BC
000C06 4C06 D1              10      POP DE
000C07 4C07 F1              10      POP AF  ;(HL)
000C08 4C08 AF               4      XOR A
000C09 4C09 3AC3F2          13      LD  A,(_RESULT)
000C0C 4C0C C9              10      RET
                                
       4C0D                     RBRERR1:
000C0D 4C0D 3E01             7      LD  A,001H
       4C0F                     RBRERR2:
000C0F 4C0F FDE1            14      POP IY
000C11 4C11 C1              10      POP BC
000C12 4C12 D1              10      POP DE
000C13 4C13 E1              10      POP HL
000C14 4C14 37               4      SCF
000C15 4C15 210000          10      LD  HL,0
000C18 4C18 C9              10      RET
       4C19                     RBRERR:
000C19 4C19 3EFF             7      LD  A,0FFH
000C1B 4C1B 18F2            12      JR  RBRERR2
                                
       4C1D                     FILE_DD:
000C1D 4C1D E1              10      POP HL
000C1E 4C1E 3E                      DB  03EH
000C1F 4C1F C9              10      RET
000C20 4C20 32A3F2          13      LD  (SWC_BLOAD_M),A
       4C23                     ROM_ORG:
000C23 4C23 2AF5F2          16      LD  HL,(PARAM0)
000C26 4C26 7E               7      LD  A,(HL)
000C27 4C27 C9              10      RET
       4C28                     FILE_B:
000C28 4C28 1E00             7      LD  E,0
000C2A 4C2A 3A63F6          13      LD  A,(VALTYP)
000C2D 4C2D FE03             7      CP  3       ;string
000C2F 4C2F C2D14C          10      JP  NZ,FILED
                                
000C32 4C32 DD21D067        14      LD  IX,FRESTR
000C36 4C36 CDF244          17      CALL    CALSLT_BIOS
000C39 4C39 5E               7      LD  E,(HL)
000C3A 4C3A 23               6      INC HL
000C3B 4C3B 7E               7      LD  A,(HL)
000C3C 4C3C DD6F             9      LD  IXL,A
000C3E 4C3E 23               6      INC HL
000C3F 4C3F 7E               7      LD  A,(HL)
000C40 4C40 DD67             9      LD  IXH,A
000C42 4C42 3E1F             7      LD  A,01FH
000C44 4C44 1802            12      JR  FILE_BAS
       4C46                     FILE_BDOS:
000C46 4C46 3E20             7      LD  A,020H
       4C48                     FILE_BAS:
000C48 4C48 32FBF2          13      LD  (_CHKSP),A
000C4B 4C4B AF               4      XOR A
000C4C 4C4C 3200F3          13      LD  (FDRV),A
000C4F 4C4F 7B               4      LD  A,E
000C50 4C50 FE04             7      CP  4
000C52 4C52 3808            12      JR  C,FILEB1
000C54 4C54 DD7E03          19      LD  A,(IX+3)
000C57 4C57 FE3A             7      CP  ':'
000C59 4C59 28C2            12      JR  Z,FILE_DD
000C5B 4C5B 7B               4      LD  A,E
       4C5C                     FILEB1:
000C5C 4C5C FE02             7      CP  2
000C5E 4C5E 3820            12      JR  C,DEVI1
000C60 4C60 DD7E01          19      LD  A,(IX+1)
000C63 4C63 FE3A             7      CP  ':'
000C65 4C65 2019            12      JR  NZ,DEVI1
000C67 4C67 DD7E00          19      LD  A,(IX+0)        ;DRIVE
000C6A 4C6A CDAE4D          17      CALL    CAP
000C6D 4C6D D640             7      SUB '@'
000C6F 4C6F DD23            10      INC IX
000C71 4C71 DD23            10      INC IX
000C73 4C73 1D               4      DEC E
000C74 4C74 1D               4      DEC E
000C75 4C75 3200F3          13      LD  (FDRV),A
000C78 4C78 F5              11      PUSH    AF
000C79 4C79 CDC855          17      CALL    GET_CD_CDRV
000C7C 4C7C 22F9F2          16      LD  (_CDX),HL
000C7F 4C7F E1              10      POP HL
       4C80                     DEVI1:
000C80 4C80 DD7E00          19      LD  A,(IX+0)
000C83 4C83 D65C             7      SUB 05CH        ;\
000C85 4C85 2008            12      JR  NZ,NOROOT
000C87 4C87 6F               4      LD  L,A
000C88 4C88 67               4      LD  H,A
000C89 4C89 22F9F2          16      LD  (_CDX),HL
000C8C 4C8C DD23            10      INC IX
000C8E 4C8E 1D               4      DEC E
       4C8F                     NOROOT:
                                
       4C8F                     SETDIR:
000C8F 4C8F CDD14C          17      CALL    FILED
000C92 4C92 DD7E00          19      LD  A,(IX+0)
000C95 4C95 FE5C             7      CP  05CH        ;\
000C97 4C97 C0              11      RET NZ
000C98 4C98 DD23            10      INC IX
000C9A 4C9A 1D               4      DEC E
000C9B 4C9B 3A01F3          13      LD  A,(FNAME)
000C9E 4C9E FE20             7      CP  020H        ;. の処理
000CA0 4CA0 28ED            12      JR  Z,SETDIR
                                
000CA2 4CA2 CDC44D          17      CALL    ROM_OPEN
000CA5 4CA5 B7               4      OR  A
000CA6 4CA6 C0              11      RET NZ
                                
                                #if exists USE_NORMAL32K_OR_ASCII16
000CA7 4CA7 D5              11      PUSH    DE
000CA8 4CA8 2AEFF2          16      LD  HL,(DIRENT1)
000CAB 4CAB 110B00          10      LD  DE,0000BH   ;属性(アトリビュート)
000CAE 4CAE 19              11      ADD HL,DE
000CAF 4CAF CD2A45          17      CALL    RDSLT_ROM
000CB2 4CB2 D1              10      POP DE
000CB3 4CB3 CB67             8      BIT 4,A     ;ディレクトリ
                                #else
                                    LD  IY,(DIRENT1)
                                    BIT 4,(IY+00BH) ;属性(アトリビュート) ディレクトリ
                                #endif
000CB5 4CB5 C8              11      RET Z
000CB6 4CB6 CD184D          17      CALL    FILEI
                                #if exists USE_NORMAL32K_OR_ASCII16
000CB9 4CB9 D5              11      PUSH    DE
000CBA 4CBA 2AEFF2          16      LD  HL,(DIRENT1)
000CBD 4CBD 111A00          10      LD  DE,0001AH   ;ファイルの先頭クラスタ
000CC0 4CC0 19              11      ADD HL,DE
000CC1 4CC1 CD2A45          17      CALL    RDSLT_ROM
000CC4 4CC4 23               6      INC HL
000CC5 4CC5 5F               4      LD  E,A
000CC6 4CC6 CD2A45          17      CALL    RDSLT_ROM
000CC9 4CC9 57               4      LD  D,A
000CCA 4CCA EB               4      EX  DE,HL
000CCB 4CCB D1              10      POP DE
                                #else
                                    LD  L,(IY+01AH) ;ファイルの先頭クラスタ
                                    LD  H,(IY+01BH)
                                #endif
000CCC 4CCC 22F9F2          16      LD  (_CDX),HL
000CCF 4CCF 18BE            12      JR  SETDIR
                                
       4CD1                     FILED:
000CD1 4CD1 CD184D          17      CALL    FILEI
000CD4 4CD4 2101F3          10      LD  HL,FNAME
                                
000CD7 4CD7 0608             7      LD  B,8
       4CD9                     FILE2:
000CD9 4CD9 CD254D          17      CALL    CCHKF
000CDC 4CDC C8              11      RET Z
000CDD 4CDD FE2A             7      CP  '*'
000CDF 4CDF 282E            12      JR  Z,FILE9
000CE1 4CE1 FE2E             7      CP  '.'
000CE3 4CE3 280C            12      JR  Z,FILE4
000CE5 4CE5 77               7      LD  (HL),A
000CE6 4CE6 23               6      INC HL
000CE7 4CE7 10F0            13      DJNZ    FILE2
                                
       4CE9                     FILE3:
000CE9 4CE9 CD254D          17      CALL    CCHKF
000CEC 4CEC C8              11      RET Z
000CED 4CED FE2E             7      CP  '.'
000CEF 4CEF 20F8            12      JR  NZ,FILE3
                                
       4CF1                     FILE4:
000CF1 4CF1 2109F3          10      LD  HL,FNAME+8
000CF4 4CF4 0603             7      LD  B,3
                                
       4CF6                     FILE4L:
000CF6 4CF6 CD254D          17      CALL    CCHKF
000CF9 4CF9 C8              11      RET Z
000CFA 4CFA FE2E             7      CP  '.'
000CFC 4CFC 2008            12      JR  NZ,FILE12
000CFE 4CFE 3201F3          13      LD  (FNAME),A   ;Parent directory(..)
000D01 4D01 3202F3          13      LD  (FNAME+1),A
000D04 4D04 3E20             7      LD  A,020H
       4D06                     FILE12:
000D06 4D06 FE2A             7      CP  '*'
000D08 4D08 280A            12      JR  Z,FILE10
000D0A 4D0A 77               7      LD  (HL),A
000D0B 4D0B 23               6      INC HL
000D0C 4D0C 10E8            13      DJNZ    FILE4L
000D0E 4D0E C9              10      RET
                                
       4D0F                     FILE9:              ;名前の*処理、名前の残りを?で埋める
000D0F 4D0F CD144D          17      CALL    FILE10
000D12 4D12 18D5            12      JR  FILE3
                                
       4D14                     FILE10:
000D14 4D14 3E3F             7      LD  A,'?'
000D16 4D16 1808            12      JR  FILL_MEMORY
       4D18                     FILEI:              ;名前＋拡張子をスペースで初期化
000D18 4D18 3E20             7      LD  A,020H
000D1A 4D1A 01000B          10      LD  BC,11*256   ;C=0にしておく
000D1D 4D1D 2101F3          10      LD  HL,FNAME
       4D20                     FILL_MEMORY:            ;HLからBバイトAで埋める
000D20 4D20 77               7      LD  (HL),A
000D21 4D21 23               6      INC HL
000D22 4D22 10FC            13      DJNZ    FILL_MEMORY
000D24 4D24 C9              10      RET
                                
       4D25                     CCHKF:
000D25 4D25 7B               4      LD  A,E
000D26 4D26 B7               4      OR  A
000D27 4D27 C8              11      RET Z
000D28 4D28 DD7E00          19      LD  A,(IX+0)
000D2B 4D2B CD324D          17      CALL    CCHK2
000D2E 4D2E C8              11      RET Z
000D2F 4D2F C3994D          10      JP  FKAN
                                
       4D32                     CCHK2:
000D32 4D32 0C               4      INC C
000D33 4D33 0D               4      DEC C
000D34 4D34 C0              11      RET NZ
       4D35                     CCHK3:              ;ZF=1 で使えない文字
000D35 4D35 FE2B             7      CP  '+'
000D37 4D37 C8              11      RET Z
000D38 4D38 FE2C             7      CP  ','
000D3A 4D3A C8              11      RET Z
000D3B 4D3B FE2F             7      CP  '/'
000D3D 4D3D C8              11      RET Z
000D3E 4D3E FE3A             7      CP  ':'
000D40 4D40 C8              11      RET Z
000D41 4D41 FE3B             7      CP  ';'
000D43 4D43 C8              11      RET Z
000D44 4D44 FE3D             7      CP  '='
000D46 4D46 C8              11      RET Z
000D47 4D47 FE5C             7      CP  05CH    ;\
000D49 4D49 C8              11      RET Z
000D4A 4D4A E5              11      PUSH    HL
000D4B 4D4B 2AFBF2          16      LD  HL,(_CHKSP)
000D4E 4D4E BD               4      CP  L
000D4F 4D4F E1              10      POP HL
000D50 4D50 D0              11      RET NC
000D51 4D51 BF               4      CP  A       ;Z=1
000D52 4D52 C9              10      RET
                                
       4D53                     SS1:
000D53 4D53 13               6      INC DE
       4D54                     SPCUT:              ;スペースをカット
000D54 4D54 1A               7      LD  A,(DE)
000D55 4D55 FE20             7      CP  020H
000D57 4D57 28FA            12      JR  Z,SS1
000D59 4D59 C9              10      RET
                                
       4D5A                     SCREOF1:
000D5A 4D5A 13               6      INC DE
       4D5B                     SPCUTEX:            ;スペース改行などをカット
000D5B 4D5B 1A               7      LD  A,(DE)
000D5C 4D5C FE20             7      CP  020H
000D5E 4D5E 28FA            12      JR  Z,SCREOF1
000D60 4D60 FE0D             7      CP  00DH
000D62 4D62 28F6            12      JR  Z,SCREOF1
000D64 4D64 FE0A             7      CP  00AH
000D66 4D66 28F2            12      JR  Z,SCREOF1
000D68 4D68 FE1A             7      CP  01AH
000D6A 4D6A 28EE            12      JR  Z,SCREOF1
000D6C 4D6C C9              10      RET
                                
       4D6D                     GETNUM:
000D6D 4D6D 210000          10      LD  HL,0
       4D70                     GETNUM1:
000D70 4D70 1A               7      LD  A,(DE)
000D71 4D71 13               6      INC DE
000D72 4D72 D630             7      SUB '0'
000D74 4D74 D8              11      RET C
000D75 4D75 FE0A             7      CP  10
000D77 4D77 D0              11      RET NC
000D78 4D78 4D               4      LD  C,L
000D79 4D79 44               4      LD  B,H
000D7A 4D7A 29              11      ADD HL,HL   ;*2
000D7B 4D7B 29              11      ADD HL,HL   ;*4
000D7C 4D7C 09              11      ADD HL,BC   ;*5
000D7D 4D7D 29              11      ADD HL,HL   ;*10
000D7E 4D7E 4F               4      LD  C,A
000D7F 4D7F 0600             7      LD  B,0
000D81 4D81 09              11      ADD HL,BC
000D82 4D82 18EC            12      JR  GETNUM1
                                
       4D84                     SEARCH_END:
000D84 4D84 7E               7      LD  A,(HL)
       4D85                     SEARCH_END1:
000D85 4D85 23               6      INC HL
000D86 4D86 B7               4      OR  A
000D87 4D87 C8              11      RET Z
000D88 4D88 FE3A             7      CP  ':'
000D8A 4D8A 20F8            12      JR  NZ,SEARCH_END
000D8C 4D8C 7E               7      LD  A,(HL)
000D8D 4D8D FE3A             7      CP  ':'
000D8F 4D8F 28F4            12      JR  Z,SEARCH_END1
000D91 4D91 C9              10      RET
                                
       4D92                     FKANC:
000D92 4D92 CB41             8      BIT 0,C
000D94 4D94 CCB74D          17      CALL    Z,CAP2
000D97 4D97 1803            12      JR  FKANX
       4D99                     FKAN:           ;漢字チェック
000D99 4D99 DD23            10      INC IX
000D9B 4D9B 1D               4      DEC E
       4D9C                     FKANX:
000D9C 4D9C CB41             8      BIT 0,C
000D9E 4D9E CB81             8      RES 0,C
000DA0 4DA0 C0              11      RET NZ
000DA1 4DA1 FE80             7      CP  080H
000DA3 4DA3 D8              11      RET C
000DA4 4DA4 FEA0             7      CP  0A0H
000DA6 4DA6 3803            12      JR  C,FKAN1
000DA8 4DA8 FEE0             7      CP  0E0H
000DAA 4DAA D8              11      RET C
       4DAB                     FKAN1:
000DAB 4DAB 0C               4      INC C
000DAC 4DAC A7               4      AND A
000DAD 4DAD C9              10      RET
                                
       4DAE                     CAP:
000DAE 4DAE FE61             7      CP  'a'
000DB0 4DB0 D8              11      RET C
000DB1 4DB1 FE7B             7      CP  'z'+1
000DB3 4DB3 D0              11      RET NC
000DB4 4DB4 D620             7      SUB 020H
000DB6 4DB6 C9              10      RET
       4DB7                     CAP2:
000DB7 4DB7 CDAE4D          17      CALL    CAP
       4DBA                     CAP3:               ;
000DBA 4DBA FE05             7      CP  5
000DBC 4DBC 2803            12      JR  Z,CAP4
000DBE 4DBE FE21             7      CP  021H
000DC0 4DC0 C9              10      RET
       4DC1                     CAP4:
000DC1 4DC1 3EE5             7      LD  A,0E5H
000DC3 4DC3 C9              10      RET
                                
       4DC4                     ROM_OPEN:
000DC4 4DC4 CDE955          17      CALL    GET_DISK_BANK_FDRV
                                
000DC7 4DC7 CD8A50          17      CALL    GET_DIR_DAT
000DCA 4DCA D5              11      PUSH    DE
000DCB 4DCB CD384E          17      CALL    FILESE
000DCE 4DCE D1              10      POP DE
000DCF 4DCF 300F            12      JR  NC,ROM_OPEN_C
       4DD1                     ROM_OPEN_OK:
000DD1 4DD1 22EFF2          16      LD  (DIRENT1),HL
000DD4 4DD4 E5              11      PUSH    HL
000DD5 4DD5 AF               4      XOR A
000DD6 4DD6 6F               4      LD  L,A
000DD7 4DD7 67               4      LD  H,A
000DD8 4DD8 22CAF2          16      LD  (RR_LOW),HL
000DDB 4DDB 22CCF2          16      LD  (RR_HIGH),HL
000DDE 4DDE E1              10      POP HL
000DDF 4DDF C9              10      RET
                                
       4DE0                     ROM_OPEN_C:         ;#XXXX 形式のサブディスク
000DE0 4DE0 3A01F3          13      LD  A,(FNAME)
000DE3 4DE3 FE23             7      CP  '#'
000DE5 4DE5 37               4      SCF
000DE6 4DE6 C0              11      RET NZ
000DE7 4DE7 D5              11      PUSH    DE
000DE8 4DE8 2100F3          10      LD  HL,FDRV
000DEB 4DEB 1103FB          10      LD  DE,TMP_DIRENT
000DEE 4DEE 010C00          10      LD  BC,1+8+3
000DF1 4DF1 EDB0                    LDIR
000DF3 4DF3 0614             7      LD  B,32-(1+8+3)
000DF5 4DF5 CD9A5B          17      CALL    ZERO_MEMORY_DE
000DF8 4DF8 3E10             7      LD  A,010H          ;ディレクトリ属性
000DFA 4DFA 320EFB          13      LD  (TMP_DIRENT+0000BH),A   ;属性(アトリビュート)
000DFD 4DFD 3A02F3          13      LD  A,(FNAME+1)
000E00 4E00 CD0D5C          17      CALL    HEX
000E03 4E03 3830            12      JR  C,POPDE_SCF
000E05 4E05 87               4      ADD A,A
000E06 4E06 87               4      ADD A,A
000E07 4E07 87               4      ADD A,A
000E08 4E08 87               4      ADD A,A
000E09 4E09 5F               4      LD  E,A
000E0A 4E0A 3A03F3          13      LD  A,(FNAME+2)
000E0D 4E0D CD0D5C          17      CALL    HEX
000E10 4E10 3823            12      JR  C,POPDE_SCF
000E12 4E12 B3               4      OR  E
000E13 4E13 321EFB          13      LD  (TMP_DIRENT+0001BH),A       ;ファイルの先頭クラスタ
000E16 4E16 3A04F3          13      LD  A,(FNAME+3)
000E19 4E19 CD0D5C          17      CALL    HEX
000E1C 4E1C 3817            12      JR  C,POPDE_SCF
000E1E 4E1E 87               4      ADD A,A
000E1F 4E1F 87               4      ADD A,A
000E20 4E20 87               4      ADD A,A
000E21 4E21 87               4      ADD A,A
000E22 4E22 5F               4      LD  E,A
000E23 4E23 3A05F3          13      LD  A,(FNAME+4)
000E26 4E26 CD0D5C          17      CALL    HEX
000E29 4E29 380A            12      JR  C,POPDE_SCF
000E2B 4E2B B3               4      OR  E
000E2C 4E2C 321DFB          13      LD  (TMP_DIRENT+0001AH),A       ;ファイルの先頭クラスタ
000E2F 4E2F D1              10      POP DE
000E30 4E30 2103FB          10      LD  HL,TMP_DIRENT
000E33 4E33 189C            12      JR  ROM_OPEN_OK
       4E35                     POPDE_SCF:
000E35 4E35 D1              10      POP DE
000E36 4E36 37               4      SCF
000E37 4E37 C9              10      RET
                                
       4E38                     FILESE:
       4E38                     FILESE0:
                                #if exists USE_NORMAL32K_OR_ASCII16
000E38 4E38 CD2A45          17      CALL    RDSLT_ROM
                                #else
                                    LD  A,(HL)
                                #endif
000E3B 4E3B B7               4      OR  A
000E3C 4E3C C8              11      RET Z       ;END:ZF=1 CF=0
000E3D 4E3D FEE5             7      CP  0E5H
000E3F 4E3F 280D            12      JR  Z,FILESE1
000E41 4E41 1101F3          10      LD  DE,FNAME
000E44 4E44 E5              11      PUSH    HL
000E45 4E45 CD774E          17      CALL    CPFILE
000E48 4E48 CC9A4E          17      CALL    Z,CPFILE2
000E4B 4E4B E1              10      POP HL
000E4C 4E4C 37               4      SCF
000E4D 4E4D C8              11      RET Z       ;!!!:(ZF=1) CF=1
       4E4E                     FILESE1:
000E4E 4E4E FD3418          23      INC (IY+24)         ;スキップしたエントリの分だけ呼び出し元の
                                                    ;検索位置カウンタ(FCB+24)を進めておく
                                                    ;(マッチした分はS12X1側でさらに+1する)
000E51 4E51 CD594E          17      CALL    FNEXT
000E54 4E54 20E2            12      JR  NZ,FILESE0
000E56 4E56 F6FF             7      OR  0FFH        ;ZF=0 CF=0
000E58 4E58 C9              10      RET
                                
       4E59                     FNEXT:
000E59 4E59 112000          10      LD  DE,020H
000E5C 4E5C 19              11      ADD HL,DE
000E5D 4E5D ED5BF9F2        20      LD  DE,(_CDX)
000E61 4E61 7A               4      LD  A,D
000E62 4E62 B3               4      OR  E
000E63 4E63 2002            12      JR  NZ,FNEXT_SUBDIR
000E65 4E65 0D               4      DEC C
                                #if exists USE_NORMAL32K_OR_ASCII16
                                #else
                                CHECK_DIR_PAGE:         ;ディレクトリが2ページ目に跨るかチェックする
                                    PUSH    AF      ;※フラグを保存する必要あり
                                    BIT 7,H
                                    JR  Z,CHECK_DIR_PAGE1
                                    LD  A,H
                                    SUB 020H
                                    LD  H,A
                                    LD  A,(_DIR_BANK)
                                    INC A
                                    LD  (BANK1_SEL),A           ;ASCII-8K/Konami-8K
                                    LD  (KONAMI_SCC_BANK1_SEL),A    ;Konami-8K/Konami-SCC
                                    LD  (_DIR_BANK),A
                                CHECK_DIR_PAGE1:
                                    POP AF
                                #endif
000E66 4E66 C9              10      RET
                                
       4E67                     FNEXT_SUBDIR:           ;サブディレクトリ
000E67 4E67 0D               4      DEC C
000E68 4E68 C0              11      RET NZ
                                
000E69 4E69 ED5BF9F2        20      LD  DE,(_CDX)
000E6D 4E6D CDAD4F          17      CALL    GNCL
000E70 4E70 EB               4      EX  DE,HL
000E71 4E71 22F9F2          16      LD  (_CDX),HL
000E74 4E74 C3C350          10      JP  GET_SUBDIR
                                
       4E77                     CPFILE:
000E77 4E77 C5              11      PUSH    BC
000E78 4E78 01000B          10      LD  BC,00B00H
       4E7B                     CPSTR1:
000E7B 4E7B 1A               7      LD  A,(DE)
000E7C 4E7C FE3F             7      CP  '?'     ;Wild card
000E7E 4E7E 2814            12      JR  Z,CPSTR2
                                #if exists USE_NORMAL32K_OR_ASCII16
000E80 4E80 CD2A45          17      CALL    RDSLT_ROM
                                #else
                                    LD  A,(HL)
                                #endif
000E83 4E83 CD924D          17      CALL    FKANC
000E86 4E86 E5              11      PUSH    HL
000E87 4E87 67               4      LD  H,A
000E88 4E88 1A               7      LD  A,(DE)
000E89 4E89 CB01             8      RLC C
000E8B 4E8B CD924D          17      CALL    FKANC
000E8E 4E8E CB09             8      RRC C
000E90 4E90 BC               4      CP  H       ;CP (HL),(DE)
000E91 4E91 E1              10      POP HL
000E92 4E92 2004            12      JR  NZ,CPSTR3
       4E94                     CPSTR2:
000E94 4E94 13               6      INC DE
000E95 4E95 23               6      INC HL
000E96 4E96 10E3            13      DJNZ    CPSTR1
       4E98                     CPSTR3:
000E98 4E98 C1              10      POP BC
000E99 4E99 C9              10      RET
                                
       4E9A                     CPFILE2:
                                #if exists USE_NORMAL32K_OR_ASCII16
000E9A 4E9A CD2A45          17      CALL    RDSLT_ROM
                                #else
                                    LD  A,(HL)
                                #endif
000E9D 4E9D E608             7      AND 008H    ;~0F7H
000E9F 4E9F C9              10      RET
                                
       4EA0                     RBX1:
000EA0 4EA0 E5              11      PUSH    HL      ;Record byte
                                
000EA1 4EA1 ED5BCAF2        20      LD  DE,(RR_LOW) ;CDE=Random record
000EA5 4EA5 3ACDF2          13      LD  A,(RR_HIGH+1)
000EA8 4EA8 4F               4      LD  C,A
                                
000EA9 4EA9 3AF1F2          13      LD  A,(_DIR_BANK)
                                #if exists USE_NORMAL32K_OR_ASCII16
000EAC 4EAC 320070          13      LD  (ASCII16_BANK1_SEL),A       ;ASCII-16K
000EAF 4EAF D5              11      PUSH    DE
000EB0 4EB0 2AEFF2          16      LD  HL,(DIRENT1)
000EB3 4EB3 111C00          10      LD  DE,0001CH
000EB6 4EB6 19              11      ADD HL,DE
000EB7 4EB7 CD2A45          17      CALL    RDSLT_ROM
000EBA 4EBA 23               6      INC HL
000EBB 4EBB 5F               4      LD  E,A
000EBC 4EBC CD2A45          17      CALL    RDSLT_ROM
000EBF 4EBF 23               6      INC HL
000EC0 4EC0 57               4      LD  D,A
000EC1 4EC1 CD2A45          17      CALL    RDSLT_ROM
000EC4 4EC4 EB               4      EX  DE,HL       ;AHL=File size
000EC5 4EC5 D1              10      POP DE
                                #else
                                    LD  (BANK1_SEL),A           ;ASCII-8K/Konami-8K
                                    LD  (KONAMI_SCC_BANK1_SEL),A    ;Konami-8K/Konami-SCC
                                    LD  IY,(DIRENT1)
                                    LD  L,(IY+01CH) ;AHL=File size
                                    LD  H,(IY+01DH)
                                    LD  A,(IY+01EH)
                                #endif
                                
000EC6 4EC6 A7               4      AND A
000EC7 4EC7 ED52            15      SBC HL,DE
000EC9 4EC9 99               4      SBC A,C
000ECA 4ECA D1              10      POP DE
                                
000ECB 4ECB D8              11      RET C
000ECC 4ECC 4F               4      LD  C,A
000ECD 4ECD EB               4      EX  DE,HL   ;CDE=File byte  HL=Record byte
000ECE 4ECE B2               4      OR  D
000ECF 4ECF B3               4      OR  E
000ED0 4ED0 C0              11      RET NZ
000ED1 4ED1 37               4      SCF
000ED2 4ED2 C9              10      RET
                                
       4ED3                     RBX2:
000ED3 4ED3 ED4BCBF2        20      LD  BC,(RR_LOW+1)
000ED7 4ED7 CD584F          17      CALL    RWXR
000EDA 4EDA 3AC7F2          13      LD  A,(CLSZ_H)
000EDD 4EDD 3D               4      DEC A
000EDE 4EDE E5              11      PUSH    HL
000EDF 4EDF 2ACAF2          16      LD  HL,(RR_LOW)
000EE2 4EE2 A4               4      AND H
000EE3 4EE3 B5               4      OR  L
000EE4 4EE4 E1              10      POP HL
000EE5 4EE5 C9              10      RET
                                
       4EE6                     RBXA:
000EE6 4EE6 D5              11      PUSH    DE
000EE7 4EE7 CDD04F          17      CALL    CLUST
000EEA 4EEA ED53D2F2        20      LD  (_DTPS),DE
000EEE 4EEE D1              10      POP DE
000EEF 4EEF CDAD4F          17      CALL    GNCL
000EF2 4EF2 D8              11      RET C
000EF3 4EF3 ED53CEF2        20      LD  (_CLPS),DE
                                
000EF7 4EF7 ED4BCAF2        20      LD  BC,(RR_LOW)
000EFB 4EFB 2AC6F2          16      LD  HL,(CLSZ)
000EFE 4EFE 7C               4      LD  A,H
000EFF 4EFF 3D               4      DEC A
000F00 4F00 A0               4      AND B
000F01 4F01 47               4      LD  B,A
000F02 4F02 ED42            15      SBC HL,BC       ;remaining cluster
                                
000F04 4F04 ED5BF3F2        20      LD  DE,(LEFTX)
000F08 4F08 ED52            15      SBC HL,DE       ;CP HL,DE
000F0A 4F0A 19              11      ADD HL,DE
000F0B 4F0B 3801            12      JR  C,RBXA1
000F0D 4F0D EB               4      EX  DE,HL
       4F0E                     RBXA1:
000F0E 4F0E 3AC4F2          13      LD  A,(_BANK)   ;GNCLでバンクを切り替えたのでデータのあるバンク
                                #if exists USE_NORMAL32K_OR_ASCII16
000F11 4F11 320070          13      LD  (ASCII16_BANK1_SEL),A       ;ASCII-16K
                                #else
                                    LD  (BANK1_SEL),A           ;ASCII-8K/Konami-8K
                                    LD  (KONAMI_SCC_BANK1_SEL),A    ;Konami-8K/Konami-SCC
                                #endif
000F14 4F14 E5              11      PUSH    HL
000F15 4F15 2AD2F2          16      LD  HL,(_DTPS)
000F18 4F18 09              11      ADD HL,BC
000F19 4F19 ED5BE7F2        20      LD  DE,(DTAX)
000F1D 4F1D C1              10      POP BC
000F1E 4F1E C9              10      RET
                                
       4F1F                     RBXB:
000F1F 4F1F 2AE7F2          16      LD  HL,(DTAX)
000F22 4F22 ED5BCEF2        20      LD  DE,(_CLPS)
000F26 4F26 3AF4F2          13      LD  A,(LEFTX+1)
000F29 4F29 47               4      LD  B,A
000F2A 4F2A 3AC7F2          13      LD  A,(CLSZ_H)  ;1024=4 / 512=2 / 256=1
       4F2D                     RBXB1:
000F2D 4F2D 1F               4      RRA     ;->CF
000F2E 4F2E 3804            12      JR  C,RBXB2
000F30 4F30 CB38             8      SRL B   ;B=B/2
000F32 4F32 18F9            12      JR  RBXB1
       4F34                     RBXB2:
000F34 4F34 78               4      LD  A,B
000F35 4F35 B7               4      OR  A
000F36 4F36 C9              10      RET
                                
       4F37                     RBXC:
000F37 4F37 ED4BF3F2        20      LD  BC,(LEFTX)
000F3B 4F3B 3AC7F2          13      LD  A,(CLSZ_H)
000F3E 4F3E 3D               4      DEC A
000F3F 4F3F A0               4      AND B
000F40 4F40 47               4      LD  B,A
000F41 4F41 B1               4      OR  C
000F42 4F42 C9              10      RET
                                
       4F43                     RBXEND:
000F43 4F43 ED5BD0F2        20      LD  DE,(_LEFT)
000F47 4F47 2ACAF2          16      LD  HL,(RR_LOW)
000F4A 4F4A 3ACDF2          13      LD  A,(RR_HIGH+1)
000F4D 4F4D 19              11      ADD HL,DE
000F4E 4F4E CE00             7      ADC A,0
000F50 4F50 22CAF2          16      LD  (RR_LOW),HL
000F53 4F53 32CDF2          13      LD  (RR_HIGH+1),A
000F56 4F56 EB               4      EX  DE,HL       ;HL=Read byte
000F57 4F57 C9              10      RET
                                
       4F58                     RWXR:
000F58 4F58 3AC7F2          13      LD  A,(CLSZ_H)  ;1024=4 / 512=2 / 256=1
       4F5B                     L_RWX:
000F5B 4F5B 1F               4      RRA     ;->CF
000F5C 4F5C 3806            12      JR  C,E_RWX
000F5E 4F5E CB38             8      SRL B   ;BC=BC/2
000F60 4F60 CB19             8      RR  C   ;
000F62 4F62 18F7            12      JR  L_RWX
       4F64                     E_RWX:
000F64 4F64 3AF1F2          13      LD  A,(_DIR_BANK)
                                #if exists USE_NORMAL32K_OR_ASCII16
000F67 4F67 320070          13      LD  (ASCII16_BANK1_SEL),A       ;ASCII-16K
                                
000F6A 4F6A E5              11      PUSH    HL
000F6B 4F6B 2AEFF2          16      LD  HL,(DIRENT1)
000F6E 4F6E 111A00          10      LD  DE,0001AH   ;ファイルの先頭クラスタ
000F71 4F71 19              11      ADD HL,DE
000F72 4F72 CD2A45          17      CALL    RDSLT_ROM
000F75 4F75 23               6      INC HL
000F76 4F76 5F               4      LD  E,A
000F77 4F77 CD2A45          17      CALL    RDSLT_ROM
000F7A 4F7A 23               6      INC HL
000F7B 4F7B 57               4      LD  D,A
000F7C 4F7C E1              10      POP HL
                                #else
                                    LD  (BANK1_SEL),A           ;ASCII-8K/Konami-8K
                                    LD  (KONAMI_SCC_BANK1_SEL),A    ;Konami-8K/Konami-SCC
                                    LD  IY,(DIRENT1)
                                    LD  E,(IY+01AH) ;ファイルの先頭クラスタ
                                    LD  D,(IY+01BH)
                                #endif
000F7D 4F7D CDE955          17      CALL    GET_DISK_BANK_FDRV
       4F80                     RWX1:
000F80 4F80 ED53CEF2        20      LD  (_CLPS),DE
000F84 4F84 7A               4      LD  A,D
000F85 4F85 B3               4      OR  E
000F86 4F86 37               4      SCF
000F87 4F87 C8              11      RET Z
                                
000F88 4F88 78               4      LD  A,B
000F89 4F89 B1               4      OR  C
000F8A 4F8A C8              11      RET Z
                                
000F8B 4F8B CDAD4F          17      CALL    GNCL
000F8E 4F8E D8              11      RET C
000F8F 4F8F 0B               6      DEC BC
000F90 4F90 CD1450          17      CALL    ENDCL
000F93 4F93 38EB            12      JR  C,RWX1
000F95 4F95 37               4      SCF
000F96 4F96 C9              10      RET
                                
       4F97                     NCL3:
000F97 4F97 CDE955          17      CALL    GET_DISK_BANK_FDRV
000F9A 4F9A 6B               4      LD  L,E
000F9B 4F9B 62               4      LD  H,D
000F9C 4F9C CB3C             8      SRL H
000F9E 4F9E CB1D             8      RR  L
000FA0 4FA0 1F               4      RRA
000FA1 4FA1 19              11      ADD HL,DE
000FA2 4FA2 010060          10      LD  BC,BANK1_ADR
000FA5 4FA5 09              11      ADD HL,BC
000FA6 4FA6 ED4BC8F2        20      LD  BC,(SECSZ)
000FAA 4FAA 09              11      ADD HL,BC
000FAB 4FAB 17               4      RLA
000FAC 4FAC C9              10      RET
                                
       4FAD                     GNCL:
000FAD 4FAD 7A               4      LD  A,D
000FAE 4FAE B3               4      OR  E
000FAF 4FAF 37               4      SCF
000FB0 4FB0 C8              11      RET Z
000FB1 4FB1 C5              11      PUSH    BC
000FB2 4FB2 E5              11      PUSH    HL
000FB3 4FB3 CD974F          17      CALL    NCL3
000FB6 4FB6 3809            12      JR  C,GNC1
000FB8 4FB8 5E               7      LD  E,(HL)
000FB9 4FB9 23               6      INC HL
000FBA 4FBA 7E               7      LD  A,(HL)
000FBB 4FBB E60F             7      AND 00FH
000FBD 4FBD 57               4      LD  D,A
000FBE 4FBE E1              10      POP HL
000FBF 4FBF C1              10      POP BC
000FC0 4FC0 C9              10      RET
       4FC1                     GNC1:
000FC1 4FC1 7E               7      LD  A,(HL)
000FC2 4FC2 23               6      INC HL
000FC3 4FC3 56               7      LD  D,(HL)
000FC4 4FC4 0604             7      LD  B,4
       4FC6                     GNC1L:
000FC6 4FC6 CB3A             8      SRL D
000FC8 4FC8 1F               4      RRA
000FC9 4FC9 10FB            13      DJNZ    GNC1L
                                
000FCB 4FCB 5F               4      LD  E,A
000FCC 4FCC E1              10      POP HL
000FCD 4FCD C1              10      POP BC
000FCE 4FCE A7               4      AND A
000FCF 4FCF C9              10      RET
                                
       4FD0                     CLUST:
000FD0 4FD0 EB               4      EX  DE,HL
       4FD1                     CLUST_HL:
000FD1 4FD1 2B               6      DEC HL
000FD2 4FD2 2B               6      DEC HL
000FD3 4FD3 C5              11      PUSH    BC
000FD4 4FD4 3AC7F2          13      LD  A,(CLSZ_H)
000FD7 4FD7 CD0F56          17      CALL    MUL_AHL
                                
000FDA 4FDA CDA450          17      CALL    GET_DIR_POS
000FDD 4FDD 4F               4      LD  C,A
000FDE 4FDE 0600             7      LD  B,0
000FE0 4FE0 09              11      ADD HL,BC
                                
000FE1 4FE1 ED4B1160        20      LD  BC,(BANK1_ADR+17)   ;BPB_RootEntCnt
000FE5 4FE5 CB38             8      SRL B
000FE7 4FE7 CB19             8      RR  C           ;/2
000FE9 4FE9 CB38             8      SRL B
000FEB 4FEB CB19             8      RR  C           ;/4
000FED 4FED CB38             8      SRL B
000FEF 4FEF CB19             8      RR  C           ;/8
000FF1 4FF1 09              11      ADD HL,BC
                                #if exists USE_NORMAL32K_OR_ASCII16
000FF2 4FF2 7D               4      LD  A,L
000FF3 4FF3 01E0FF          10      LD  BC,-00020H  ;先頭の8KB部分
000FF6 4FF6 09              11      ADD HL,BC
000FF7 4FF7 3013            12      JR  NC,CLUST2
000FF9 4FF9 4D               4      LD  C,L     ;C=読み出し元
000FFA 4FFA 29              11      ADD HL,HL   ;64KB→32KB
000FFB 4FFB 29              11      ADD HL,HL   ;32KB→16KB バンク切り替えのサイズに合わせる
000FFC 4FFC CDE955          17      CALL    GET_DISK_BANK_FDRV
000FFF 4FFF 84               4      ADD A,H
001000 5000 320070          13      LD  (ASCII16_BANK1_SEL),A   ;ASCII-16K
001003 5003 32C4F2          13      LD  (_BANK),A
001006 5006 69               4      LD  L,C     ;C=読み出し元
001007 5007 3E3F             7      LD  A,03FH      ;セグメントのサイズでフィルタする(16K:3F)
001009 5009 A5               4      AND L
00100A 500A C620             7      ADD A,020H
                                #else
                                    LD  C,L     ;C=読み出し元
                                    ADD HL,HL   ;64KB→32KB
                                    ADD HL,HL   ;32KB→16KB
                                    ADD HL,HL   ;16KB→8KB  バンク切り替えのサイズに合わせる
                                    CALL    GET_DISK_BANK_FDRV
                                    ADD A,H
                                    LD  (BANK1_SEL),A           ;ASCII-8K/Konami-8K
                                    LD  (KONAMI_SCC_BANK1_SEL),A    ;Konami-8K/Konami-SCC
                                    LD  (_BANK),A
                                    LD  L,C     ;C=読み出し元
                                    LD  A,01FH          ;セグメントのサイズでフィルタする(8K:1F)
                                    AND L
                                #endif
       500C                     CLUST2:
00100C 500C C660             7      ADD A,high BANK1_ADR
00100E 500E 67               4      LD  H,A
00100F 500F 2E00             7      LD  L,0
001011 5011 EB               4      EX  DE,HL
001012 5012 C1              10      POP BC
001013 5013 C9              10      RET
                                
       5014                     ENDCL:
001014 5014 7A               4      LD  A,D ;END CLUSTER
001015 5015 FE0F             7      CP  00FH    ;FAT12の最大値
001017 5017 C0              11      RET NZ
001018 5018 7B               4      LD  A,E
001019 5019 FEF7             7      CP  0F7H
00101B 501B C9              10      RET
                                
       501C                     RB_READ:
00101C 501C AF               4      XOR A   ;HLA = HL*128
00101D 501D CB3C             8      SRL H
00101F 501F CB1D             8      RR  L
001021 5021 1F               4      RRA
001022 5022 32CAF2          13      LD  (RR_LOW),A
001025 5025 22CBF2          16      LD  (RR_MID),HL
001028 5028 218000          10      LD  HL,128
                                
00102B 502B CD874B          17      CALL    ROM_READ
00102E 502E C9              10      RET
                                
       502F                     GETSEQ:
00102F 502F FD6E20          19      LD  L,(IY+32)
001032 5032 FD660C          19      LD  H,(IY+12)
                                
001035 5035 CB25             8      SLA L
                                
001037 5037 CB3C             8      SRL H
001039 5039 CB1D             8      RR  L
00103B 503B C9              10      RET
                                
       503C                     SETSEQ:
00103C 503C F5              11      PUSH    AF
00103D 503D 3ACAF2          13      LD  A,(RR_LOW)
001040 5040 2ACBF2          16      LD  HL,(RR_MID)
                                
001043 5043 CD5A50          17      CALL    SSQ1
                                
001046 5046 29              11      ADD HL,HL
001047 5047 CB3D             8      SRL L
001049 5049 FD7520          19      LD  (IY+32),L
00104C 504C FD740C          19      LD  (IY+12),H
00104F 504F F1              10      POP AF
001050 5050 C9              10      RET
                                
       5051                     GETSIZE:
001051 5051 FD7E10          19      LD  A,(IY+16)
001054 5054 FD6E11          19      LD  L,(IY+17)
001057 5057 FD6612          19      LD  H,(IY+18)
       505A                     SSQ1:
00105A 505A 87               4      ADD A,A
00105B 505B ED6A            15      ADC HL,HL
00105D 505D B7               4      OR  A
00105E 505E C8              11      RET Z
00105F 505F 23               6      INC HL
001060 5060 C9              10      RET
                                
       5061                     SET_FCB:
001061 5061 D5              11      PUSH    DE
001062 5062 FDE1            14      POP IY
001064 5064 FD7E1C          19      LD  A,(IY+28)
001067 5067 FEFF             7      CP  0FFH
001069 5069 201B            12      JR  NZ,POPAF_SCF_FF_RET
00106B 506B E5              11      PUSH    HL
00106C 506C FD6E1A          19      LD  L,(IY+26)
00106F 506F FD661B          19      LD  H,(IY+27)
001072 5072 22CEF2          16      LD  (_CLPS),HL
001075 5075 FD7E1D          19      LD  A,(IY+29)
001078 5078 32F1F2          13      LD  (_DIR_BANK),A
00107B 507B FD6E1E          19      LD  L,(IY+30)
00107E 507E FD661F          19      LD  H,(IY+31)
001081 5081 22EFF2          16      LD  (DIRENT1),HL
001084 5084 E1              10      POP HL
001085 5085 C9              10      RET
                                
       5086                     POPAF_SCF_FF_RET:
001086 5086 F1              10      POP AF
001087 5087 37               4      SCF
001088 5088 9F               4      SBC A,A
001089 5089 C9              10      RET
                                
       508A                     GET_DIR_DAT:
00108A 508A 2AF9F2          16      LD  HL,(_CDX)
00108D 508D 7C               4      LD  A,H
00108E 508E B5               4      OR  L
00108F 508F 2032            12      JR  NZ,GET_SUBDIR
001091 5091 CDA450          17      CALL    GET_DIR_POS
001094 5094 C660             7      ADD A,high BANK1_ADR
001096 5096 2E00             7      LD  L,0
001098 5098 67               4      LD  H,A         ;HL=BANK1_ADR+(BPB_RsvdSecCnt+BPB_FATSz16*BPB_NumFATs)*BPB_BytsPerSec
                                #if exists USE_NORMAL32K_OR_ASCII16
                                #else
                                    CALL    CHECK_DIR_PAGE
                                #endif
001099 5099 3AC5F2          13      LD  A,(_BANK1)
00109C 509C 32F1F2          13      LD  (_DIR_BANK),A
                                
00109F 509F 3A1160          13      LD  A,(BANK1_ADR+17)    ;BPB_RootEntCnt
0010A2 50A2 4F               4      LD  C,A
0010A3 50A3 C9              10      RET
                                
       50A4                     GET_DIR_POS:                ;ルートディレクトリ
0010A4 50A4 CDE955          17      CALL    GET_DISK_BANK_FDRV
0010A7 50A7 32C5F2          13      LD  (_BANK1),A
0010AA 50AA 3A1060          13      LD  A,(BANK1_ADR+16)    ;BPB_NumFATs
0010AD 50AD 47               4      LD  B,A
0010AE 50AE 3A1660          13      LD  A,(BANK1_ADR+22)    ;BPB_FATSz16
0010B1 50B1 4F               4      LD  C,A
0010B2 50B2 3A0E60          13      LD  A,(BANK1_ADR+14)    ;BPB_RsvdSecCnt
       50B5                     GET_DIR_POS1:
0010B5 50B5 81               4      ADD A,C
0010B6 50B6 10FD            13      DJNZ    GET_DIR_POS1
                                
0010B8 50B8 ED4B0B60        20      LD  BC,(BANK1_ADR+11)   ;BPB_BytsPerSec
0010BC 50BC 37               4      SCF     ;無限ループ回避
       50BD                     L_MDP:
0010BD 50BD CB18             8      RR  B   ;->CF
0010BF 50BF D8              11      RET C
0010C0 50C0 87               4      ADD A,A
0010C1 50C1 18FA            12      JR  L_MDP
                                
       50C3                     GET_SUBDIR:             ;サブディレクトリ
0010C3 50C3 CDD14F          17      CALL    CLUST_HL
0010C6 50C6 EB               4      EX  DE,HL
0010C7 50C7 3AC4F2          13      LD  A,(_BANK)
0010CA 50CA 32F1F2          13      LD  (_DIR_BANK),A
0010CD 50CD 3AC7F2          13      LD  A,(CLSZ_H)
0010D0 50D0 87               4      ADD A,A     ;*2
0010D1 50D1 87               4      ADD A,A     ;*4
0010D2 50D2 87               4      ADD A,A     ;*8
0010D3 50D3 4F               4      LD  C,A
0010D4 50D4 C9              10      RET
                                
       50D5                     STATEMENT:
0010D5 50D5 119453          10      LD  DE,STR_CHDIR
0010D8 50D8 CD2D53          17      CALL    CPPROCNM
0010DB 50DB 2812            12      JR  Z,_CHDIR
0010DD 50DD 119A53          10      LD  DE,STR_CHDRV
0010E0 50E0 CD2D53          17      CALL    CPPROCNM
0010E3 50E3 281C            12      JR  Z,_CHDRV
0010E5 50E5 11A053          10      LD  DE,STR_RAMDISK
0010E8 50E8 CD2D53          17      CALL    CPPROCNM
0010EB 50EB 2829            12      JR  Z,_RAMDISK
0010ED 50ED 37               4      SCF
0010EE 50EE C9              10      RET
       50EF                     _CHDIR:
0010EF 50EF 7E               7      LD  A,(HL)
0010F0 50F0 FE28             7      CP  '('
0010F2 50F2 37               4      SCF
0010F3 50F3 C0              11      RET NZ
0010F4 50F4 CD2E49          17      CALL    INIT_PARAM
0010F7 50F7 CD284C          17      CALL    FILE_B
0010FA 50FA CD3D51          17      CALL    ROM_CD
0010FD 50FD D0              11      RET NC
0010FE 50FE C3D547          10      JP  ERROR_FILE_NOT_FOUND
                                
       5101                     _CHDRV:
001101 5101 7E               7      LD  A,(HL)
001102 5102 FE28             7      CP  '('
001104 5104 37               4      SCF
001105 5105 C0              11      RET NZ
001106 5106 CD2E49          17      CALL    INIT_PARAM
001109 5109 E5              11      PUSH    HL
00110A 510A CD284C          17      CALL    FILE_B
00110D 510D E1              10      POP HL
00110E 510E 23               6      INC HL
00110F 510F 3A00F3          13      LD  A,(FDRV)
001112 5112 3D               4      DEC A
001113 5113 C32C59          10      JP  _SYS0EX1
                                
       5116                     _RAMDISK:
001116 5116 7E               7      LD  A,(HL)
001117 5117 FE28             7      CP  '('
001119 5119 37               4      SCF
00111A 511A C0              11      RET NZ
00111B 511B 23               6      INC HL
00111C 511C DD212F54        14      LD  IX,FRMQNT
001120 5120 CDF244          17      CALL    CALSLT_BIOS
001123 5123 E5              11      PUSH    HL
001124 5124 110F00          10      LD  DE,15       ;切り上げの為
001127 5127 19              11      ADD HL,DE
001128 5128 7D               4      LD  A,L
001129 5129 0604             7      LD  B,4     ;16で割る
       512B                     RAMDISK1:
00112B 512B CB3C             8      SRL H   ;/2
00112D 512D 1F               4      RRA
00112E 512E 10FB            13      DJNZ    RAMDISK1
001130 5130 FEFF             7      CP  0FFH
001132 5132 2001            12      JR  NZ,RAMDISK2
001134 5134 3D               4      DEC A
       5135                     RAMDISK2:
001135 5135 47               4      LD  B,A
001136 5136 CD655B          17      CALL    _SYS68
                                
001139 5139 E1              10      POP HL
00113A 513A 23               6      INC HL
00113B 513B AF               4      XOR A
00113C 513C C9              10      RET
                                
       513D                     ROM_CD:
00113D 513D 3A01F3          13      LD  A,(FNAME)
001140 5140 FE20             7      CP  020H
001142 5142 2835            12      JR  Z,CD1
001144 5144 CDC44D          17      CALL    ROM_OPEN
001147 5147 D8              11      RET C
                                #if exists USE_NORMAL32K_OR_ASCII16
001148 5148 D5              11      PUSH    DE
001149 5149 2AEFF2          16      LD  HL,(DIRENT1)
00114C 514C 110B00          10      LD  DE,0000BH   ;属性(アトリビュート)
00114F 514F 19              11      ADD HL,DE
001150 5150 CD2A45          17      CALL    RDSLT_ROM
001153 5153 D1              10      POP DE
001154 5154 CB67             8      BIT 4,A     ;ディレクトリ
001156 5156 CAD547          10      JP  Z,ERROR_FILE_NOT_FOUND
001159 5159 D5              11      PUSH    DE
00115A 515A 2AEFF2          16      LD  HL,(DIRENT1)
00115D 515D 111A00          10      LD  DE,0001AH   ;ファイルの先頭クラスタ
001160 5160 19              11      ADD HL,DE
001161 5161 CD2A45          17      CALL    RDSLT_ROM
001164 5164 23               6      INC HL
001165 5165 5F               4      LD  E,A
001166 5166 CD2A45          17      CALL    RDSLT_ROM
001169 5169 57               4      LD  D,A
00116A 516A EB               4      EX  DE,HL
00116B 516B D1              10      POP DE
                                #else
                                    LD  IY,(DIRENT1)
                                    BIT 4,(IY+00BH) ;属性(アトリビュート) ディレクトリ
                                    JP  Z,ERROR_FILE_NOT_FOUND
                                    LD  L,(IY+01AH) ;ファイルの先頭クラスタ
                                    LD  H,(IY+01BH)
                                #endif
       516C                     CD2:
00116C 516C CDB655          17      CALL    SET_CD_FDRV
00116F 516F 2AF7F2          16      LD  HL,(PARAM1)
       5172                     CD_SKIP:
001172 5172 7E               7      LD  A,(HL)
001173 5173 23               6      INC HL
001174 5174 FE21             7      CP  021H
001176 5176 38FA            12      JR  C,CD_SKIP
001178 5178 C9              10      RET
       5179                     CD1:
001179 5179 2AF9F2          16      LD  HL,(_CDX)
00117C 517C 18EE            12      JR  CD2
                                
       517E                     GET_BASIC_FCB:
00117E 517E D5              11      PUSH    DE
00117F 517F 23               6      INC HL  ;+1
001180 5180 5E               7      LD  E,(HL)  ;FCB[1]
001181 5181 23               6      INC HL  ;+2
001182 5182 56               7      LD  D,(HL)  ;FCB[2]
001183 5183 23               6      INC HL  ;+3
001184 5184 ED53EFF2        20      LD  (DIRENT1),DE
                                            ;FCB[3] backup char
001188 5188 23               6      INC HL  ;+4
                                            ;FCB[4]
001189 5189 23               6      INC HL  ;+5
00118A 518A 7E               7      LD  A,(HL)  ;FCB[5]
00118B 518B 23               6      INC HL  ;+6
00118C 518C 32F1F2          13      LD  (_DIR_BANK),A
00118F 518F 5E               7      LD  E,(HL)  ;FCB[6]
001190 5190 23               6      INC HL  ;+7
001191 5191 56               7      LD  D,(HL)  ;FCB[7]
001192 5192 23               6      INC HL  ;+8
001193 5193 ED53CAF2        20      LD  (RR_LOW),DE
001197 5197 7E               7      LD  A,(HL)  ;FCB[8]
001198 5198 23               6      INC HL  ;+9
001199 5199 32CCF2          13      LD  (RR_HIGH),A
00119C 519C 22D4F2          16      LD  (_DTA),HL   ;FCB[9]
00119F 519F D1              10      POP DE
0011A0 51A0 C9              10      RET
                                
       51A1                     SET_BASIC_FCB:
0011A1 51A1 E5              11      PUSH    HL
0011A2 51A2 2A64F8          16      LD  HL,(PTRFIL)
0011A5 51A5 23               6      INC HL  ;+1
0011A6 51A6 D5              11      PUSH    DE
0011A7 51A7 ED5BEFF2        20      LD  DE,(DIRENT1)
0011AB 51AB 73               7      LD  (HL),E  ;FCB[1]
0011AC 51AC 23               6      INC HL  ;+2
0011AD 51AD 72               7      LD  (HL),D  ;FCB[2]
0011AE 51AE 23               6      INC HL  ;+3
0011AF 51AF 77               7      LD  (HL),A  ;FCB[3] backup char ハンドリング必要
0011B0 51B0 23               6      INC HL  ;+4
                                            ;FCB[4] 変更しない
0011B1 51B1 23               6      INC HL  ;+5
0011B2 51B2 3AF1F2          13      LD  A,(_DIR_BANK)
0011B5 51B5 77               7      LD  (HL),A  ;FCB[5]
0011B6 51B6 23               6      INC HL  ;+6
0011B7 51B7 ED5BCAF2        20      LD  DE,(RR_LOW)
0011BB 51BB 73               7      LD  (HL),E  ;FCB[6]
0011BC 51BC 23               6      INC HL  ;+7
0011BD 51BD 72               7      LD  (HL),D  ;FCB[7]
0011BE 51BE 23               6      INC HL  ;+8
0011BF 51BF 3ACCF2          13      LD  A,(RR_HIGH)
0011C2 51C2 77               7      LD  (HL),A  ;FCB[8]
0011C3 51C3 D1              10      POP DE
0011C4 51C4 E1              10      POP HL
0011C5 51C5 C9              10      RET
                                
                                ;--------------------------------------
                                ;FUNC_18:BACKUP
                                ;in
                                ;   C : backup charactor
                                ;   HL: FBC pointer
                                ;out
       51C6                     DEVICE_18_BACKUP:
0011C6 51C6 D5              11      PUSH    DE
0011C7 51C7 E5              11      PUSH    HL
0011C8 51C8 110300          10      LD  DE,3
0011CB 51CB 19              11      ADD HL,DE
0011CC 51CC 71               7      LD  (HL),C
0011CD 51CD E1              10      POP HL
0011CE 51CE D1              10      POP DE
0011CF 51CF C9              10      RET
                                
       51D0                     DEVICE_CHECK:
0011D0 51D0 3A8AFD          13      LD  A,(PROCNM+1)
0011D3 51D3 B7               4      OR  A
0011D4 51D4 C8              11      RET Z
0011D5 51D5 11A853          10      LD  DE,STR_ROM
0011D8 51D8 CD2D53          17      CALL    CPPROCNM
0011DB 51DB 2802            12      JR  Z,DEVICE_OK
0011DD 51DD 37               4      SCF
0011DE 51DE C9              10      RET
       51DF                     DEVICE_OK:
0011DF 51DF AF               4      XOR A
0011E0 51E0 C9              10      RET
                                
                                ;--------------------------------------
                                ;FUNC_0:open
                                ;in
                                ;   A : 0
                                ;   C : receive buffer size ?
                                ;   E : open mode
                                ;   HL: FCB pointer
                                ;out
                                ;   CF: 0=OK ,1=ERROR
                                ;note:
                                ;
                                ; FCB
                                ; +00: OPEN MODE
                                ; +01: 対象ファイルのディレクトリエントリのアドレスL
                                ; +02: 対象ファイルのディレクトリエントリのアドレスH
                                ; +03: backup charactor buffer
                                ; +04: device ID (FF=CAS,FE=LPT,FD=CRT,FC=?,other=ROM-SLOT)
                                ; +05: 対象ディレクトリのバンク
                                ; +06: ランダムレコードL
                                ; +07: ランダムレコードM
                                ; +08: ランダムレコードH
                                ; +09: バッファ
                                
       51E1                     DEVICE_0_OPEN:
0011E1 51E1 7B               4      LD  A,E
0011E2 51E2 FE02             7      CP  2       ;FOR OUTPUT
0011E4 51E4 281B            12      JR  Z,OPEN2
0011E6 51E6 D5              11      PUSH    DE
0011E7 51E7 E5              11      push    hl
                                ;
0011E8 51E8 3E01             7      LD  A,1     ;ドライブA
0011EA 51EA 3200F3          13      LD  (FDRV),A
0011ED 51ED 2166F8          10      LD  HL,FILNAM
0011F0 51F0 1101F3          10      LD  DE,FNAME
0011F3 51F3 010B00          10      LD  BC,8+3
0011F6 51F6 CD795B          17      CALL    INIT_FILE1
0011F9 51F9 CDC44D          17      CALL    ROM_OPEN
0011FC 51FC DAD547          10      JP  C,ERROR_FILE_NOT_FOUND
0011FF 51FF E1              10      pop hl
001200 5200 D1              10      POP DE
       5201                     OPEN2:
001201 5201 2264F8          16      ld  (PTRFIL),hl ;ストアしないとエラーになる
001204 5204 73               7      ld  (hl),e  ;FCB[0] ;open type : 合わせないとエラーになる
001205 5205 AF               4      XOR A
001206 5206 32F3F2          13      LD  (LEFTX),A
001209 5209 CDA151          17      CALL    SET_BASIC_FCB
00120C 520C 7B               4      ld  a,e
00120D 520D FE08             7      cp  8
00120F 520F 3F               4      ccf
001210 5210 C9              10      ret
                                
       5211                     DEVICE_2_CLOSE:
001211 5211 AF               4      XOR A
                                ;   LD  (HL),A
001212 5212 6F               4      LD  L,A
001213 5213 67               4      LD  H,A
001214 5214 2264F8          16      LD  (PTRFIL),HL
001217 5217 C9              10      RET
                                
       5218                     DEVICE_ENTRY:
001218 5218 FE08             7      CP  8
00121A 521A 2826            12      JR  Z,DEVICE_8_SIN
00121C 521C 3C               4      INC A
00121D 521D 28B1            12      JR  Z,DEVICE_CHECK:
00121F 521F 3D               4      DEC A
001220 5220 28BF            12      JR  Z,DEVICE_0_OPEN
001222 5222 FE0E             7      CP  14
001224 5224 2851            12      JR  Z,DEVICE_14_EOF
001226 5226 FE04             7      CP  4
001228 5228 2834            12      JR  Z,DEVICE_4_RANDOM
00122A 522A FE0A             7      CP  10
00122C 522C 2841            12      JR  Z,DEVICE_10_LOC
00122E 522E FE0C             7      CP  12
001230 5230 286A            12      JR  Z,DEVICE_12_LOF
001232 5232 FE02             7      CP  2
001234 5234 2890            12      JR  Z,DEVICE_18_BACKUP
001236 5236 FE02             7      CP  2
001238 5238 28D7            12      JR  Z,DEVICE_2_CLOSE
00123A 523A FE06             7      CP  6
00123C 523C 2802            12      JR  Z,DEVICE_6_SOUT
00123E 523E 37               4      SCF
00123F 523F C9              10      RET
                                
       5240                     DEVICE_6_SOUT:
001240 5240 AF               4      XOR A
001241 5241 C9              10      RET
                                
       5242                     DEVICE_8_SIN:
001242 5242 CD7E51          17      CALL    GET_BASIC_FCB
001245 5245 210100          10      LD  HL,1
001248 5248 CD874B          17      CALL    ROM_READ
00124B 524B 7C               4      LD  A,H
00124C 524C B5               4      OR  L
00124D 524D 280D            12      JR  Z,CCF_RET
00124F 524F 2AD4F2          16      LD  HL,(_DTA)
001252 5252 7E               7      LD  A,(HL)
001253 5253 F5              11      PUSH    AF
001254 5254 CDA151          17      CALL    SET_BASIC_FCB
001257 5257 F1              10      POP AF
001258 5258 FE0A             7      CP  00AH
00125A 525A C8              11      RET Z   ;ZF=separate
                                ;   CP  01AH
                                ;   JR  Z,SCF_RET
00125B 525B 37               4      SCF     ;
       525C                     CCF_RET:
00125C 525C 3F               4      CCF     ;ZF=0 CF=0にしたい
00125D 525D C9              10      RET
                                
                                ;--------------------------------------
                                ;FUNC_4:RANDOM
                                ;in
                                ;   A : 4
                                ;   unknown
                                ;out
                                ;   unknown
                                ;note:
       525E                     DEVICE_4_RANDOM:
00125E 525E D5              11      PUSH    DE
00125F 525F CD7E51          17      CALL    GET_BASIC_FCB
001262 5262 CD7653          17      CALL    FRCINT2HL
001265 5265 22CAF2          16      LD  (RR_LOW),HL
001268 5268 AF               4      XOR A
001269 5269 CDA151          17      CALL    SET_BASIC_FCB
00126C 526C D1              10      POP DE
00126D 526D AF               4      XOR A
00126E 526E C9              10      RET
                                
                                ;FUNC_10:LOC
                                ;in
                                ;   A : 10
                                ;out
                                ;   DAC    : value of received bytes
                                ;   VALTYP : DAC type
       526F                     DEVICE_10_LOC:
00126F 526F CD7E51          17      CALL    GET_BASIC_FCB
001272 5272 2ACAF2          16      LD  HL,(RR_LOW)
001275 5275 1845            12      JR  RETURN_TYPE8_AHL
                                
                                ;--------------------------------------
                                ;FUNC_14:EOF
                                ;in
                                ;   A : 14
                                ;out
                                ;   DAC    : value of EOF value (EOF=-1)
                                ;   VALTYP : DAC type
       5277                     DEVICE_14_EOF:
001277 5277 CD7E51          17      CALL    GET_BASIC_FCB
00127A 527A CDA04E          17      CALL    RBX1
00127D 527D 3810            12      JR  C,DEVICE_14_EOF1
00127F 527F 210100          10      LD  HL,1
001282 5282 CD874B          17      CALL    ROM_READ
001285 5285 2AD4F2          16      LD  HL,(_DTA)
001288 5288 7E               7      LD  A,(HL)
001289 5289 FE1A             7      CP  01AH
00128B 528B 37               4      SCF
00128C 528C 2801            12      JR  Z,DEVICE_14_EOF1
00128E 528E 3F               4      CCF
       528F                     DEVICE_14_EOF1:
00128F 528F 9F               4      SBC A,A
001290 5290 6F               4      LD  L,A
001291 5291 67               4      LD  H,A
       5292                     return_type2_hl:
001292 5292 22F8F7          16      ld  (DACDAT),hl
001295 5295 3E02             7      ld  a,2
001297 5297 3263F6          13      ld  (VALTYP),a
00129A 529A A7               4      AND A
00129B 529B C9              10      ret
                                
                                ;--------------------------------------
                                ;FUNC_16:FPOS
                                ;in
                                ;   unknown
                                ;out
                                ;   unknown
                                ;note:
                                ;   illegal function call
                                
                                ;--------------------------------------
                                ;FUNC_12:LOF
                                ;in
                                ;   A : 12
                                ;out
                                ;   DAC    : value of LOC+RSIQLN
                                ;   VALTYP : DAC type
       529C                     DEVICE_12_LOF:
00129C 529C CD7E51          17      CALL    GET_BASIC_FCB
                                
00129F 529F 3AF1F2          13      LD  A,(_DIR_BANK)
                                #if exists USE_NORMAL32K_OR_ASCII16
0012A2 52A2 320070          13      LD  (ASCII16_BANK1_SEL),A       ;ASCII-16K
0012A5 52A5 D5              11      PUSH    DE
0012A6 52A6 2AEFF2          16      LD  HL,(DIRENT1)
0012A9 52A9 111C00          10      LD  DE,0001CH
0012AC 52AC 19              11      ADD HL,DE
0012AD 52AD CD2A45          17      CALL    RDSLT_ROM
0012B0 52B0 23               6      INC HL
0012B1 52B1 5F               4      LD  E,A
0012B2 52B2 CD2A45          17      CALL    RDSLT_ROM
0012B5 52B5 23               6      INC HL
0012B6 52B6 57               4      LD  D,A
0012B7 52B7 CD2A45          17      CALL    RDSLT_ROM
0012BA 52BA EB               4      EX  DE,HL       ;AHL=File size
0012BB 52BB D1              10      POP DE
                                #else
                                    LD  (BANK1_SEL),A           ;ASCII-8K/Konami-8K
                                    LD  (KONAMI_SCC_BANK1_SEL),A    ;Konami-8K/Konami-SCC
                                    LD  IY,(DIRENT1)
                                    LD  L,(IY+01CH) ;AHL=File size
                                    LD  H,(IY+01DH)
                                    LD  A,(IY+01EH)
                                #endif
       52BC                     RETURN_TYPE8_AHL:
0012BC 52BC B7               4      OR  A
0012BD 52BD 2004            12      JR  NZ,RT8AHL1
0012BF 52BF CB7C             8      BIT 7,H
0012C1 52C1 28CF            12      JR  Z,return_type2_hl
       52C3                     RT8AHL1:
0012C3 52C3 E5              11      PUSH    HL
0012C4 52C4 29              11      ADD HL,HL
0012C5 52C5 8F               4      ADC A,A
0012C6 52C6 32F8F7          13      LD  (DACDAT),A
0012C9 52C9 3E00             7      LD  A,0
0012CB 52CB 8F               4      ADC A,A
0012CC 52CC 32F9F7          13      LD  (DACDAT+1),A
                                
0012CF 52CF 3E02             7      LD  A,2
0012D1 52D1 3263F6          13      LD  (VALTYP),A
0012D4 52D4 DD213A30        14      LD  IX,FRCDBL
0012D8 52D8 FD2AC0FC        20      LD  IY,(EXPTBL-1)   ;メインROMスロット
0012DC 52DC CDB0F2          17      CALL    CAL_MP
                                
0012DF 52DF 212553          10      LD  HL,DBL32768
0012E2 52E2 1147F8          10      LD  DE,ARG
0012E5 52E5 010800          10      LD  BC,8
0012E8 52E8 EDB0                    LDIR
                                
0012EA 52EA DD21E627        14      LD  IX,DECMUL
0012EE 52EE FD2AC0FC        20      LD  IY,(EXPTBL-1)   ;メインROMスロット
0012F2 52F2 CDB0F2          17      CALL    CAL_MP
                                
0012F5 52F5 21F6F7          10      LD  HL,DAC
0012F8 52F8 1147F8          10      LD  DE,ARG
0012FB 52FB 010800          10      LD  BC,8
0012FE 52FE EDB0                    LDIR
                                
001300 5300 E1              10      POP HL
001301 5301 22F8F7          16      LD  (DACDAT),HL
                                
001304 5304 3E02             7      LD  A,2
001306 5306 3263F6          13      LD  (VALTYP),A
001309 5309 DD213A30        14      LD  IX,FRCDBL
00130D 530D FD2AC0FC        20      LD  IY,(EXPTBL-1)   ;メインROMスロット
001311 5311 CDB0F2          17      CALL    CAL_MP
                                
001314 5314 DD219A26        14      LD  IX,DECADD
001318 5318 FD2AC0FC        20      LD  IY,(EXPTBL-1)   ;メインROMスロット
00131C 531C CDB0F2          17      CALL    CAL_MP
                                
00131F 531F 3E08             7      LD  A,8
001321 5321 3263F6          13      LD  (VALTYP),A
001324 5324 C9              10      RET
                                
       5325                     DBL32768:
001325 5325 4532768000000000        DB  045H,032H,076H,080H,0,0,0,0
                                
       532D                     CPPROCNM:
00132D 532D E5              11      PUSH    HL
00132E 532E 2189FD          10      LD  HL,PROCNM
       5331                     CPPROCNM1:
001331 5331 1A               7      LD  A,(DE)
001332 5332 13               6      INC DE
001333 5333 BE               7      CP  (HL)
001334 5334 23               6      INC HL
001335 5335 2003            12      JR  NZ,CPPROCNM2
001337 5337 B7               4      OR  A
001338 5338 20F7            12      JR  NZ,CPPROCNM1
       533A                     CPPROCNM2:
00133A 533A E1              10      POP HL
00133B 533B C9              10      RET
                                
       533C                     ROM_MKI:
00133C 533C CD7653          17      CALL    FRCINT2HL
00133F 533F 2261F5          16      LD  (BUF+3),HL
001342 5342 3E02             7      LD  A,2     ;返す文字列の長さ
001344 5344 325EF5          13      LD  (BUF),A
001347 5347 2161F5          10      LD  HL,BUF+3
00134A 534A 225FF5          16      LD  (BUF+1),HL
00134D 534D 215EF5          10      LD  HL,BUF
001350 5350 22F8F7          16      LD  (DACDAT),HL
001353 5353 3E03             7      LD  A,3     ;文字列
001355 5355 3263F6          13      LD  (VALTYP),A
001358 5358 A7               4      AND A
001359 5359 C9              10      RET
                                
       535A                     ROM_CVI:
00135A 535A DD21D067        14      LD  IX,FRESTR
00135E 535E CDF244          17      CALL    CALSLT_BIOS
001361 5361 23               6      INC HL
001362 5362 5E               7      LD  E,(HL)
001363 5363 23               6      INC HL
001364 5364 56               7      LD  D,(HL)
001365 5365 EB               4      EX  DE,HL
001366 5366 5E               7      LD  E,(HL)
001367 5367 23               6      INC HL
001368 5368 56               7      LD  D,(HL)
001369 5369 EB               4      EX  DE,HL
00136A 536A C39252          10      JP  return_type2_hl
                                
       536D                     ROM_DSKF:
00136D 536D CD7653          17      CALL    FRCINT2HL
001370 5370 210000          10      LD  HL,0
001373 5373 C39252          10      JP  return_type2_hl
                                
                                ;
                                ;   DACの値を整数化してHLで返す
                                ;
       5376                     FRCINT2HL:
001376 5376 DDE5            15      PUSH    IX
001378 5378 DD218A2F        14      LD  IX,FRCINT
00137C 537C FD2AC0FC        20      LD  IY,(EXPTBL-1)   ;メインROMスロット
001380 5380 CDB0F2          17      CALL    CAL_MP
001383 5383 DDE1            14      POP IX
001385 5385 2AF8F7          16      LD  HL,(DACDAT)
001388 5388 C9              10      RET
                                
       5389                     WILDCARD:
001389 5389 3F3F3F3F3F3F3F3F        DB  "???????????"
            3F3F3F              
                                
       5394                     STR_CHDIR:
001394 5394 434844495200            DB  "CHDIR",0
       539A                     STR_CHDRV:
00139A 539A 434844525600            DB  "CHDRV",0
       53A0                     STR_RAMDISK:
0013A0 53A0 52414D4449534B00        DB  "RAMDISK",0
       53A8                     STR_ROM:
0013A8 53A8 524F4D00                DB  "ROM",0
[EOF:FILE.ASM:UTF_8]
                                    INCLUDE "DISK.ASM"
                                
                                ;   Tablacus DISK ROM - DISK
                                
                                ;   ROM DISK DRIVER
                                ;   1セクタ512
                                
       53AC                     ERROR_WRITE_PROTECTED:
0013AC 53AC 3E00             7      LD  A,0     ;Write protected
0013AE 53AE C9              10      RET
       53AF                     ERROR_NOT_READY:
0013AF 53AF F1              10      POP AF
0013B0 53B0 37               4      SCF
0013B1 53B1 3E02             7      LD  A,2     ;Not ready
0013B3 53B3 C9              10      RET
       53B4                     DISKIO:
0013B4 53B4 38F6            12      JR  C,ERROR_WRITE_PROTECTED
0013B6 53B6 48               4      LD  C,B
0013B7 53B7 CDEC55          17      CALL    GET_DISK_BANK
0013BA 53BA F5              11      PUSH    AF
0013BB 53BB 3AC9F2          13      LD  A,(SECSZ_H)
0013BE 53BE B7               4      OR  A
0013BF 53BF 28EE            12      JR  Z,ERROR_NOT_READY
0013C1 53C1 F1              10      POP AF
       53C2                     SETMAP1:
0013C2 53C2 E5              11      PUSH    HL
       53C3                     DISKIO1:
0013C3 53C3 C5              11      PUSH    BC      ;B=残りのセクタ数
0013C4 53C4 D5              11      PUSH    DE      ;DE=セクタ番号
0013C5 53C5 F5              11      PUSH    AF      ;A=8KB単位でカートリッジ内のディスクが存在する位置を指定
                                
0013C6 53C6 EB               4      EX  DE,HL       ;DE=受け取る読み出し先のメモリアドレス HL=セクタ番号
0013C7 53C7 F5              11      PUSH    AF
0013C8 53C8 3AC9F2          13      LD  A,(SECSZ_H)
0013CB 53CB CD0F56          17      CALL    MUL_AHL
0013CE 53CE F1              10      POP AF
                                #if exists USE_NORMAL32K_OR_ASCII16
0013CF 53CF 7D               4      LD  A,L
0013D0 53D0 C5              11      PUSH    BC
0013D1 53D1 01E0FF          10      LD  BC,-00020H  ;先頭の8KB部分
0013D4 53D4 09              11      ADD HL,BC
0013D5 53D5 C1              10      POP BC
0013D6 53D6 3013            12      JR  NC,DISKIO2
0013D8 53D8 4D               4      LD  C,L     ;C=読み出し元
0013D9 53D9 29              11      ADD HL,HL   ;64KB→32KB
0013DA 53DA 29              11      ADD HL,HL   ;32KB→16KB バンク切り替えのサイズに合わせる
0013DB 53DB CDE955          17      CALL    GET_DISK_BANK_FDRV
0013DE 53DE 84               4      ADD A,H
0013DF 53DF 320070          13      LD  (ASCII16_BANK1_SEL),A   ;ASCII-16K
0013E2 53E2 32C4F2          13      LD  (_BANK),A
0013E5 53E5 69               4      LD  L,C     ;C=読み出し元
0013E6 53E6 3E3F             7      LD  A,03FH      ;セグメントのサイズでフィルタする(16K:3F)
0013E8 53E8 A5               4      AND L
0013E9 53E9 C620             7      ADD A,020H
                                #else
                                    LD  C,L     ;C=読み出し元
                                    ADD HL,HL       ;64KB→32KB
                                    ADD HL,HL       ;32KB→16KB
                                    ADD HL,HL       ;16KB→8KB  バンク切り替えのサイズに合わせる
                                    ADD A,H
                                    LD  (BANK1_SEL),A           ;ASCII-8K/Konami-8K
                                    LD  (KONAMI_SCC_BANK1_SEL),A    ;Konami-8K/Konami-SCC
                                    LD  (_BANK),A
                                    LD  A,C     ;C=読み出し元
                                    AND 01FH        ;セグメントのサイズでフィルタする(8K:1F)
                                #endif
       53EB                     DISKIO2:
0013EB 53EB C660             7      ADD A,high BANK1_ADR
0013ED 53ED 67               4      LD  H,A
0013EE 53EE ED4BC8F2        20      LD  BC,(SECSZ)  ;BCは読み出すセクタサイズ
0013F2 53F2 69               4      LD  L,C     ;C=0
0013F3 53F3 CD3945          17      CALL    ROM_LDIR
0013F6 53F6 EB               4      EX  DE,HL
0013F7 53F7 F1              10      POP AF
0013F8 53F8 D1              10      POP DE
0013F9 53F9 13               6      INC DE
0013FA 53FA C1              10      POP BC
0013FB 53FB 10C6            13      DJNZ    DISKIO1
0013FD 53FD 41               4      LD  B,C
                                
0013FE 53FE E1              10      POP HL
0013FF 53FF AF               4      XOR A
001400 5400 C9              10      RET
                                
       5401                     DSKCHG:
001401 5401 CD3A54          17      CALL    IS_BPB
001404 5404 3824            12      JR  C,NOTREADY
001406 5406 3A23FB          13      LD  A,(DRVTBL+2)
001409 5409 B7               4      OR  A
00140A 540A 201A            12      JR  NZ,DSKCHG1
00140C 540C 3A21FB          13      LD  A,(DRVTBL)
00140F 540F FE02             7      CP  2
001411 5411 2013            12      JR  NZ,DSKCHG1
001413 5413 CD3A54          17      CALL    IS_BPB
001416 5416 300E            12      JR  NC,DSKCHG1
001418 5418 3E01             7      LD  A,1         ;ドライブテーブルを拡張 A:Tablacus DISK ROM B:MASTER SLOT ROM
00141A 541A 3221FB          13      LD  (DRVTBL),A
00141D 541D 3223FB          13      LD  (DRVTBL+2),A
001420 5420 3A48F3          13      LD  A,(MASTERS)
001423 5423 3224FB          13      LD  (DRVTBL+3),A
       5426                     DSKCHG1:
001426 5426 AF               4      XOR A
001427 5427 0601             7      LD  B,1
001429 5429 C9              10      RET
       542A                     NOTREADY:
00142A 542A 3E02             7      LD  A,2
00142C 542C 37               4      SCF
00142D 542D C9              10      RET
                                
       542E                     NO_BPB:
00142E 542E E1              10      POP HL
00142F 542F 23               6      INC HL
001430 5430 111556          10      LD  DE,DPB2DD
001433 5433 011200          10      LD  BC,DPB2DD_E-DPB2DD
001436 5436 EDB0                    LDIR
001438 5438 AF               4      XOR A
001439 5439 C9              10      RET
                                
       543A                     IS_BPB:
                                ; in
                                ; A=DRIVE 0:A 1:B
                                ; out
                                ; CF=0ディスクは存在する CF=1 ディスクは存在しない
00143A 543A CDEC55          17      CALL    GET_DISK_BANK
                                
00143D 543D 3A1560          13      LD  A,(BANK1_ADR+21)    ;BPB_Media
001440 5440 FE01             7      CP  1
001442 5442 D8              11      RET C
                                
001443 5443 3A0B60          13      LD  A,(BANK1_ADR+11)    ;BPB_BytsPerSec
001446 5446 C6FF             7      ADD A,0FFH
001448 5448 D8              11      RET C
                                
001449 5449 3A0C60          13      LD  A,(BANK1_ADR+12)    ;BPB_BytsPerSec
       544C                     IS_BPB1:
00144C 544C FE01             7      CP  1
00144E 544E C8              11      RET Z
00144F 544F FE02             7      CP  2
001451 5451 C8              11      RET Z
001452 5452 FE04             7      CP  4
001454 5454 C8              11      RET Z
001455 5455 37               4      SCF
001456 5456 C9              10      RET
                                
       5457                     GETDPB:
001457 5457 E5              11      PUSH    HL
001458 5458 CDEC55          17      CALL    GET_DISK_BANK
                                
00145B 545B 3A1560          13      LD  A,(BANK1_ADR+21)    ;BPB_Media
00145E 545E B7               4      OR  A
00145F 545F 28CD            12      JR  Z,NO_BPB
001461 5461 DDE1            14      POP IX
001463 5463 DD7701          19      LD  (IX+1),A        ;MEDIA
                                
001466 5466 3A0B60          13      LD  A,(BANK1_ADR+11)    ;BPB_BytsPerSec
001469 5469 DD7702          19      LD  (IX+2),A        ;SECSIZ LOW
                                
00146C 546C 3A0C60          13      LD  A,(BANK1_ADR+12)    ;BPB_BytsPerSec
00146F 546F DD7703          19      LD  (IX+3),A        ;SECSIZ HIGH
                                
001472 5472 87               4      ADD A,A
001473 5473 87               4      ADD A,A
001474 5474 87               4      ADD A,A
001475 5475 3D               4      DEC A
001476 5476 DD7704          19      LD  (IX+4),A        ;DIRMSK
                                
001479 5479 06FF             7      LD  B,-1
00147B 547B A7               4      AND A           ;無限ループ阻止
       547C                     GETDPB1:
00147C 547C 04               4      INC B
00147D 547D 1F               4      RRA
00147E 547E 38FC            12      JR  C,GETDPB1
001480 5480 DD7005          19      LD  (IX+5),B        ;DIRSHFT
                                
001483 5483 3A0D60          13      LD  A,(BANK1_ADR+13)    ;BPB_SecPerClus
001486 5486 3D               4      DEC A
001487 5487 DD7706          19      LD  (IX+6),A        ;CLUSMSK
                                
00148A 548A A7               4      AND A           ;無限ループ阻止
00148B 548B 06FF             7      LD  B,-1
       548D                     GETDPB2:
00148D 548D 04               4      INC B
00148E 548E 1F               4      RRA
00148F 548F 38FC            12      JR  C,GETDPB2
001491 5491 04               4      INC B
001492 5492 DD7007          19      LD  (IX+7),B        ;CLUSSHFT
                                
001495 5495 2A0E60          16      LD  HL,(BANK1_ADR+14)   ;BPB_RsvdSecCnt
001498 5498 DD7508          19      LD  (IX+8),L        ;FIRFAT LOW
00149B 549B DD7409          19      LD  (IX+9),H        ;FIRFAT HIGH
                                
00149E 549E 3A1060          13      LD  A,(BANK1_ADR+16)    ;BPB_NumFATs
0014A1 54A1 DD770A          19      LD  (IX+10),A       ;FATCNT
                                
0014A4 54A4 3A1160          13      LD  A,(BANK1_ADR+17)    ;BPB_RootEntCnt
0014A7 54A7 DD770B          19      LD  (IX+11),A       ;MAXENT
                                
0014AA 54AA ED5B1660        20      LD  DE,(BANK1_ADR+22)   ;BPB_FATSz16
0014AE 54AE DD7310          19      LD  (IX+16),E       ;FATSIZ
                                
0014B1 54B1 DD460A          19      LD  B,(IX+10)       ;FATCNT
0014B4 54B4 210000          10      LD  HL,0
       54B7                     GETDPB3:
0014B7 54B7 19              11      ADD HL,DE
0014B8 54B8 10FD            13      DJNZ    GETDPB3
       54BA                     GETDPB4:
0014BA 54BA DD5E08          19      LD  E,(IX+8)        ;FIRFAT
0014BD 54BD DD5609          19      LD  D,(IX+9)        ;FIRFAT
0014C0 54C0 19              11      ADD HL,DE
0014C1 54C1 DD7511          19      LD  (IX+17),L       ;FIRDIR
0014C4 54C4 DD7412          19      LD  (IX+18),H       ;FIRDIR
                                
0014C7 54C7 DD7E03          19      LD  A,(IX+3)        ;SECSIZ HIGH
0014CA 54CA 87               4      ADD A,A
0014CB 54CB 87               4      ADD A,A
0014CC 54CC DD5E0B          19      LD  E,(IX+11)       ;MAXENT
       54CF                     GETDPB5:
0014CF 54CF CB3B             8      SRL E
0014D1 54D1 1F               4      RRA
0014D2 54D2 30FB            12      JR  NC,GETDPB5
0014D4 54D4 1600             7      LD  D,0
0014D6 54D6 19              11      ADD HL,DE
0014D7 54D7 DD750C          19      LD  (IX+12),L       ;FIRREC
0014DA 54DA DD740D          19      LD  (IX+13),H       ;FIRREC
                                
0014DD 54DD 2A1360          16      LD  HL,(BANK1_ADR+19)   ;BPB_TotSec16
                                
0014E0 54E0 DD5E0C          19      LD  E,(IX+12)       ;FIRREC
0014E3 54E3 DD560D          19      LD  D,(IX+13)       ;FIRREC
0014E6 54E6 A7               4      AND A
0014E7 54E7 ED52            15      SBC HL,DE
                                
0014E9 54E9 DD7E06          19      LD  A,(IX+6)        ;CLUSMSK
0014EC 54EC 3C               4      INC A
0014ED 54ED 37               4      SCF             ;無限ループ阻止
       54EE                     GETDPB6:
0014EE 54EE 1F               4      RRA
0014EF 54EF 3806            12      JR  C,GETDPB7
0014F1 54F1 CB3C             8      SRL H
0014F3 54F3 CB1D             8      RR  L
0014F5 54F5 18F7            12      JR  GETDPB6
       54F7                     GETDPB7:
0014F7 54F7 23               6      INC HL
0014F8 54F8 DD750E          19      LD  (IX+14),L       ;MAXCLUS
0014FB 54FB DD740F          19      LD  (IX+15),H       ;MAXCLUS
                                
                                    ;1セクタが512バイト以上の場合を考慮(2HD/1セクタ1024バイト/1.23MB等)
       54FE                     GETDPBD1:
0014FE 54FE DD7E03          19      LD  A,(IX+3)        ;SECSIZ HIGH
001501 5501 E6FC             7      AND 0FCH
001503 5503 C8              11      RET Z
                                
001504 5504 DDCB033E        23      SRL (IX+3)          ;SECSIZ HIGH
                                
001508 5508 37               4      SCF
001509 5509 DDCB0616        23      RL  (IX+6)          ;CLUSMSK
                                
00150D 550D DD3407          23      INC (IX+7)          ;CLUSSHFT
                                
001510 5510 DDCB0826        23      SLA (IX+8)          ;FIRFAT LOW
001514 5514 DDCB0916        23      RL  (IX+9)          ;FIRFAT HIGH
                                
001518 5518 DDCB0E25        23      SLA (IX+14),L       ;MAXCLUS
00151C 551C DDCB0F14        23      RL  (IX+15),H       ;MAXCLUS
                                
001520 5520 DDCB1026        23      SLA (IX+16)         ;FATSIZ
                                
001524 5524 DDCB1126        23      SLA (IX+17)         ;FIRDIR
001528 5528 DDCB1216        23      RL  (IX+18)         ;FIRDIR
                                
00152C 552C DD6E11          19      LD  L,(IX+17)       ;FIRDIR
00152F 552F DD6612          19      LD  H,(IX+18)       ;FIRDIR
                                
001532 5532 DD7E03          19      LD  A,(IX+3)        ;SECSIZ HIGH
001535 5535 87               4      ADD A,A
001536 5536 87               4      ADD A,A
001537 5537 DD5E0B          19      LD  E,(IX+11)       ;MAXENT
       553A                     GETDPBD5:
00153A 553A CB3B             8      SRL E
00153C 553C 1F               4      RRA
00153D 553D 30FB            12      JR  NC,GETDPBD5
00153F 553F 1600             7      LD  D,0
001541 5541 19              11      ADD HL,DE
001542 5542 DD750C          19      LD  (IX+12),L       ;FIRREC
001545 5545 DD740D          19      LD  (IX+13),H       ;FIRREC
                                
001548 5548 18B4            12      JR  GETDPBD1
                                
       554A                     CHOICE:
00154A 554A 210000          10      LD  HL,0
00154D 554D C9              10      RET
                                
       554E                     DSKFMT:
00154E 554E AF               4      XOR A
00154F 554F 37               4      SCF
       5550                     DSKSTP:
001550 5550 C9              10      RET
                                
       5551                     BASENT:
001551 5551 3E                      DB  03EH
001552 5552 F7              12      RST 30H
001553 5553 32DBFD          13      LD  (H_PINL),A
001556 5556 3A48F3          13      LD  A,(MASTERS)
001559 5559 32DCFD          13      LD  (H_PINL+1),A
00155C 555C 217255          10      LD  HL,BOOT_BASIC
00155F 555F 22DDFD          16      LD  (H_PINL+2),HL
001562 5562 3E                      DB  03EH
001563 5563 C9              10      RET
001564 5564 32DFFD          13      LD  (H_PINL+4),A
                                
                                #if exists _RAM64K
                                    LD  A,(EXPTBL)  ;メインROMに切り替える
                                    CALL    ENASLT_00H
                                #endif
                                    ;BASICを起動する
001567 5567 FD2AC0FC        20      LD  IY,(EXPTBL-1) ;メインROMスロット
00156B 556B DD21177D        14      LD  IX,ST_BAS   ;continue start of MSX-BASIC without executing BASIC programs in ROM
00156F 556F C35901          10      JP  CALBAS
                                
       5572                     BOOT_BASIC:
001572 5572 3E                      DB  03EH
001573 5573 C9              10      RET
001574 5574 32DBFD          13      LD  (H_PINL),A
                                
001577 5577 2A74F6          16      LD  HL,(STKTOP)
00157A 557A 3A40F3          13      LD  A,(REBOOT)
00157D 557D C6FF             7      ADD A,0FFH
00157F 557F 3811            12      JR  C,REBOOT1
001581 5581 212756          10      LD  HL,AUTOEXEC
001584 5584 1100F3          10      LD  DE,FDRV
001587 5587 010C00          10      LD  BC,1+8+3
00158A 558A EDB0                    LDIR
00158C 558C CDC44D          17      CALL    ROM_OPEN
00158F 558F D41F47          17      CALL    NC,ROM_LOAD1
       5592                     REBOOT1:
001592 5592 213E56          10      LD  HL,DELOK
001595 5595 CDFF44          17      CALL    MSX
001598 5598 213356          10      LD  HL,CMD_RUN
00159B 559B 111FF4          10      LD  DE,KBUF
00159E 559E 010B00          10      LD  BC,CMD_RUN_E-CMD_RUN
0015A1 55A1 D5              11      PUSH    DE
0015A2 55A2 EDB0                    LDIR
0015A4 55A4 3004            12      JR  NC,REBOOT2
0015A6 55A6 AF               4      XOR A
0015A7 55A7 3227F4          13      LD  (KBUF+CMD_CLEAR_E-CMD_RUN),A
       55AA                     REBOOT2:
0015AA 55AA E1              10      POP HL
0015AB 55AB DD210146        14      LD  IX,NEWSTT
0015AF 55AF C3F244          10      JP  CALSLT_BIOS
                                
       55B2                     GETSLT:
0015B2 55B2 3A22FB          13      LD  A,(DRVTBL+1)
0015B5 55B5 C9              10      RET
                                
       55B6                     SET_CD_FDRV:
0015B6 55B6 3A00F3          13      LD  A,(FDRV)
0015B9 55B9 CDD855          17      CALL    GET_DRIVE
0015BC 55BC FE01             7      CP  1
0015BE 55BE 2804            12      JR  Z,SET_CD_B
0015C0 55C0 22EBF2          16      LD  (_CD_A),HL
0015C3 55C3 C9              10      RET
       55C4                     SET_CD_B:
0015C4 55C4 22EDF2          16      LD  (_CD_B),HL
0015C7 55C7 C9              10      RET
                                
       55C8                     GET_CD_CDRV:
0015C8 55C8 CDD855          17      CALL    GET_DRIVE
       55CB                     GET_CD:
0015CB 55CB FE01             7      CP  1
0015CD 55CD 2AEBF2          16      LD  HL,(_CD_A)
0015D0 55D0 C0              11      RET NZ
0015D1 55D1 2AEDF2          16      LD  HL,(_CD_B)
0015D4 55D4 C9              10      RET
                                
       55D5                     GET_DRIVE_FDRV:
0015D5 55D5 3A00F3          13      LD  A,(FDRV)
       55D8                     GET_DRIVE:
0015D8 55D8 D601             7      SUB 1
0015DA 55DA D0              11      RET NC
0015DB 55DB 3AEAF2          13      LD  A,(_DVSW)
0015DE 55DE C9              10      RET
                                
       55DF                     GET_DISK_BANK_H:
0015DF 55DF 3AF2F2          13      LD  A,(_LVECTOR)
0015E2 55E2 E680             7      AND 080H
0015E4 55E4 87               4      ADD A,A
0015E5 55E5 380A            12      JR  C,SET_DISK_BANK_A
0015E7 55E7 180F            12      JR  SET_DISK_BANK
       55E9                     GET_DISK_BANK_FDRV:
0015E9 55E9 CDD555          17      CALL    GET_DRIVE_FDRV
       55EC                     GET_DISK_BANK:
0015EC 55EC FE07             7      CP  7       ;H:
0015EE 55EE 28EF            12      JR  Z,GET_DISK_BANK_H
0015F0 55F0 B7               4      OR  A       ;A=DRIVE
       55F1                     SET_DISK_BANK_A:
0015F1 55F1 3E01             7      LD  A,DISK_BANK
0015F3 55F3 2803            12      JR  Z,SET_DISK_BANK
                                #if exists FIX_DRIVE
                                    LD  A,FIX_DRIVE
                                #else
0015F5 55F5 3AE9F2          13      LD  A,(B_DRIVE)
                                #endif
       55F8                     SET_DISK_BANK:
                                #if exists USE_NORMAL32K_OR_ASCII16
0015F8 55F8 320070          13      LD  (ASCII16_BANK1_SEL),A       ;ASCII-16K
                                #else
                                    LD  (BANK1_SEL),A           ;ASCII-8K/Konami-8K
                                    LD  (KONAMI_SCC_BANK1_SEL),A    ;Konami-8K/Konami-SCC
                                #endif
0015FB 55FB F5              11      PUSH    AF
0015FC 55FC E5              11      PUSH    HL
0015FD 55FD 2A0B60          16      LD  HL,(BANK1_ADR+11)   ;BPB_BytsPerSec
001600 5600 22C8F2          16      LD  (SECSZ),HL
001603 5603 3A0D60          13      LD  A,(BANK1_ADR+13)    ;BPB_SecPerClus
001606 5606 CD0F56          17      CALL    MUL_AHL
001609 5609 22C6F2          16      LD  (CLSZ),HL
00160C 560C E1              10      POP HL
00160D 560D F1              10      POP AF
00160E 560E C9              10      RET
                                
                                ;   HL = HL * A ただし、A=1,2,4,8,16,32,64,128(2のべき乗に限る)0の場合は256倍
       560F                     MUL_AHL:
00160F 560F 37               4      SCF     ;無限ループ回避
       5610                     MUL_AHL1:
001610 5610 1F               4      RRA     ;->CF
001611 5611 D8              11      RET C
001612 5612 29              11      ADD HL,HL
001613 5613 18FB            12      JR  MUL_AHL1
                                
       5615                     DPB2DD:
001615 5615 F9                      DB  0F9H    ;MEDIA
001616 5616 0002                    DW  00200H  ;SECSIZ
001618 5618 0F                      DB  00FH    ;DIRMSK
001619 5619 04                      DB  004H    ;DIRSHFT
00161A 561A 01                      DB  001H    ;CLUSMSK
00161B 561B 02                      DB  002H    ;CLUSSHFT
00161C 561C 0100                    DW  00001H  ;FIRFAT
00161E 561E 02                      DB  002H    ;FATCNT
00161F 561F 70                      DB  070H    ;MAXENT
001620 5620 0E00                    DW  0000EH  ;FIRREC
001622 5622 CA02                    DW  002CAH  ;MAXCLUS
001624 5624 03                      DB  003H    ;FATSIZ
001625 5625 0700                    DW  0007H   ;FIRDIR
       5627                     DPB2DD_E:
                                
       5627                     AUTOEXEC:
001627 5627 004155544F455845        DB  0,"AUTOEXECBAS"
            43424153            
       5633                     CMD_RUN:
001633 5633 3A920FC82C0C            DB  03AH,092H,00FH,200,',',00CH ;CLEAR200,&HF280
001639 5639 80F2                    DW  NEW_HIMEM
       563B                     CMD_CLEAR_E:
00163B 563B 3A8A00                  DB  03AH,08AH,0         ;RUN
       563E                     CMD_RUN_E:
       563E                     DELOK:
00163E 563E 1E1B4B00                DB  01EH,01BH,'K',0
[EOF:DISK.ASM:UTF_8]
                                    INCLUDE "BDOS.ASM"
       5642                     _ERROR:
001642 5642 AF               4      XOR A
001643 5643 47               4      LD  B,A
001644 5644 C9              10      RET
                                
       5645                     ROM_BDOS:
001645 5645 E5              11      PUSH    HL
001646 5646 79               4      LD  A,C
001647 5647 87               4      ADD A,A
001648 5648 38F8            12      JR  C,_ERROR
00164A 564A 6F               4      LD  L,A
00164B 564B 2642             7      LD  H,high STABLE
00164D 564D 7E               7      LD  A,(HL)
00164E 564E 2C               4      INC L
00164F 564F 66               7      LD  H,(HL)
001650 5650 6F               4      LD  L,A
001651 5651 E3              19      EX  (SP),HL
001652 5652 79               4      LD  A,C
001653 5653 C9              10      RET
                                
       5654                     _PRINT:
       5654                     PRINT:
001654 5654 7B               4      LD  A,E
001655 5655 1803            12      JR  MSG_A
                                
       5657                     _SYS01:     ;(BDOS)コンソール入力
001657 5657 CDDC56          17      CALL    _SYS07
       565A                     MSG_A:
00165A 565A FE03             7      CP  3
00165C 565C 2814            12      JR  Z,MSG_BR
       565E                     MSGA1:
00165E 565E F5              11      PUSH    AF
00165F 565F C5              11      PUSH    BC
001660 5660 D5              11      PUSH    DE
001661 5661 E5              11      PUSH    HL
001662 5662 DDE5            15      PUSH    IX
001664 5664 DD21A200        14      LD  IX,CHPUT
001668 5668 CDE144          17      CALL    CALSLT_R
00166B 566B DDE1            14      POP IX
00166D 566D E1              10      POP HL
00166E 566E D1              10      POP DE
00166F 566F C1              10      POP BC
       5670                     MSGA2:
001670 5670 F1              10      POP AF
001671 5671 C9              10      RET
       5672                     MSG_BR:
001672 5672 F5              11      PUSH    AF
001673 5673 3ADDF3          13      LD  A,(CSRX)
001676 5676 FE02             7      CP  2
001678 5678 38F6            12      JR  C,MSGA2
00167A 567A F1              10      POP AF
       567B                     MSG_CR:
00167B 567B F5              11      PUSH    AF
00167C 567C 3E0D             7      LD  A,00DH
00167E 567E CD5E56          17      CALL    MSGA1
001681 5681 3E0A             7      LD  A,00AH
001683 5683 CD5E56          17      CALL    MSGA1
001686 5686 F1              10      POP AF
001687 5687 C9              10      RET
                                
       5688                     _SYS02:     ;(BDOS)コンソール出力
001688 5688 CDA356          17      CALL    BREAK
00168B 568B 1805            12      JR  PRINTX
                                
       568D                     _SYS06:     ;(BDOS)コンソール直接入出力
00168D 568D 7B               4      LD  A,E
00168E 568E 3C               4      INC A
00168F 568F CA2257          10      JP  Z,_INKEY
       5692                     PRINTX:
001692 5692 C35456          10      JP  _PRINT
                                
       5695                     _SYS08:     ;(BDOS)エコーなしコンソール入力
001695 5695 CDDC56          17      CALL    _SYS07
001698 5698 FE03             7      CP  3
00169A 569A CCA356          17      CALL    Z,_BREAK
00169D 569D FE13             7      CP  013H        ;CTRL+S
00169F 569F C0              11      RET NZ
       56A0                     PAUSE:
0016A0 56A0 CDBA56          17      CALL    KEYBC
                                
       56A3                     _BREAK:
       56A3                     BREAK:
0016A3 56A3 F5              11      PUSH    AF
0016A4 56A4 C5              11      PUSH    BC
0016A5 56A5 D5              11      PUSH    DE
0016A6 56A6 E5              11      PUSH    HL
0016A7 56A7 DDE5            15      PUSH    IX
0016A9 56A9 DD21B700        14      LD  IX,BREAKX
0016AD 56AD CDE144          17      CALL    CALSLT_R
0016B0 56B0 DDE1            14      POP IX
0016B2 56B2 E1              10      POP HL
0016B3 56B3 D1              10      POP DE
0016B4 56B4 C1              10      POP BC
0016B5 56B5 DCA356          17      CALL    C,_BREAK
0016B8 56B8 F1              10      POP AF
0016B9 56B9 C9              10      RET
       56BA                     KEYBC:
0016BA 56BA F5              11      PUSH    AF
0016BB 56BB C5              11      PUSH    BC
0016BC 56BC D5              11      PUSH    DE
0016BD 56BD E5              11      PUSH    HL
0016BE 56BE DDE5            15      PUSH    IX
0016C0 56C0 DD215601        14      LD  IX,KILBUF
0016C4 56C4 CDE144          17      CALL    CALSLT_R
0016C7 56C7 DDE1            14      POP IX
0016C9 56C9 E1              10      POP HL
0016CA 56CA D1              10      POP DE
0016CB 56CB C1              10      POP BC
0016CC 56CC F1              10      POP AF
0016CD 56CD C9              10      RET
                                
       56CE                     _SYS09:     ;(BDOS)文字列出力
0016CE 56CE D5              11      PUSH    DE
       56CF                     _SX09:
0016CF 56CF 1A               7      LD  A,(DE)
0016D0 56D0 13               6      INC DE
0016D1 56D1 FE24             7      CP  '$'
0016D3 56D3 2805            12      JR  Z,POPDE_RET
0016D5 56D5 CD5A56          17      CALL    MSG_A
0016D8 56D8 18F5            12      JR  _SX09
       56DA                     POPDE_RET:
0016DA 56DA D1              10      POP DE
0016DB 56DB C9              10      RET
                                
       56DC                     _SYS07:
       56DC                     FLGET:
0016DC 56DC C5              11      PUSH    BC
0016DD 56DD D5              11      PUSH    DE
0016DE 56DE E5              11      PUSH    HL
0016DF 56DF DDE5            15      PUSH    IX
0016E1 56E1 3A0CF3          13      LD  A,(IS_BIOS)
0016E4 56E4 B7               4      OR  A
0016E5 56E5 2018            12      JR  NZ,FLGET_G1
                                
0016E7 56E7 CD0659          17      CALL    GETVRAM
0016EA 56EA E5              11      PUSH    HL
0016EB 56EB DD214A00        14      LD  IX,RDVRM
0016EF 56EF CDE144          17      CALL    CALSLT_R
0016F2 56F2 E1              10      POP HL
0016F3 56F3 F5              11      PUSH    AF
0016F4 56F4 E5              11      PUSH    HL
0016F5 56F5 3EFF             7      LD  A,0FFH
0016F7 56F7 DD214D00        14      LD  IX,WRTVRM
0016FB 56FB CDE144          17      CALL    CALSLT_R
0016FE 56FE E1              10      POP HL
       56FF                     FLGET_G1:
0016FF 56FF E5              11      PUSH    HL
001700 5700 DD219F00        14      LD  IX,CHGET
001704 5704 CDE144          17      CALL    CALSLT_R
001707 5707 67               4      LD  H,A
001708 5708 E3              19      EX  (SP),HL
001709 5709 3A0CF3          13      LD  A,(IS_BIOS)
00170C 570C B7               4      OR  A
00170D 570D 200A            12      JR  NZ,FLGET_G2
00170F 570F C1              10      POP BC
001710 5710 F1              10      POP AF
001711 5711 C5              11      PUSH    BC
001712 5712 DD214D00        14      LD  IX,WRTVRM
001716 5716 CDE144          17      CALL    CALSLT_R
       5719                     FLGET_G2:
001719 5719 F1              10      POP AF
00171A 571A DDE1            14      POP IX
00171C 571C E1              10      POP HL
00171D 571D D1              10      POP DE
00171E 571E C1              10      POP BC
00171F 571F FE03             7      CP  3
001721 5721 C9              10      RET
                                ;   RET NZ
                                ;   JP  CPM_BOOT
                                
       5722                     _INKEY:
       5722                     INKEY:
001722 5722 CDFF57          17      CALL    CPM_CONST
001725 5725 C8              11      RET Z
001726 5726 18B4            12      JR  FLGET
                                
       5728                     _SYS0A:     ;(BDOS)文字列入力
001728 5728 C5              11      PUSH    BC
001729 5729 E5              11      PUSH    HL
00172A 572A D5              11      PUSH    DE
                                
00172B 572B 3A0CF3          13      LD  A,(IS_BIOS)
00172E 572E B7               4      OR  A
00172F 572F 2824            12      JR  Z,SX0A_CBIOS
001731 5731 3ADDF3          13      LD  A,(CSRX)
001734 5734 5F               4      LD  E,A
001735 5735 1600             7      LD  D,0
001737 5737 D5              11      PUSH    DE
001738 5738 DDE5            15      PUSH    IX
00173A 573A DD21AE00        14      LD  IX,PLININ
00173E 573E CDE144          17      CALL    CALSLT_R
001741 5741 DDE1            14      POP IX
001743 5743 D1              10      POP DE
001744 5744 215DF5          10      LD  HL,BUF-1
001747 5747 F5              11      PUSH    AF
001748 5748 19              11      ADD HL,DE
001749 5749 F1              10      POP AF
00174A 574A EB               4      EX  DE,HL
00174B 574B E1              10      POP HL
00174C 574C E5              11      PUSH    HL
00174D 574D 0E00             7      LD  C,0
00174F 574F 3014            12      JR  NC,SAX0
001751 5751 23               6      INC HL
001752 5752 23               6      INC HL
001753 5753 1818            12      JR  SAX4
       5755                     SX0A_CBIOS:
001755 5755 CD8357          17      CALL    GETL
001758 5758 111FF4          10      LD  DE,KBUF
00175B 575B E1              10      POP HL
00175C 575C E5              11      PUSH    HL
00175D 575D 0E00             7      LD  C,0
00175F 575F 3004            12      JR  NC,SAX0
001761 5761 23               6      INC HL
001762 5762 23               6      INC HL
001763 5763 1808            12      JR  SAX4
       5765                     SAX0:
001765 5765 46               7      LD  B,(HL)
001766 5766 23               6      INC HL
       5767                     SAX1:
001767 5767 23               6      INC HL
001768 5768 1A               7      LD  A,(DE)
001769 5769 13               6      INC DE
00176A 576A B7               4      OR  A
00176B 576B 2004            12      JR  NZ,SAX2
       576D                     SAX4:
00176D 576D 360D            10      LD  (HL),00DH
00176F 576F 1804            12      JR  SAX3
       5771                     SAX2:
001771 5771 77               7      LD  (HL),A
001772 5772 0C               4      INC C
001773 5773 10F2            13      DJNZ    SAX1
       5775                     SAX3:
001775 5775 D1              10      POP DE
001776 5776 79               4      LD  A,C
001777 5777 13               6      INC DE
001778 5778 12               7      LD  (DE),A
001779 5779 1B               6      DEC DE
00177A 577A E1              10      POP HL
00177B 577B C1              10      POP BC
00177C 577C 3E1E             7      LD  A,01EH
00177E 577E CD5A56          17      CALL    MSG_A
001781 5781 AF               4      XOR A
001782 5782 C9              10      RET
                                ;           ;C-BIOSはPLININが意図通りに動作しないので
       5783                     GETL:
001783 5783 DDE5            15      PUSH    IX
001785 5785 FDE5            15      PUSH    IY
                                
001787 5787 3AAFFC          13      LD  A,(SCRMOD)
00178A 578A B7               4      OR  A
00178B 578B 280E            12      JR  Z,GETL0
00178D 578D DD216C00        14      LD  IX,INITXT
001791 5791 CDE144          17      CALL    CALSLT_R
001794 5794 DD217800        14      LD  IX,SETTXT
001798 5798 CDE144          17      CALL    CALSLT_R
       579B                     GETL0:
00179B 579B 2ADCF3          16      LD  HL,(CSRY)
00179E 579E 22CAFB          16      LD  (FSTPOS),HL
       57A1                     GETL1:
0017A1 57A1 CD9556          17      CALL    _SYS08
0017A4 57A4 FE09             7      CP  9
0017A6 57A6 2008            12      JR  NZ,GETL1V
0017A8 57A8 211FF4          10      LD  HL,KBUF
0017AB 57AB CDFF44          17      CALL    MSX
0017AE 57AE 18F1            12      JR  GETL1
       57B0                     GETL1V:
0017B0 57B0 5F               4      LD  E,A
0017B1 57B1 FE08             7      CP  8
0017B3 57B3 CCAC58          17      CALL    Z,CTRL02
0017B6 57B6 FE20             7      CP  020H
0017B8 57B8 D4D858          17      CALL    NC,INSERT
0017BB 57BB CD5E56          17      CALL    MSGA1
                                
0017BE 57BE 7B               4      LD  A,E
0017BF 57BF FE0D             7      CP  00DH
0017C1 57C1 20DE            12      JR  NZ,GETL1
                                
0017C3 57C3 111FF4          10      LD  DE,KBUF
0017C6 57C6 3AB0F3          13      LD  A,(LINLEN)
0017C9 57C9 47               4      LD  B,A
0017CA 57CA CD9A5B          17      CALL    ZERO_MEMORY_DE
                                
0017CD 57CD 2ACAFB          16      LD  HL,(FSTPOS)
0017D0 57D0 3ADCF3          13      LD  A,(CSRY)
0017D3 57D3 6F               4      LD  L,A
0017D4 57D4 E5              11      PUSH    HL
0017D5 57D5 CD0959          17      CALL    LOC0
0017D8 57D8 4D               4      LD  C,L
0017D9 57D9 44               4      LD  B,H
0017DA 57DA E1              10      POP HL
0017DB 57DB 3AB0F3          13      LD  A,(LINLEN)
0017DE 57DE 94               4      SUB H
0017DF 57DF 3D               4      DEC A
0017E0 57E0 5F               4      LD  E,A
0017E1 57E1 211FF4          10      LD  HL,KBUF
       57E4                     GETL2:
0017E4 57E4 CD9C58          17      CALL    _SCRN
0017E7 57E7 03               6      INC BC
0017E8 57E8 77               7      LD  (HL),A
0017E9 57E9 23               6      INC HL
0017EA 57EA 1D               4      DEC E
0017EB 57EB 20F7            12      JR  NZ,GETL2
0017ED 57ED CD7B56          17      CALL    MSG_CR
                                
0017F0 57F0 FDE1            14      POP IY
0017F2 57F2 DDE1            14      POP IX
       57F4                     GETL3:
0017F4 57F4 2B               6      DEC HL
0017F5 57F5 7E               7      LD  A,(HL)
0017F6 57F6 FE21             7      CP  021H
0017F8 57F8 D0              11      RET NC
0017F9 57F9 3600            10      LD  (HL),0
0017FB 57FB 15               4      DEC D
0017FC 57FC 20F6            12      JR  NZ,GETL3
0017FE 57FE C9              10      RET
                                
       57FF                     _SYS0B:     ;(BDOS)コンソール状態のチェック
       57FF                     CONSTX:
       57FF                     CPM_CONST:
0017FF 57FF C5              11      PUSH    BC
001800 5800 D5              11      PUSH    DE
001801 5801 E5              11      PUSH    HL
001802 5802 DDE5            15      PUSH    IX
001804 5804 DD219C00        14      LD  IX,CHSNS
001808 5808 CDE144          17      CALL    CALSLT_R
00180B 580B DDE1            14      POP IX
00180D 580D E1              10      POP HL
00180E 580E D1              10      POP DE
00180F 580F C1              10      POP BC
001810 5810 C9              10      RET
                                
       5811                     _SYS2A:     ;(BDOS)日付の獲得
001811 5811 0E0B             7      LD  C,11        ;年/Year→HL
001813 5813 CD5258          17      CALL    RDCLK_BCD
001816 5816 6F               4      LD  L,A
001817 5817 2600             7      LD  H,0
001819 5819 3AF8FA          13      LD  A,(EXBRSA)
00181C 581C B7               4      OR  A
00181D 581D 2804            12      JR  Z,SX2A1
00181F 581F 11BC07          10      LD  DE,1980     ;1980年～2079年
001822 5822 19              11      ADD HL,DE
       5823                     SX2A1:
001823 5823 0E09             7      LD  C,9     ;月/Month→D
001825 5825 CD5258          17      CALL    RDCLK_BCD
001828 5828 57               4      LD  D,A
                                
001829 5829 0E07             7      LD  C,7     ;日/Day→E
00182B 582B CD5258          17      CALL    RDCLK_BCD
00182E 582E 5F               4      LD  E,A
                                
00182F 582F 0E06             7      LD  C,6     ;曜日/Week→A
       5831                     RDCLK:
001831 5831 DDE5            15      PUSH    IX
001833 5833 DD21F501        14      LD  IX,REDCLK
       5837                     WRCLK1:
001837 5837 3AF8FA          13      LD  A,(EXBRSA)
00183A 583A B7               4      OR  A
00183B 583B 280A            12      JR  Z,RDCLK1    ;MSX1
00183D 583D FDE5            15      PUSH    IY
00183F 583F FD67             9      LD  IYH,A
001841 5841 78               4      LD  A,B
001842 5842 CD1C00          17      CALL    _CALSLT
001845 5845 FDE1            14      POP IY
       5847                     RDCLK1:
001847 5847 DDE1            14      POP IX
001849 5849 C9              10      RET
       584A                     WRCLK:
00184A 584A DDE5            15      PUSH    IX
00184C 584C DD21F901        14      LD  IX,WRTCLK
001850 5850 18E5            12      JR  WRCLK1
                                
       5852                     RDCLK_BCD:
001852 5852 CD3158          17      CALL    RDCLK       ;1の位
001855 5855 47               4      LD  B,A
001856 5856 0C               4      INC C
001857 5857 CD3158          17      CALL    RDCLK       ;10の位
00185A 585A 87               4      ADD A,A     ;*2
00185B 585B 4F               4      LD  C,A
00185C 585C 87               4      ADD A,A     ;*4
00185D 585D 87               4      ADD A,A     ;*8
00185E 585E 81               4      ADD A,C     ;*10(8+2)
00185F 585F 80               4      ADD A,B     ;1の位
001860 5860 C9              10      RET
                                
       5861                     _SYS2C:     ;(BDOS)時刻の獲得
001861 5861 011501          10      LD  BC,00115H       ;12時間計/24時間計の設定を24時間計に
001864 5864 CD4A58          17      CALL    WRCLK
001867 5867 0E04             7      LD  C,4     ;H=時/Hour
001869 5869 CD5258          17      CALL    RDCLK_BCD
00186C 586C 67               4      LD  H,A
00186D 586D 0E02             7      LD  C,2     ;L=分/Minute
00186F 586F CD5258          17      CALL    RDCLK_BCD
001872 5872 6F               4      LD  L,A
001873 5873 0E00             7      LD  C,0     ;D=秒/Second
001875 5875 CD5258          17      CALL    RDCLK_BCD
001878 5878 57               4      LD  D,A
001879 5879 AF               4      XOR A       ;E=1/100秒
00187A 587A 5F               4      LD  E,A
00187B 587B C9              10      RET
                                
       587C                     POS:
00187C 587C F5              11      PUSH    AF
00187D 587D 2ADCF3          16      LD  HL,(CSRY)
001880 5880 7D               4      LD  A,L
001881 5881 6C               4      LD  L,H
001882 5882 67               4      LD  H,A
001883 5883 2C               4      INC L
001884 5884 24               4      INC H
001885 5885 F1              10      POP AF
001886 5886 C9              10      RET
                                
       5887                     LOC:
001887 5887 F5              11      PUSH    AF
001888 5888 E5              11      PUSH    HL
001889 5889 7D               4      LD  A,L
00188A 588A 6C               4      LD  L,H
00188B 588B 67               4      LD  H,A
00188C 588C 2D               4      DEC L
00188D 588D 25               4      DEC H
00188E 588E DDE5            15      PUSH    IX
001890 5890 DD21C600        14      LD  IX,POSIT
001894 5894 CDE144          17      CALL    CALSLT_R
001897 5897 DDE1            14      POP IX
001899 5899 E1              10      POP HL
00189A 589A F1              10      POP AF
00189B 589B C9              10      RET
                                
       589C                     _SCRN:
       589C                     SCRN:
00189C 589C E5              11      PUSH    HL
00189D 589D DDE5            15      PUSH    IX
                                
00189F 589F 69               4      LD  L,C
0018A0 58A0 60               4      LD  H,B
0018A1 58A1 DD214A00        14      LD  IX,RDVRM
0018A5 58A5 CDE144          17      CALL    CALSLT_R
                                
0018A8 58A8 DDE1            14      POP IX
0018AA 58AA E1              10      POP HL
0018AB 58AB C9              10      RET
                                
       58AC                     CTRL02:
0018AC 58AC F5              11      PUSH    AF
0018AD 58AD D5              11      PUSH    DE
0018AE 58AE 2ADCF3          16      LD  HL,(CSRY)
0018B1 58B1 3AB0F3          13      LD  A,(LINLEN)
0018B4 58B4 4F               4      LD  C,A
0018B5 58B5 94               4      SUB H   ;CSRX
0018B6 58B6 C602             7      ADD A,2
0018B8 58B8 47               4      LD  B,A ;カーソルより右の文字数
0018B9 58B9 61               4      LD  H,C ;LINLEN
0018BA 58BA C5              11      PUSH    BC
0018BB 58BB CD0959          17      CALL    LOC0
0018BE 58BE C1              10      POP BC
                                
0018BF 58BF 1620             7      LD  D,020H
       58C1                     C8X1:
0018C1 58C1 DD214A00        14      LD  IX,RDVRM
0018C5 58C5 CDE144          17      CALL    CALSLT_R
0018C8 58C8 4F               4      LD  C,A
0018C9 58C9 7A               4      LD  A,D
0018CA 58CA DD214D00        14      LD  IX,WRTVRM
0018CE 58CE CDE144          17      CALL    CALSLT_R
0018D1 58D1 2B               6      DEC HL
0018D2 58D2 51               4      LD  D,C
0018D3 58D3 10EC            13      DJNZ    C8X1
0018D5 58D5 D1              10      POP DE
0018D6 58D6 F1              10      POP AF
0018D7 58D7 C9              10      RET
                                
       58D8                     INSERT:
0018D8 58D8 F5              11      PUSH    AF
0018D9 58D9 D5              11      PUSH    DE
0018DA 58DA 2ADCF3          16      LD  HL,(CSRY)
0018DD 58DD 3AB0F3          13      LD  A,(LINLEN)
0018E0 58E0 4F               4      LD  C,A
0018E1 58E1 94               4      SUB H   ;CSRX
0018E2 58E2 3C               4      INC A
0018E3 58E3 47               4      LD  B,A ;カーソルより右の文字数
0018E4 58E4 C5              11      PUSH    BC
0018E5 58E5 CD0959          17      CALL    LOC0
0018E8 58E8 C1              10      POP BC
                                
0018E9 58E9 1620             7      LD  D,020H
       58EB                     INS1:
0018EB 58EB DD214A00        14      LD  IX,RDVRM
0018EF 58EF CDE144          17      CALL    CALSLT_R
0018F2 58F2 4F               4      LD  C,A
0018F3 58F3 7A               4      LD  A,D
0018F4 58F4 DD214D00        14      LD  IX,WRTVRM
0018F8 58F8 CDE144          17      CALL    CALSLT_R
0018FB 58FB 23               6      INC HL
0018FC 58FC 51               4      LD  D,C
0018FD 58FD 10EC            13      DJNZ    INS1
0018FF 58FF D1              10      POP DE
001900 5900 F1              10      POP AF
001901 5901 C9              10      RET
                                
       5902                     CONOUT1:
001902 5902 59               4      LD  E,C
001903 5903 C35456          10      JP  _PRINT
                                
       5906                     GETVRAM:
001906 5906 2ADCF3          16      LD  HL,(CSRY)
       5909                     LOC0:
001909 5909 2D               4      DEC L
00190A 590A 25               4      DEC H
00190B 590B 4C               4      LD  C,H ;CSRX-1
00190C 590C 5D               4      LD  E,L ;CSRY-1
       590D                     LOC1:
00190D 590D 3AB0F3          13      LD  A,(LINLEN)
001910 5910 67               4      LD  H,A
001911 5911 1600             7      LD  D,0
001913 5913 6A               4      LD  L,D ;0
001914 5914 0608             7      LD  B,8
       5916                     LOC2:
001916 5916 29              11      ADD HL,HL
001917 5917 3001            12      JR  NC,LOC3
001919 5919 19              11      ADD HL,DE
       591A                     LOC3:
00191A 591A 10FA            13      DJNZ    LOC2
00191C 591C 09              11      ADD HL,BC
00191D 591D C9              10      RET
                                
       591E                     _SYS0C:     ;(BDOS)バージョン番号の獲得
00191E 591E 212200          10      LD  HL,00022H
001921 5921 AF               4      XOR A
001922 5922 7D               4      LD  A,L
001923 5923 C9              10      RET
                                
       5924                     _SYS0D:     ;(BDOS)ディスク・リセット
001924 5924 218000          10      LD  HL,00080H
001927 5927 22D4F2          16      LD  (_DTA),HL
00192A 592A C9              10      RET
                                
       592B                     _SYS0E:     ;(BDOS)カレントドライブの設定
00192B 592B 7B               4      LD  A,E
       592C                     _SYS0EX1:
00192C 592C FE08             7      CP  8
00192E 592E 3F               4      CCF
00192F 592F D8              11      RET C
001930 5930 32EAF2          13      LD  (_DVSW),A
001933 5933 C9              10      RET
                                
       5934                     _SYS0F:     ;(BDOS)ファイルのオープン
001934 5934 D5              11      PUSH    DE
001935 5935 FDE1            14      POP IY
001937 5937 CD725B          17      CALL    INIT_FILE
00193A 593A CDC44D          17      CALL    ROM_OPEN
00193D 593D 385F            12      JR  C,SCF_FF_RET
                                ;               Open(Read)
00193F 593F FD361CFF        19      LD  (IY+28),0FFH
                                ;               FILENAME
001943 5943 FDE5            15      PUSH    IY
001945 5945 D1              10      POP DE
001946 5946 13               6      INC DE
001947 5947 010B00          10      LD  BC,11
00194A 594A EDB0                    LDIR
                                ;               Attribute
00194C 594C 7E               7      LD  A,(HL)
00194D 594D FD770D          19      LD  (IY+13),A
                                ;               TIME
001950 5950 110B00          10      LD  DE,11
001953 5953 19              11      ADD HL,DE
001954 5954 7E               7      LD  A,(HL)
001955 5955 23               6      INC HL
001956 5956 FD7716          19      LD  (IY+22),A
001959 5959 7E               7      LD  A,(HL)
00195A 595A 23               6      INC HL
00195B 595B FD7717          19      LD  (IY+23),A
                                ;               DATE
00195E 595E 7E               7      LD  A,(HL)
00195F 595F 23               6      INC HL
001960 5960 FD7714          19      LD  (IY+20),A
001963 5963 7E               7      LD  A,(HL)
001964 5964 23               6      INC HL
001965 5965 FD7715          19      LD  (IY+21),A
                                ;               First cluster
001968 5968 7E               7      LD  A,(HL)
001969 5969 23               6      INC HL
00196A 596A FD771A          19      LD  (IY+26),A
00196D 596D 7E               7      LD  A,(HL)
00196E 596E 23               6      INC HL
00196F 596F FD771B          19      LD  (IY+27),A
                                ;               SIZE
001972 5972 7E               7      LD  A,(HL)
001973 5973 23               6      INC HL
001974 5974 FD7710          19      LD  (IY+16),A
001977 5977 7E               7      LD  A,(HL)
001978 5978 23               6      INC HL
001979 5979 FD7711          19      LD  (IY+17),A
00197C 597C 7E               7      LD  A,(HL)
00197D 597D 23               6      INC HL
00197E 597E FD7712          19      LD  (IY+18),A
001981 5981 7E               7      LD  A,(HL)
001982 5982 FD7713          19      LD  (IY+19),A
001985 5985 2AEFF2          16      LD  HL,(DIRENT1)
001988 5988 FD751E          19      LD  (IY+30),L
00198B 598B FD741F          19      LD  (IY+31),H
00198E 598E 3AF1F2          13      LD  A,(_DIR_BANK)
001991 5991 FD771D          19      LD  (IY+29),A
001994 5994 AF               4      XOR A
001995 5995 FD770C          19      LD  (IY+12),A
001998 5998 C9              10      RET
                                
       5999                     _SYS10:     ;(BDOS)ファイルのクローズ
001999 5999 AF               4      XOR A
00199A 599A C9              10      RET
                                
       599B                     S11X1:
00199B 599B FD7119          19      LD  (IY+25),C       ;RootEntCnt
       599E                     SCF_FF_RET:
00199E 599E 37               4      SCF
00199F 599F 9F               4      SBC A,A
0019A0 59A0 C9              10      RET
                                
       59A1                     _SYS11:     ;(BDOS)最初のファイルの検索
0019A1 59A1 ED53D7F2        20      LD  (_FCB),DE
0019A5 59A5 D5              11      PUSH    DE
0019A6 59A6 FDE1            14      POP IY
0019A8 59A8 CD725B          17      CALL    INIT_FILE
0019AB 59AB FD361800        19      LD  (IY+24),0
0019AF 59AF CD8A50          17      CALL    GET_DIR_DAT
       59B2                     S12X1:
0019B2 59B2 CD384E          17      CALL    FILESE
0019B5 59B5 FD3418          23      INC (IY+24)
0019B8 59B8 30E1            12      JR  NC,S11X1
0019BA 59BA 0D               4      DEC C
0019BB 59BB FD7119          19      LD  (IY+25),C       ;RootEntCnt
0019BE 59BE FDCB0D66        20      BIT 4,(IY+13)
0019C2 59C2 280A            12      JR  Z,S12X2
0019C4 59C4 E5              11      PUSH    HL
0019C5 59C5 DDE1            14      POP IX
0019C7 59C7 DD7E0B          19      LD  A,(IX+11)
0019CA 59CA FE0F             7      CP  00FH
0019CC 59CC 2810            12      JR  Z,S11NEXT
       59CE                     S12X2:
0019CE 59CE 012000          10      LD  BC,32
0019D1 59D1 ED5BD4F2        20      LD  DE,(_DTA)
0019D5 59D5 FD7E00          19      LD  A,(IY+0)
0019D8 59D8 12               7      LD  (DE),A      ;ドライブ番号
0019D9 59D9 13               6      INC DE
0019DA 59DA EDB0                    LDIR            ;ディレクトリエントリ
0019DC 59DC AF               4      XOR A
0019DD 59DD C9              10      RET
       59DE                     S11NEXT:
0019DE 59DE CD594E          17      CALL    FNEXT
0019E1 59E1 20CF            12      JR  NZ,S12X1
0019E3 59E3 37               4      SCF
0019E4 59E4 9F               4      SBC A,A
0019E5 59E5 C9              10      RET
                                
       59E6                     _SYS12:
0019E6 59E6 FD2AD7F2        20      LD  IY,(_FCB)
0019EA 59EA FDE5            15      PUSH    IY
0019EC 59EC D1              10      POP DE
0019ED 59ED CD725B          17      CALL    INIT_FILE
       59F0                     S12X3:
0019F0 59F0 CD8A50          17      CALL    GET_DIR_DAT
0019F3 59F3 FD4618          19      LD  B,(IY+24)
       59F6                     S12X4:
0019F6 59F6 C5              11      PUSH    BC
0019F7 59F7 CD594E          17      CALL    FNEXT
0019FA 59FA C1              10      POP BC
0019FB 59FB 2807            12      JR  Z,S12X5
0019FD 59FD 7E               7      LD  A,(HL)
0019FE 59FE FEE5             7      CP  0E5H
001A00 5A00 28F4            12      JR  Z,S12X4
001A02 5A02 10F2            13      DJNZ    S12X4
       5A04                     S12X5:
001A04 5A04 FD4E19          19      LD  C,(IY+25)
001A07 5A07 18A9            12      JR  S12X1
                                
       5A09                     _SYS14:     ;(BDOS)シーケンシャルな読み出し
001A09 5A09 CD6150          17      CALL    SET_FCB
001A0C 5A0C CD2F50          17      CALL    GETSEQ
001A0F 5A0F CD1C50          17      CALL    RB_READ
001A12 5A12 E5              11      PUSH    HL
001A13 5A13 CD3C50          17      CALL    SETSEQ
001A16 5A16 E1              10      POP HL
       5A17                     SREAD:
001A17 5A17 C601             7      ADD A,001H
001A19 5A19 D8              11      RET C
                                
001A1A 5A1A 7D               4      LD  A,L
001A1B 5A1B D601             7      SUB 001H
001A1D 5A1D 9F               4      SBC A,A
001A1E 5A1E E603             7      AND 3
001A20 5A20 1F               4      RRA
001A21 5A21 C9              10      RET
                                
       5A22                     _SYS18:     ;(BDOS)ログインベクトルの獲得
       5A22                     _SYS1D:     ;(BDOS)書き込みが禁止されているディスクの調査
001A22 5A22 2AF2F2          16      LD  HL,(_LVECTOR)
001A25 5A25 AF               4      XOR A
001A26 5A26 67               4      LD  H,A
001A27 5A27 C9              10      RET
                                
       5A28                     _SYS19:     ;(BDOS)カレントドライブ番号の獲得
001A28 5A28 3AEAF2          13      LD  A,(_DVSW)
001A2B 5A2B A7               4      AND A
001A2C 5A2C C9              10      RET
                                
       5A2D                     _SYS1A:     ;(BDOS)DTAの設定
001A2D 5A2D ED53D4F2        20      LD  (_DTA),DE
001A31 5A31 AF               4      XOR A
001A32 5A32 C9              10      RET
                                
       5A33                     _SYS1B:     ;(BDOS)ディスク情報の獲得
001A33 5A33 7B               4      LD  A,E
001A34 5A34 D601             7      SUB 1
001A36 5A36 DC285A          17      CALL    C,_SYS19
001A39 5A39 5F               4      LD  E,A
001A3A 5A3A CD3A54          17      CALL    IS_BPB
001A3D 5A3D 3827            12      JR  C,S1B_E
001A3F 5A3F F5              11      PUSH    AF
001A40 5A40 215EF5          10      LD  HL,SYS1B_DPB
001A43 5A43 3A1560          13      LD  A,(BANK1_ADR+21)    ;BPB_Media
001A46 5A46 47               4      LD  B,A
001A47 5A47 4F               4      LD  C,A
001A48 5A48 3271F5          13      LD  (SYS1B_FAT),A
001A4B 5A4B 7B               4      LD  A,E
001A4C 5A4C CD5754          17      CALL    GETDPB
001A4F 5A4F DD215EF5        14      LD  IX,SYS1B_DPB
001A53 5A53 FD2171F5        14      LD  IY,SYS1B_FAT
001A57 5A57 ED4B60F5        20      LD  BC,(SYS1B_DPB+1+1)  ;SECSIZ
001A5B 5A5B ED5B6CF5        20      LD  DE,(SYS1B_DPB+1+13) ;MAXCLUS
001A5F 5A5F 1B               6      DEC DE
001A60 5A60 1B               6      DEC DE
001A61 5A61 210000          10      LD  HL,0            ;書き込み不可なので0を返す
001A64 5A64 F1              10      POP AF
001A65 5A65 C9              10      RET
       5A66                     S1B_E:
001A66 5A66 9F               4      SBC A,A
001A67 5A67 C9              10      RET
                                
       5A68                     _SYS21:     ;(BDOS)ランダムな読み出し
001A68 5A68 CD6150          17      CALL    SET_FCB
                                
001A6B 5A6B FD6E21          19      LD  L,(IY+33)   ;(FCB)Random record
001A6E 5A6E FD6622          19      LD  H,(IY+34)
                                
001A71 5A71 CD1C50          17      CALL    RB_READ
001A74 5A74 18A1            12      JR  SREAD
                                
       5A76                     _SYS23:     ;(BDOS)ファイル・サイズの獲得
001A76 5A76 CD3459          17      CALL    _SYS0F
001A79 5A79 D8              11      RET C
                                
001A7A 5A7A D5              11      PUSH    DE      ;EX DE,IY
001A7B 5A7B FDE3            23      EX  (SP),IY     ;
                                ;   POP DE      ;
                                ;   PUSH    DE      ;DEを破壊しないように注意vv
001A7D 5A7D CD5150          17      CALL    GETSIZE
       5A80                     _S24X1:
001A80 5A80 FD7521          19      LD  (IY+33),L   ;(FCB)Random record
001A83 5A83 FD7422          19      LD  (IY+34),H
001A86 5A86 FD362300        19      LD  (IY+35),0
                                ;   POP DE      ;^^^^^^^^^^^^^^^^^^^^^^^^
                                ;   PUSH    DE      ;EX DE,IY
001A8A 5A8A FDE3            23      EX  (SP),IY     ;
001A8C 5A8C D1              10      POP DE      ;
                                
001A8D 5A8D AF               4      XOR A
001A8E 5A8E C9              10      RET
                                
       5A8F                     _SYS24:     ;(BDOS)ランダム・レコード・フィールドの設定
001A8F 5A8F E5              11      PUSH    HL
001A90 5A90 D5              11      PUSH    DE      ;EX DE,IY
001A91 5A91 FDE3            23      EX  (SP),IY     ;
                                ;   POP DE      ;
                                ;   PUSH    DE      ;DEを破壊しないように注意vv
001A93 5A93 CD2F50          17      CALL    GETSEQ
001A96 5A96 18E8            12      JR  _S24X1      ;^^^^^^^^^^^^^^^^^^^^^^^^
                                
       5A98                     _SYS27:     ;(BDOS)ランダムブロック読み込み
001A98 5A98 CD6150          17      CALL    SET_FCB
001A9B 5A9B E5              11      PUSH    HL
001A9C 5A9C FD7E00          19      LD  A,(IY+0)
001A9F 5A9F 3200F3          13      LD  (FDRV),A
001AA2 5AA2 FD7E18          19      LD  A,(IY+24)
001AA5 5AA5 32C4F2          13      LD  (_BANK),A
001AA8 5AA8 FD6E21          19      LD  L,(IY+33)
001AAB 5AAB FD6622          19      LD  H,(IY+34)
001AAE 5AAE 22CAF2          16      LD  (RR_LOW),HL
001AB1 5AB1 FD6E23          19      LD  L,(IY+35)
001AB4 5AB4 FD6624          19      LD  H,(IY+36)
001AB7 5AB7 22CCF2          16      LD  (RR_HIGH),HL
001ABA 5ABA E1              10      POP HL
001ABB 5ABB CD874B          17      CALL    ROM_READ
001ABE 5ABE ED5BCAF2        20      LD  DE,(RR_LOW)
001AC2 5AC2 FD7321          19      LD  (IY+33),E
001AC5 5AC5 FD7222          19      LD  (IY+34),D
001AC8 5AC8 ED5BCCF2        20      LD  DE,(RR_HIGH)
001ACC 5ACC FD7323          19      LD  (IY+35),E
001ACF 5ACF FD7224          19      LD  (IY+36),D
001AD2 5AD2 3AC4F2          13      LD  A,(_BANK)
001AD5 5AD5 FD7718          19      LD  (IY+24),A
001AD8 5AD8 9F               4      SBC A,A
001AD9 5AD9 D8              11      RET C
001ADA 5ADA 3AC3F2          13      LD  A,(_RESULT)
001ADD 5ADD C9              10      RET
                                
       5ADE                     _SYS29:
001ADE 5ADE E5              11      PUSH    HL
001ADF 5ADF 23               6      INC HL
001AE0 5AE0 CD285B          17      CALL    _SYS5C
001AE3 5AE3 E3              19      EX  (SP),HL
001AE4 5AE4 79               4      LD  A,C
001AE5 5AE5 CDDF5B          17      CALL    LD_HL_A
001AE8 5AE8 010E00          10      LD  BC,14
001AEB 5AEB 09              11      ADD HL,BC
001AEC 5AEC C1              10      POP BC
001AED 5AED 03               6      INC BC
001AEE 5AEE 79               4      LD  A,C
001AEF 5AEF CDDF5B          17      CALL    LD_HL_A
001AF2 5AF2 23               6      INC HL
001AF3 5AF3 78               4      LD  A,B
001AF4 5AF4 CDDF5B          17      CALL    LD_HL_A
001AF7 5AF7 AF               4      XOR A
001AF8 5AF8 C9              10      RET
                                
       5AF9                     _SYS2F:
001AF9 5AF9 44               4      LD  B,H
001AFA 5AFA 7D               4      LD  A,L
001AFB 5AFB 2AD4F2          16      LD  HL,(_DTA)
001AFE 5AFE C3B453          10      JP  DISKIO
                                
       5B01                     _SYS59:     ;(BDOS)カレントディレクトリの取得
001B01 5B01 78               4      LD  A,B
001B02 5B02 CDC855          17      CALL    GET_CD_CDRV
001B05 5B05 7C               4      LD  A,H
001B06 5B06 B5               4      OR  L
001B07 5B07 2808            12      JR  Z,S59E
001B09 5B09 3E23             7      LD  A,'#'
001B0B 5B0B 12               7      LD  (DE),A
001B0C 5B0C 13               6      INC DE
001B0D 5B0D CDF95B          17      CALL    HEXHL
001B10 5B10 AF               4      XOR A
       5B11                     S59E:
001B11 5B11 12               7      LD  (DE),A
001B12 5B12 C9              10      RET
                                
       5B13                     _SYS5A:     ;(BDOS)カレントディレクトリの変更
001B13 5B13 CDA95B          17      CALL    GET_PARAM_IX
001B16 5B16 CD464C          17      CALL    FILE_BDOS
001B19 5B19 CD3D51          17      CALL    ROM_CD
001B1C 5B1C 9F               4      SBC A,A
001B1D 5B1D C9              10      RET
                                
       5B1E                     _SYS5B:     ;(BDOS)パス名の解析(_PARSE)
001B1E 5B1E D5              11      PUSH    DE
001B1F 5B1F CDA95B          17      CALL    GET_PARAM_IX
001B22 5B22 CD464C          17      CALL    FILE_BDOS
001B25 5B25 D1              10      POP DE
001B26 5B26 182C            12      JR  S5B_1
                                
       5B28                     _SYS5C:     ;(BDOS)ファイル名の解析(_PFILE)
001B28 5B28 CDA15B          17      CALL    SPCUT_SL
001B2B 5B2B D5              11      PUSH    DE
                                
001B2C 5B2C E5              11      PUSH    HL
001B2D 5B2D AF               4      XOR A
001B2E 5B2E CDC855          17      CALL    GET_CD_CDRV
001B31 5B31 22F9F2          16      LD  (_CDX),HL
                                
001B34 5B34 CDA95B          17      CALL    GET_PARAM_IX
001B37 5B37 CD464C          17      CALL    FILE_BDOS
001B3A 5B3A E1              10      POP HL
                                
001B3B 5B3B 060B             7      LD  B,11
001B3D 5B3D 1101F3          10      LD  DE,FNAME
       5B40                     S5C_1:
001B40 5B40 1A               7      LD  A,(DE)
001B41 5B41 13               6      INC DE
001B42 5B42 CDDF5B          17      CALL    LD_HL_A
001B45 5B45 23               6      INC HL
001B46 5B46 10F8            13      DJNZ    S5C_1
                                
001B48 5B48 DDE5            15      PUSH    IX
001B4A 5B4A E1              10      POP HL
001B4B 5B4B 115EF5          10      LD  DE,BUF
001B4E 5B4E A7               4      AND A
001B4F 5B4F ED52            15      SBC HL,DE
001B51 5B51 D1              10      POP DE
001B52 5B52 19              11      ADD HL,DE
001B53 5B53 EB               4      EX  DE,HL
       5B54                     S5B_1:
001B54 5B54 2AF9F2          16      LD  HL,(_CDX)
001B57 5B57 3A00F3          13      LD  A,(FDRV)
001B5A 5B5A 4F               4      LD  C,A
001B5B 5B5B AF               4      XOR A
001B5C 5B5C C9              10      RET
                                
       5B5D                     _SYS6F:
001B5D 5B5D 016F00          10      LD  BC,0006FH
001B60 5B60 11918A          10      LD  DE,08A91H       ;Tablacus Disk ROM Lite 認識コード
001B63 5B63 AF               4      XOR A
001B64 5B64 C9              10      RET
                                
       5B65                     _SYS68:
001B65 5B65 21F2F2          10      LD  HL,_LVECTOR
001B68 5B68 CBFE            15      SET 7,(HL)
001B6A 5B6A 78               4      LD  A,B
001B6B 5B6B B7               4      OR  A
001B6C 5B6C 3E00             7      LD  A,0
001B6E 5B6E C0              11      RET NZ
001B6F 5B6F CBBE            15      RES 7,(HL)
001B71 5B71 C9              10      RET
                                
       5B72                     INIT_FILE:
001B72 5B72 EB               4      EX  DE,HL
001B73 5B73 1100F3          10      LD  DE,FDRV
001B76 5B76 010C00          10      LD  BC,1+8+3
       5B79                     INIT_FILE1:
001B79 5B79 EDB0                    LDIR
001B7B 5B7B CDE955          17      CALL    GET_DISK_BANK_FDRV
                                #if exists USE_NORMAL32K_OR_ASCII16
001B7E 5B7E 320070          13      LD  (ASCII16_BANK1_SEL),A       ;ASCII-16K
                                #else
                                    LD  (BANK1_SEL),A           ;ASCII-8K/Konami-8K
                                    LD  (KONAMI_SCC_BANK1_SEL),A    ;Konami-8K/Konami-SCC
                                #endif
001B81 5B81 FD6E0E          19      LD  L,(IY+14)
001B84 5B84 FD660F          19      LD  H,(IY+15)
001B87 5B87 7C               4      LD  A,H
001B88 5B88 FE10             7      CP  010H
001B8A 5B8A 3004            12      JR  NC,INIT_FILE1X
001B8C 5B8C B5               4      OR  L
001B8D 5B8D 2B               6      DEC HL
001B8E 5B8E 2006            12      JR  NZ,INIT_FILE2
       5B90                     INIT_FILE1X:
001B90 5B90 FD7E00          19      LD  A,(IY+0)
001B93 5B93 CDC855          17      CALL    GET_CD_CDRV
       5B96                     INIT_FILE2:
001B96 5B96 22F9F2          16      LD  (_CDX),HL           ;カレントディレクトリ
001B99 5B99 C9              10      RET
                                
       5B9A                     ZERO_MEMORY_DE:
001B9A 5B9A AF               4      XOR A
       5B9B                     FILL_MEMORY_DE:
001B9B 5B9B 12               7      LD  (DE),A
001B9C 5B9C 13               6      INC DE
001B9D 5B9D 10FC            13      DJNZ    FILL_MEMORY_DE
001B9F 5B9F C9              10      RET
                                
       5BA0                     SS1_SL:
001BA0 5BA0 13               6      INC DE
       5BA1                     SPCUT_SL:               ;スペースをカット
001BA1 5BA1 CDC35B          17      CALL    LD_A_DE
001BA4 5BA4 FE20             7      CP  020H
001BA6 5BA6 28F8            12      JR  Z,SS1_SL
001BA8 5BA8 C9              10      RET
                                
       5BA9                     GET_PARAM_IX:
001BA9 5BA9 0600             7      LD  B,0
001BAB 5BAB 215EF5          10      LD  HL,BUF
001BAE 5BAE E5              11      PUSH    HL
001BAF 5BAF CDA15B          17      CALL    SPCUT_SL
       5BB2                     GPIX1:
001BB2 5BB2 CDC35B          17      CALL    LD_A_DE
001BB5 5BB5 13               6      INC DE
001BB6 5BB6 77               7      LD  (HL),A
001BB7 5BB7 23               6      INC HL
001BB8 5BB8 B7               4      OR  A
001BB9 5BB9 2804            12      JR  Z,GPIX2
001BBB 5BBB 04               4      INC B
001BBC 5BBC 20F4            12      JR  NZ,GPIX1
001BBE 5BBE 05               4      DEC B
       5BBF                     GPIX2:
001BBF 5BBF DDE1            14      POP IX
001BC1 5BC1 58               4      LD  E,B
001BC2 5BC2 C9              10      RET
                                
       5BC3                     LD_A_DE:
001BC3 5BC3 1A               7      LD  A,(DE)
001BC4 5BC4 CB7A             8      BIT 7,D
001BC6 5BC6 C0              11      RET NZ
001BC7 5BC7 C5              11      PUSH    BC
001BC8 5BC8 D5              11      PUSH    DE
001BC9 5BC9 E5              11      PUSH    HL
001BCA 5BCA EB               4      EX  DE,HL
                                
001BCB 5BCB 0141F3          10      LD  BC,RAMAD0
001BCE 5BCE 7C               4      LD  A,H
001BCF 5BCF 07               4      RLCA
001BD0 5BD0 07               4      RLCA
001BD1 5BD1 E603             7      AND 3
001BD3 5BD3 81               4      ADD A,C
001BD4 5BD4 4F               4      LD  C,A
001BD5 5BD5 0A               7      LD  A,(BC)
                                
001BD6 5BD6 CD0C00          17      CALL    _RDSLT
001BD9 5BD9 E1              10      POP HL
001BDA 5BDA D1              10      POP DE
001BDB 5BDB C1              10      POP BC
001BDC 5BDC C9              10      RET
                                
       5BDD                     LD_HL_A_1:
001BDD 5BDD 77               7      LD  (HL),A
001BDE 5BDE C9              10      RET
       5BDF                     LD_HL_A:
001BDF 5BDF CB7C             8      BIT 7,H
001BE1 5BE1 20FA            12      JR  NZ,LD_HL_A_1
001BE3 5BE3 C5              11      PUSH    BC
001BE4 5BE4 D5              11      PUSH    DE
001BE5 5BE5 E5              11      PUSH    HL
                                
001BE6 5BE6 5F               4      LD  E,A
001BE7 5BE7 0141F3          10      LD  BC,RAMAD0
001BEA 5BEA 7C               4      LD  A,H
001BEB 5BEB 07               4      RLCA
001BEC 5BEC 07               4      RLCA
001BED 5BED E603             7      AND 3
001BEF 5BEF 81               4      ADD A,C
001BF0 5BF0 4F               4      LD  C,A
001BF1 5BF1 0A               7      LD  A,(BC)
                                
001BF2 5BF2 CD1400          17      CALL    _WRSLT
001BF5 5BF5 E1              10      POP HL
001BF6 5BF6 D1              10      POP DE
001BF7 5BF7 C1              10      POP BC
001BF8 5BF8 C9              10      RET
                                
       5BF9                     HEXHL:
001BF9 5BF9 7C               4      LD  A,H
001BFA 5BFA CDFE5B          17      CALL    HEXHX
001BFD 5BFD 7D               4      LD  A,L
       5BFE                     HEXHX:
001BFE 5BFE F5              11      PUSH    AF
001BFF 5BFF 07               4      RLCA
001C00 5C00 07               4      RLCA
001C01 5C01 07               4      RLCA
001C02 5C02 07               4      RLCA
001C03 5C03 CD075C          17      CALL    HEXA2
001C06 5C06 F1              10      POP AF
       5C07                     HEXA2:
001C07 5C07 CD1445          17      CALL    ASC
001C0A 5C0A 12               7      LD  (DE),A
001C0B 5C0B 13               6      INC DE
001C0C 5C0C C9              10      RET
                                
       5C0D                     HEX:
001C0D 5C0D CDAE4D          17      CALL    CAP
001C10 5C10 D630             7      SUB '0'
001C12 5C12 D8              11      RET C
001C13 5C13 FE0A             7      CP  10
001C15 5C15 3F               4      CCF
001C16 5C16 D0              11      RET NC
001C17 5C17 FE11             7      CP  16+1
001C19 5C19 D8              11      RET C
001C1A 5C1A D607             7      SUB 7
001C1C 5C1C FE10             7      CP  10H
001C1E 5C1E 3F               4      CCF
001C1F 5C1F C9              10      RET
                                
       599E                     _SYS03  EQU SCF_FF_RET  ;(BDOS)外部入力
       599E                     _SYS13  EQU SCF_FF_RET  ;(BDOS)ファイルの削除
       599E                     _SYS15  EQU SCF_FF_RET  ;(BDOS)シーケンシャルな書き込み
       599E                     _SYS16  EQU SCF_FF_RET  ;(BDOS)ファイルの作成
       599E                     _SYS17  EQU SCF_FF_RET  ;(BDOS)ファイル名の変更
       599E                     _SYS22  EQU SCF_FF_RET  ;(BDOS)ランダムな書き込み
       599E                     _SYS26  EQU SCF_FF_RET  ;(BDOS)ランダムブロック書き込み
       599E                     _SYS28  EQU SCF_FF_RET  ;(BDOS)ランダムな書き込み・その2
                                
       599E                     _SYS2B  EQU SCF_FF_RET  ;(BDOS)日付の設定
       599E                     _SYS2D  EQU SCF_FF_RET  ;(BDOS)時刻の設定
       599E                     _SYS39  EQU SCF_FF_RET  ;(BDOS)サブディレクトリの作成
       599E                     _SYS3A  EQU SCF_FF_RET  ;(BDOS)サブディレクトリの削除
                                
[EOF:BDOS.ASM:UTF_8]
                                    INCLUDE "SLOT.ASM"
                                #if exists _RAM64K
                                INT38H_ROM:
                                    LD  A,(EXPTBL)  ;メインROMに切り替える
                                    CALL    ENASLT_00H
                                    CALL    00038H
                                    LD  A,(RAMAD0)  ;メインRAMに切り替える
                                ;   JP  ENASLT_00H
                                ;
                                ;ページ0専門のENASLT
                                ;in
                                ;A←スロット
                                ;破壊
                                ;ABCHL
                                ;
                                ; ページ1 に配置
                                ENASLT_00H:
                                    DI
                                    LD  H,A
                                    AND 3
                                    LD  C,A
                                    IN  A,(0A8H)
                                    LD  B,0FCH  ;ページ0
                                    AND B
                                    OR  C
                                    BIT 7,H
                                    JP  Z,ENASLT_NOEXT
                                                ;拡張スロットの処理
                                    PUSH    DE
                                    CALL    ENATBL
                                    RRCA
                                    RRCA
                                    LD  C,A
                                    LD  A,E
                                    CALL    AT_3B
                                    LD  (HL),E
                                    POP DE
                                    RET
                                ;
                                ;   ENASLOTの補助（ページ0・003BH～にも配置）
                                ;
                                AT_3B:              ;ENASUB 対象の拡張スロットを切り替えるために基本スロットを切り替える
                                    OUT (0A8H),A
                                    LD  A,(0FFFFH)  ;拡張スロットの切り替え
                                    CPL
                                    AND B
                                    OR  C
                                    LD  (0FFFFH),A
                                    LD  E,A
                                                ;基本スロットの切り替え
                                    LD  A,D
                                    OUT (0A8H),A
                                    RET
                                AT_3B_E:
                                
                                #endif
                                
       5C20                     AT_GETSLT:
       5C20                     AT_ISC:
001C20 EF40                         ORG ISC,AT_ISC-RUN
                                ;
                                ; インタースロットコール
                                ; ページ3 に配置
                                
                                ;
                                ;   現在のスロットを知る
                                ;in
                                ;HL←上位2ビットで切り替えるページを指定
                                ;out
                                ;A→スロット
                                ;※ROM、RAMの両方のルーチンを使うため絶対番地を使わない
       EF40                     _GETSLT:
001C20 EF40 E5              11      PUSH    HL
001C21 EF41 DBA8            11      IN  A,(0A8H)
                                
001C23 EF43 CB7C             8      BIT 7,H
001C25 EF45 2032            12      JR  NZ,GETSLT_HIGH
001C27 EF47 CB74             8      BIT 6,H
001C29 EF49 21C1FC          10      LD  HL,EXPTBL
001C2C EF4C 201B            12      JR  NZ,GETSLT_40H
       EF4E                     GETSLT_00H:             ;ページ0
001C2E EF4E E603             7      AND 3
001C30 EF50 85               4      ADD A,L
001C31 EF51 6F               4      LD  L,A
001C32 EF52 CB7E            13      BIT 7,(HL)
001C34 EF54 280F            12      JR  Z,GETSLT_1
001C36 EF56 C604             7      ADD A,SLTTBL-EXPTBL     ;拡張スロットをワークアリアから取得
001C38 EF58 6F               4      LD  L,A
001C39 EF59 7E               7      LD  A,(HL)
       EF5A                     GETSLT_3:
001C3A EF5A 07               4      RLCA
001C3B EF5B 07               4      RLCA
       EF5C                     GETSLT_2:
001C3C EF5C E60C             7      AND 00CH
001C3E EF5E 67               4      LD  H,A
001C3F EF5F 7D               4      LD  A,L
001C40 EF60 D645             7      SUB LOW SLTTBL - 080H
001C42 EF62 B4               4      OR  H
001C43 EF63 E1              10      POP HL
001C44 EF64 C9              10      RET
       EF65                     GETSLT_1:               ;スロットは拡張されていない
001C45 EF65 D6C1             7      SUB LOW EXPTBL
001C47 EF67 E1              10      POP HL
001C48 EF68 C9              10      RET
                                
       EF69                     GETSLT_40H:             ;ページ1
001C49 EF69 0F               4      RRCA
001C4A EF6A 0F               4      RRCA
001C4B EF6B E603             7      AND 3
001C4D EF6D 85               4      ADD A,L
001C4E EF6E 6F               4      LD  L,A
001C4F EF6F CB7E            13      BIT 7,(HL)
001C51 EF71 28F2            12      JR  Z,GETSLT_1
001C53 EF73 C604             7      ADD A,SLTTBL-EXPTBL
001C55 EF75 6F               4      LD  L,A
001C56 EF76 7E               7      LD  A,(HL)
001C57 EF77 18E3            12      JR  GETSLT_2
                                
       EF79                     GETSLT_HIGH:
001C59 EF79 CB74             8      BIT 6,H
001C5B EF7B 21C1FC          10      LD  HL,EXPTBL
001C5E EF7E 2014            12      JR  NZ,GETSLT_C0H
       EF80                     GETSLT_80H:             ;ページ2
001C60 EF80 0F               4      RRCA
001C61 EF81 0F               4      RRCA
001C62 EF82 0F               4      RRCA
001C63 EF83 0F               4      RRCA
001C64 EF84 E603             7      AND 3
001C66 EF86 85               4      ADD A,L
001C67 EF87 6F               4      LD  L,A
001C68 EF88 CB7E            13      BIT 7,(HL)
001C6A EF8A 28D9            12      JR  Z,GETSLT_1
001C6C EF8C C604             7      ADD A,SLTTBL-EXPTBL
001C6E EF8E 6F               4      LD  L,A
001C6F EF8F 7E               7      LD  A,(HL)
001C70 EF90 0F               4      RRCA
001C71 EF91 0F               4      RRCA
001C72 EF92 18C8            12      JR  GETSLT_2
                                
       EF94                     GETSLT_C0H:             ;ページ3
001C74 EF94 07               4      RLCA
001C75 EF95 07               4      RLCA
001C76 EF96 E603             7      AND 3
001C78 EF98 85               4      ADD A,L
001C79 EF99 6F               4      LD  L,A
001C7A EF9A CB7E            13      BIT 7,(HL)
001C7C EF9C 28C7            12      JR  Z,GETSLT_1
001C7E EF9E C604             7      ADD A,SLTTBL-EXPTBL
001C80 EFA0 6F               4      LD  L,A
001C81 EFA1 7E               7      LD  A,(HL)
001C82 EFA2 07               4      RLCA
001C83 EFA3 07               4      RLCA
001C84 EFA4 18B4            12      JR  GETSLT_3
                                
                                #if exists _RAM64K
                                SAME_SLOT_00H:          ;ページ0とページ3のスロットが同一
                                    OUT (0A8H),A
                                    LD  A,(0FFFFH)  ;拡張スロットの切り替え
                                    CPL
                                    AND 0FCH        ;ページ0マスク
                                    OR  C
                                    LD  (0FFFFH),A
                                    LD  (HL),A
                                    RET
                                
                                ENASLT_HIGH:
                                    BIT 6,H
                                    RET NZ          ;ページ3はスロット切り替え不可
                                ;
                                ;ページ2専門のENASLT
                                ;in
                                ;A←スロット
                                ;破壊
                                ;ABCHL
                                ;
                                ENASLT_80H:
                                    DI
                                    LD  L,A
                                    AND 3
                                    RLCA
                                    RLCA
                                    RLCA
                                    RLCA
                                    LD  C,A
                                    IN  A,(0A8H)
                                    LD  B,0CFH  ;ページ2マスク
                                    AND B
                                    OR  C
                                    BIT 7,L
                                    JP  Z,ENASLT_NOEXT
                                            ;拡張スロットの処理
                                    PUSH    DE
                                    CALL    ENATBL_BIOS_CHECK
                                    RLCA
                                    RLCA
                                    LD  C,A
                                    LD  A,E
                                    CALL    ENASUB
                                    LD  (HL),E
                                    POP DE
                                    RET
                                ;
                                ;ENASLT
                                ;in
                                ;A←スロット
                                ;HL←上位2ビットで切り替えるページを指定
                                ;破壊
                                ;ABCHL
                                ;
                                ENASLT:
                                    BIT 7,H
                                    JR  NZ,ENASLT_HIGH
                                    BIT 6,H
                                    JR  NZ,ENASLT_40H
                                _ENASLT_00H:
                                    DI
                                    LD  H,A
                                    AND 3
                                    LD  C,A
                                    IN  A,(0A8H)
                                    AND 0FCH    ;ページ0マスク
                                    OR  C
                                    BIT 7,H
                                    JR  Z,ENASLT_NOEXT
                                            ;拡張スロットの処理
                                    PUSH    DE
                                    LD  B,H
                                    CALL    ENATBL
                                    RRCA
                                    RRCA
                                    LD  C,A
                                    LD  A,E
                                    CP  D
                                    POP DE
                                    JR  Z,SAME_SLOT_00H ;ページ0とページ3のスロットが同一の場合
                                    LD  H,B
                                ENASLT_SUB:
                                    LD  A,H     ;ページ3でスロットを指定するためにページ1のROMのルーチンを使う
                                    PUSH    IX
                                    LD  IX,ENASLT_00H
                                INT38H_SUB1:
                                    PUSH    IY
                                    LD  IY,(ROM_SLT-1)
                                    CALL    CALSLT
                                    POP IY
                                    POP IX
                                    RET
                                
                                _ENASLT_00H_S:
                                    LD  (ENASLT_SP1),SP
                                    LD  SP,SPBUF
                                    CALL    ENASLT_SUB
                                    LD  SP,0
                                ENASLT_SP1  EQU $-2
                                    RET
                                
                                INT38H_SUB:
                                    PUSH    IX
                                    LD  IX,INT38H_ROM
                                    JR  INT38H_SUB1
                                
                                ENASLT_BIOS:
                                    POP DE
                                    LD  A,L
                                    CALL    _ENASLT
                                    POP DE
                                    RET
                                
                                ENATBL_BIOS_CHECK:
                                    LD  D,A
                                    LD  A,(0000H)
                                    CP  0F3H    ;0000H が DI の場合はページ0は BIOS とみなす
                                    JR  Z,ENASLT_BIOS
                                    LD  H,L
                                    LD  A,D
                                ENATBL:
                                    LD  D,A ;基本スロットに出力する値
                                            ;対象の拡張スロットを切り替えるために基本スロットを切り替える
                                    LD  A,H
                                    AND 3
                                    LD  C,A ;C=スロット#
                                
                                    ;スロットテーブル
                                    LD  L,LOW SLTTBL
                                    ADD A,L
                                    LD  L,A
                                            ;対象の拡張スロットを切り替えるために基本スロットを切り替える
                                    LD  A,C ;C=スロット#
                                    RRCA
                                    RRCA        ;ページ3
                                    LD  C,A
                                    LD  A,D ;基本スロットに出力する値
                                    AND 03FH    ;ページ3マスク
                                    OR  C
                                    LD  E,A ;基本スロットでページ3にスロットを割り当てる
                                    LD  A,H
                                    AND 00CH
                                    LD  H,HIGH SLTTBL
                                    RET
                                ENASLT_NOEXT_00H:
                                
                                ENASLT_NOEXT:               ;スロットが拡張されていない場合
                                    OUT (0A8H),A
                                    RET
                                
                                ;
                                ;ページ1専門のENASLT
                                ;in
                                ;A←スロット
                                ;破壊
                                ;ABCHL
                                ;
                                ENASLT_40H:
                                    DI
                                    LD  L,A
                                    AND 3
                                    RLCA
                                    RLCA
                                    LD  C,A
                                    IN  A,(0A8H)
                                    LD  B,0F3H  ;ページ1マスク
                                    AND B
                                    OR  C
                                    BIT 7,L
                                    JR  Z,ENASLT_NOEXT
                                            ;拡張スロットの処理
                                    PUSH    DE
                                    CALL    ENATBL_BIOS_CHECK
                                    LD  C,A
                                    LD  A,E
                                    CALL    ENASUB
                                    LD  (HL),E
                                    POP DE
                                    RET
                                
                                CALLF:
                                    EX  (SP),HL
                                    PUSH    AF
                                    LD  A,(HL)
                                    LD  IYH,A
                                    INC HL
                                    LD  A,(HL)
                                    LD  IXL,A
                                    INC HL
                                    LD  A,(HL)
                                    LD  IXH,A
                                    INC HL
                                    POP AF
                                    EX  (SP),HL
                                CALSLT:
                                    DI
                                    EX  AF,AF'
                                    PUSH    AF      ;裏AFを保存
                                    PUSH    HL
                                    LD  HL,08002H
                                    ADD HL,SP
                                    POP HL
                                    JR  NC,CALSLT_1
                                    CALL    CALSLT_2
                                CALSLT_E:
                                    EX  AF,AF'
                                    POP AF      ;保存した裏AF
                                    EX  AF,AF'
                                    RET
                                CALSLT_1:
                                    LD  (CSSP),SP
                                    LD  SP,SPBUF
                                    CALL    CALSLT_2
                                    LD  SP,0
                                CSSP    EQU $-2
                                    JR  CALSLT_E
                                
                                CALSLT_2:
                                    PUSH    HL
                                    LD  A,IXH
                                    LD  H,A
                                    CALL    _GETSLT
                                    CP  IYH
                                    JR  Z,CALSLT_3
                                    PUSH    BC
                                    PUSH    AF
                                    LD  A,IYH
                                    CALL    ENASLT
                                    POP AF
                                    POP BC
                                    LD  L,A
                                    LD  A,IXH
                                    LD  H,A
                                    EX  (SP),HL
                                    EX  AF,AF'
                                    CALL    JP_IX
                                    EX  (SP),HL
                                    PUSH    BC
                                    EX  AF,AF'
                                    LD  A,L
                                    CALL    ENASLT
                                    EX  AF,AF'
                                    POP BC
                                    POP HL
                                    EI
                                    RET
                                
                                CALSLT_3:
                                    POP HL
                                    EX  AF,AF'
                                    JP  (IX)
                                
                                RDSLT:
                                    DI
                                    PUSH    DE
                                    LD  D,A
                                    CALL    _GETSLT
                                    CP  D
                                    JR  Z,RDSLT1
                                    LD  E,A
                                    LD  A,D
                                    PUSH    HL
                                    CALL    ENASLT
                                    POP HL
                                    LD  B,(HL)
                                    PUSH    BC
                                    LD  A,E
                                    PUSH    HL
                                    CALL    ENASLT
                                    POP HL
                                    POP AF
                                    POP DE
                                    RET
                                RDSLT1:
                                    LD  A,(HL)
                                    POP DE
                                    RET
                                
                                WRSLT:
                                    DI
                                    PUSH    DE
                                    LD  D,A
                                    CALL    _GETSLT
                                    CP  D
                                    JR  Z,WRSLT1
                                    PUSH    AF
                                    PUSH    HL
                                    LD  A,D
                                    CALL    ENASLT
                                    POP HL
                                    LD  (HL),E
                                    POP AF
                                    PUSH    HL
                                    CALL    ENASLT
                                    POP HL
                                    POP DE
                                    RET
                                
                                WRSLT1:
                                    LD  (HL),E
                                    POP DE
                                    RET
                                
                                INT38H:
                                    DI
                                    PUSH    AF
                                    PUSH    BC
                                    PUSH    HL
                                    LD  HL,08002H
                                    ADD HL,SP
                                    JR  C,INT38H1
                                    LD  (INTSP),SP  ;スタックポインタ保存
                                    LD  SP,SPBUF
                                    CALL    INT38H_SUB
                                    LD  SP,0
                                INTSP   EQU $-2
                                    XOR A
                                INT38H1:
                                    CALL    C,INT38H_SUB
                                    POP HL
                                    POP BC
                                    POP AF
                                    EI
                                    RET
                                ;
                                ;   ページ1のディスクの読み込み補助
                                ;
                                LDIR_PAGE1_RAM:
                                    CALL    ENASLT_40H
                                    POP BC
                                    POP DE
                                    LD  HL,BUF
                                    LDIR
                                    LD  A,(ROM_SLT)
                                    CALL    ENASLT_40H
                                    JP  LDIR_PAGE1_ROM
                                ;
                                ;   フック関数を呼び出す
                                ;
                                CALL_RF:
                                    POP HL
                                    LD  A,(HL)
                                    LD  IXL,A
                                    INC HL
                                    LD  A,(HL)
                                    LD  IXH,A
                                    LD  IY,(ROM_SLT-1)
                                    CALL    _CALSLT
                                    RET C
                                    POP AF
                                    RET
                                ISC_E:
                                #endif
001C86 5C86                         ORG $$+RUN,$$   ;$DEPHASE
       5C86                     AT_ISCB:
001C86 F280                         ORG ISCB,AT_ISCB-RUN
                                
       F280                     REPLACE_COMMAND:
001C86 F280 FEB7             7      CP  0B7H            ;FILES
001C88 F282 CC7BFE          17      CALL    Z,H_FILE
001C8B F285 FEB5             7      CP  0B5H            ;LOAD
001C8D F287 CA71FE          10      JP  Z,H_BINS
001C90 F28A FE8A             7      CP  08AH            ;RUN
001C92 F28C CA76FE          10      JP  Z,H_BINL
001C95 F28F FED6             7      CP  0D6H            ;COPY
001C97 F291 2813            12      JR  Z,FIX_COPY
001C99 F293 FECF             7      CP  0CFH            ;BLOAD
001C9B F295 C0              11      RET NZ
       F296                     FIX_BLOAD:
001C9C F296 F7              12      RST 30H
       F297                     ROM_SLT:
001C9D F297 00                      DB  0
001C9E F298 DE47                    DW  ROM_BLOAD
001CA0 F29A F5              11      PUSH    AF
001CA1 F29B E5              11      PUSH    HL
001CA2 F29C CDA5F2          17      CALL    BLOAD_RET
       F29D                     SWC_BLOAD   EQU $-2
001CA5 F29F E1              10      POP HL
001CA6 F2A0 F1              10      POP AF
001CA7 F2A1 FECF             7      CP  0CFH            ;BLOAD
       F2A3                     SWC_BLOAD_M:
001CA9 F2A3 28DB            12      JR  Z,REPLACE_COMMAND
       F2A5                     BLOAD_RET:
001CAB F2A5 C9              10      RET
       F2A6                     FIX_COPY:
001CAC F2A6 F7              12      RST 30H
       F2A7                     ROM_SLT_COPY:
001CAD F2A7 00                      DB  0
001CAE F2A8 5F49                    DW  ROM_COPY
001CB0 F2AA C9              10      RET
       F2AB                     RAMUSE1:
001CB1 F2AB 3A42F3          13      LD  A,(RAMAD1)
001CB4 F2AE 180E            12      JR  _ENASLT_40H
       F2B0                     CAL_MP:
001CB6 F2B0 2640             7      LD  H,040H
001CB8 F2B2 3AC1FC          13      LD  A,(EXPTBL)
001CBB F2B5 CD2400          17      CALL    _ENASLT
001CBE F2B8 CD1C00          17      CALL    _CALSLT
       F2BB                     ROMUSE1:
001CC1 F2BB 3A97F2          13      LD  A,(ROM_SLT)
       F2BE                     _ENASLT_40H:
001CC4 F2BE 2640             7      LD  H,040H
001CC6 F2C0 C32400          10      JP  _ENASLT
                                
       F2C3                     _RESULT:
001CC9 F2C3 00                      DB  0
       F2C4                     _BANK:
001CCA F2C4 00                      DB  0
       F2C5                     _BANK1:
001CCB F2C5 00                      DB  0
       F2C6                     CLSZ:               ;クラスタサイズ
001CCC F2C6 0004                    DW  1024
       F2C7                     CLSZ_H  EQU $-1     ;クラスタサイズ上位8ビット
       F2C8                     SECSZ:              ;セクタサイズ
001CCE F2C8 0002                    DW  512
       F2C9                     SECSZ_H EQU $-1     ;セクタサイズ上位8ビット
       F2CA                     RR_LOW:
001CD0 F2CA 0000                    DW  0
       F2CB                     RR_MID  EQU $-1
       F2CC                     RR_HIGH:
001CD2 F2CC 0000                    DW  0
       F2CE                     _CLPS:
001CD4 F2CE 0000                    DW  0
       F2D0                     _LEFT:
001CD6 F2D0 0000                    DW  0
       F2D2                     _DTPS:
001CD8 F2D2 0000                    DW  0
       F2D4                     _DTA:
001CDA F2D4 0000                    DW  0
       F2D6                     FLG_LDIR:
001CDC F2D6 00                      DB  0
       F2D7                     _FCB:
001CDD F2D7 0000                    DW  0
       F2D9                     _BUF:
       F2D9                     _BUF_LO:        ;LOGICAL OPERATION
001CDF F2D9 00                      DB  0
       F2DA                     _BUF_ST:
001CE0 F2DA 0000                    DW  0
       F2DC                     _BUF_EN:
001CE2 F2DC 0000                    DW  0
       F2DE                     _BUF_EX:
       F2DE                     _BUF_W:
001CE4 F2DE 0000                    DW  0
       F2E0                     _BUF_H:
001CE6 F2E0 0000                    DW  0
       F2E2                     _BUF_X:
001CE8 F2E2 0000                    DW  0
       F2E4                     _BUF_Y:
001CEA F2E4 00                      DB  0
       F2E5                     _BUF_P:
001CEB F2E5 00                      DB  0
       F2E6                     _BUF_O:
001CEC F2E6 00                      DB  0
       F2E7                     DTAX:
001CED F2E7 0000                    DW  0
       F2E9                     B_DRIVE:
001CEF F2E9 00                      DB  0
       F2EA                     _DVSW:          ;カレントドライブ
001CF0 F2EA 00                      DB  0
       F2EB                     _CD_A:          ;カレントディレクトリ A:
001CF1 F2EB 0000                    DW  0
       F2ED                     _CD_B:          ;カレントディレクトリ B:
001CF3 F2ED 0000                    DW  0
       F2EF                     DIRENT1:
001CF5 F2EF 0000                    DW  0
       F2F1                     _DIR_BANK:
001CF7 F2F1 00                      DB  0
       F2F2                     _LVECTOR:
001CF8 F2F2 01                      DB  1
       F2F3                     LEFTX:
001CF9 F2F3 0000                    DW  0
       F2F5                     PARAM0:
001CFB F2F5 0000                    DW  0
       F2F7                     PARAM1:
001CFD F2F7 0000                    DW  0
       F2F9                     _CDX:
001CFF F2F9 0000                    DW  0
       F2FB                     _CHKSP:
001D01 F2FB 1F                      DB  01FH
       F2FC                     _HL:
001D02 F2FC 0000                    DW  0
       F2FE                     _SP:
001D04 F2FE 0000                    DW  0
       F2FF                     _SP_H   EQU $-1
       F300                     FDRV:
001D06 F300 00                      DB  0
       F301                     FNAME:
001D07 F301                         DS  8+3
       F30C                     IS_BIOS:            ;C-BIOSの場合は0
001D12 F30C FF                      DB  0FFH
                                
       F30D                     ISCB_E:
[EOF:SLOT.ASM:UTF_8]
       1D13                     LAST    EQU $$
001D13 F30D                         DS  01FFFH-LAST
001FFF F5F9 00                      DB  0
                                
                                    END
[EOF:DISKROM.ASM:UTF_8]
[EOF:DISKROM32.ASM:UTF_8]
