                                ;*** AILZ80ASM *** Z-80 Assembler, version 1.0.31.0, LST:Full:4
                                ;   Tablacus DISK ROM Lite for MSX
                                ;   Programmed by
                                ;   Gaku (Lovers/Tablacus)
                                ;
       0001                     _RAM64K     EQU 1   ;メインRAM 64KB使用可能
                                
                                    INCLUDE "DISKROM.ASM"
                                ;   Tablacus DISK ROM Lite for MSX
                                ;   Programmed by
                                ;   Gaku (Lovers/Tablacus)
                                
                                    INCLUDE "DEF.ASM"
                                
                                ;   LSX-Dodgers DEF
                                ;   MSX
                                
       4000                     RUN EQU 04000H
                                
       0006                     RDVDP   EQU 0006H
       0007                     WRVDP   EQU 0007H
                                
       000C                     _RDSLT  EQU 0000CH
       0014                     _WRSLT  EQU 00014H
       001C                     _CALSLT EQU 0001CH
       0024                     _ENASLT EQU 00024H
       0030                     _CALLF  EQU 00030H
       004A                     RDVRM   EQU 0004AH
       004D                     WRTVRM  EQU 0004DH
       005C                     LDIRVM  EQU 0005CH
       006C                     INITXT  EQU 0006CH
       0078                     SETTXT  EQU 00078H
       009C                     CHSNS   EQU 0009CH
       009F                     CHGET   EQU 0009FH
       00A2                     CHPUT   EQU 000A2H
       00AE                     PLININ  EQU 000AEH
       00B7                     BREAKX  EQU 000B7H
       00C6                     POSIT   EQU 000C6H
       0138                     RSLREG  EQU 00138H
       0156                     KILBUF  EQU 00156H
       0159                     CALBAS  EQU 00159H
       01F5                     REDCLK  EQU 001F5H  ;SUB
       01F9                     WRTCLK  EQU 001F9H  ;SUB
                                
       269A                     DECADD  EQU 0269AH
       27E6                     DECMUL  EQU 027E6H
       2F8A                     FRCINT  EQU 02F8AH
                                
       303A                     FRCDBL  EQU 0303AH
                                
       406F                     ERRHAND EQU 0406FH
       409B                     READYR  EQU 0409BH
       42B2                     CRUNCH  EQU 042B2H
       4601                     NEWSTT  EQU 04601H
       4C64                     FRMEVL  EQU 04C64H
       542F                     FRMQNT  EQU 0542FH
       67D0                     FRESTR  EQU 067D0H
       7D17                     ST_BAS  EQU 07D17H
                                
       F323                     DISKVE  EQU 0F323H
       F331                     H_BDOS  EQU 0F331H
       F340                     REBOOT  EQU 0F340H
       F341                     RAMAD0  EQU 0F341H
       F342                     RAMAD1  EQU 0F342H
       F343                     RAMAD2  EQU 0F343H
       F344                     RAMAD3  EQU 0F344H
       F348                     MASTERS EQU 0F348H
       F368                     ROMUSE  EQU 0F368H
       F36B                     RAMUSE  EQU 0F36BH
       F37D                     BDOS    EQU 0F37DH
       F398                     JP_IX   EQU 0F398H
       F38C                     CLPRIM  EQU 0F38CH
       F3B0                     LINLEN  EQU 0F3B0H
       F3B9                     TXTATR  EQU 0F3B9H
       F3BB                     TXTPAT  EQU 0F3BBH
       F3D3                     MLTCOL  EQU 0F3D3H
       F3DC                     CSRY    EQU 0F3DCH
       F3DD                     CSRX    EQU 0F3DDH
       F3F8                     PUTPNT  EQU 0F3F8H
       F3FA                     GETPNT  EQU 0F3FAH
       F3FC                     CS120   EQU 0F3FCH
                                
       F41F                     KBUF    EQU 0F41FH
                                
       F55E                     BUF EQU 0F55EH
                                
       F663                     VALTYP  EQU 0F663H
       F672                     MEMSIZ  EQU 0F672H
       F674                     STKTOP  EQU 0F674H
       F676                     TXTTAB  EQU 0F676H
       F69B                     FRETOP  EQU 0F69BH
       F6B1                     SAVSTK  EQU 0F6B1H
       F6C2                     VARTAB  EQU 0F6C2H
       F6C4                     ARYTAB  EQU 0F6C4H
       F6C6                     STREND  EQU 0F6C6H
                                
       F7F6                     DAC EQU 0F7F6H
                                
                                ;FBUFFR EQU 0F7C5H
                                
       F847                     ARG EQU 0F847H
       F860                     FILTAB  EQU 0F860H
       F862                     NULBUF  EQU 0F862H
       F864                     PTRFIL  EQU 0F864H
       F866                     RUNFLG  EQU 0F866H
       F866                     FILNAM  EQU 0F866H
                                ;FILNM2 EQU 0F871H
                                
       FAF6                     ACPAGE  EQU 0FAF6H
       FAF8                     EXBRSA  EQU 0FAF8H
                                
       FB03                     RSTMP   EQU 0FB03H
       FB20                     HOKVLD  EQU 0FB20H
       FB21                     DRVTBL  EQU 0FB21H
       FBB1                     BASROM  EQU 0FBB1H
       FBCA                     FSTPOS  EQU 0FBCAH
       FBF0                     KEYBUF  EQU 0FBF0H
                                
       FC48                     BOTTOM  EQU 0FC48H
       FC4A                     HIMEM   EQU 0FC4AH
       FCC1                     EXPTBL  EQU 0FCC1H
       FCC5                     SLTTBL  EQU 0FCC5H
       FCC9                     SLTATR  EQU 0FCC9H
       FCAF                     SCRMOD  EQU 0FCAFH
       FCBE                     RUNBNF  EQU 0FCBEH
       FCBF                     SAVENT  EQU 0FCBFH
                                
       FD89                     PROCNM  EQU 0FD89H
       FD99                     DEVICE  EQU 0FD99H
                                
       FDDB                     H_PINL  EQU 0FDDBH
       FE12                     H_DSKF  EQU 0FE12H
       FE30                     H_MKI   EQU 0FE30H
       FE3F                     H_CVI   EQU 0FE3FH
       FE71                     H_BINS  EQU 0FE71H
       FE76                     H_BINL  EQU 0FE76H
       FE7B                     H_FILE  EQU 0FE7BH
       FFA7                     H_PHYD  EQU 0FFA7H
       FF43                     H_GONE  EQU 0FF43H
       FFCA                     EXTBIO  EQU 0FFCAH
                                
       C000                     FD_BOOT_START   EQU 0C000H
       C01E                     FD_BOOT_EXEC    EQU 0C01EH
                                
                                #if exists USE_NORMAL32K_OR_ASCII16
                                            ;ASCII-16K
                                ASCII16_BANK0_SEL EQU 06000H    ;6000-67FF
                                ASCII16_BANK1_SEL EQU 07000H    ;7000-77FF
                                #else
                                            ;ASCII-8K
       6000                     BANK0_SEL EQU   06000H  ;6000-67FF
       6800                     BANK1_SEL EQU   06800H  ;6800-6FFF
       7000                     BANK2_SEL EQU   07000H  ;7000-77FF
       7800                     BANK3_SEL EQU   07800H  ;7800-7FFF
                                            ;Konami-8K
       6000                     KONAMI_BANK1_SEL EQU    06000H  ;6000-7FFF
       8000                     KONAMI_BANK2_SEL EQU    08000H  ;8000-9FFF
       A000                     KONAMI_BANK3_SEL EQU    0A000H  ;A000-BFFF
                                                ;Konami-SCC
       5000                     KONAMI_SCC_BANK0_SEL EQU    05000H  ;5000-57FF
       7000                     KONAMI_SCC_BANK1_SEL EQU    07000H  ;7000-77FF
       9000                     KONAMI_SCC_BANK2_SEL EQU    09000H  ;9000-97FF
       B000                     KONAMI_SCC_BANK3_SEL EQU    0B000H  ;B000-B7FF
                                #endif
                                
       EF40                     ISC EQU 0EF40H
       F280                     ISCB    EQU 0F280H
                                
                                #if exists _RAM64K
       EF40                     NEW_HIMEM   EQU ISC
                                #else
                                NEW_HIMEM   EQU ISCB
                                #endif
                                
       0001                     DISK_BANK   EQU 1       ;ドライブAが始まるバンク#
       6000                     BANK1_ADR   EQU 06000H      ;バンク1の開始アドレス
                                
       F7F8                     DACDAT  EQU DAC+2
       F55D                     SPBUF   EQU KBUF+318    ;ページ3にスタックがない場合はKBUFを一時的に使う
                                
       003B                     ENASUB  EQU 0003BH
       F55E                     SYS1B_DPB   EQU BUF
       F571                     SYS1B_FAT   EQU SYS1B_DPB+19
                                
       FB03                     TMP_DIRENT  EQU RSTMP
[EOF:DEF.ASM:UTF_8]
000000 4000                         ORG RUN
                                
                                ; MSX ROM header
000000 4000 4142                    DB  "AB"        ; ID for auto-executable ROM
000002 4002 0041                    DW  INIT_ROM    ; Main program execution address.
000004 4004 EF50                    DW  STATEMENT   ; STATEMENT
000006 4006 1F52                    DW  DEVICE_ENTRY    ; DEVICE
000008 4008 0000                    DW  0       ; TEXT
00000A 400A 000000000000            DW  0,0,0       ; Reserved
                                
000010 4010 C3B453          10      JP  DISKIO
000013 4013 C3F653          10      JP  DSKCHG
000016 4016 C34C54          10      JP  GETDPB
000019 4019 C33F55          10      JP  CHOICE
00001C 401C C34355          10      JP  DSKFMT
00001F 401F C34555          10      JP  DSKSTP
000022 4022 C34655          10      JP  BASENT
000025 4025 37               4      SCF
000026 4026 C34355          10      JP  DSKFMT
000029 4029 C34555          10      JP  DSKSTP
00002C 402C 00               4      NOP
00002D 402D C3AD55          10      JP  GETSLT
000030 4030 2A4BF3          16      LD  HL,(0F34BH)
000033 4033 C9              10      RET
                                
00007F 407F                         ORG 0407FH
00007F 407F C9              10      RET
                                ; Version
000080 4080 5461626C61637573        DB  "Tablacus DISK ROM Lite"
            204449534B20524F    
            4D204C697465        
000096 4096                         ALIGN   32
0000A0 40A0 76302E372E342E33        DB  "v0.7.4.3"
0000A8 40A8                         ALIGN   32
       40C0                     MSG_ERROR_ROM_MODE:
                                #if exists USE_NORMAL32K_OR_ASCII16
                                    DB  "Normal ROM/ASCII-16K only!",13,10
                                #else
0000C0 40C0 41534349492D384B        DB  "ASCII-8K/Konami-8K/Konami-SCC only!",13,10
            2F4B6F6E616D692D    
            384B2F4B6F6E616D    
            692D534343206F6E    
            6C79210D0A          
                                #endif
000100 4100                         ORG 04100H
       4100                     INIT_ROM:
000100 4100 AF               4      XOR A
000101 4101 2100F3          10      LD  HL,0F300H
000104 4104 0668             7      LD  B,068H
000106 4106 CD354D          17      CALL    FILL_MEMORY
                                
000109 4109 3E01             7      LD  A,1
00010B 410B 3221FB          13      LD  (DRVTBL),A
                                
00010E 410E 2A4AFC          16      LD  HL,(HIMEM)
000111 4111 1140EF          10      LD  DE,NEW_HIMEM
000114 4114 A7               4      AND A
000115 4115 ED52            15      SBC HL,DE
000117 4117 382D            12      JR  C,INIT1
000119 4119 EB               4      EX  DE,HL
00011A 411A 2A74F6          16      LD  HL,(STKTOP)
00011D 411D ED52            15      SBC HL,DE
00011F 411F 2274F6          16      LD  (STKTOP),HL ;起動時の空き容量表示の為
000122 4122 F9               6      LD  SP,HL
000123 4123 2A72F6          16      LD  HL,(MEMSIZ)
000126 4126 7C               4      LD  A,H
000127 4127 B5               4      OR  L
000128 4128 320CF3          13      LD  (IS_BIOS),A
00012B 412B 2006            12      JR  NZ,GENUINE
00012D 412D 2180F1          10      LD  HL,0F180H   ;C-BIOSの場合に補正する
000130 4130 229BF6          16      LD  (FRETOP),HL
       4133                     GENUINE:
000133 4133 ED52            15      SBC HL,DE
000135 4135 2272F6          16      LD  (MEMSIZ),HL
000138 4138 2A9BF6          16      LD  HL,(FRETOP)
00013B 413B ED52            15      SBC HL,DE
00013D 413D 229BF6          16      LD  (FRETOP),HL
000140 4140 2140EF          10      LD  HL,NEW_HIMEM
000143 4143 224AFC          16      LD  (HIMEM),HL
       4146                     INIT1:
000146 4146 AF               4      XOR A
000147 4147 32EAF2          13      LD  (_DVSW),A
00014A 414A 3D               4      DEC A       ;0FFH
00014B 414B 3299FD          13      LD  (DEVICE),A
                                #if exists _RAM64K
00014E 414E 215B5C          10      LD  HL,AT_ISC
000151 4151 1140EF          10      LD  DE,ISC
000154 4154 010E02          10      LD  BC,ISC_E-ISC
000157 4157 EDB0                    LDIR
                                #endif
000159 4159 C30043          10      JP  INIT_300
                                
0001BD 41BD                         ORG 041BDH
0001BD 41BD C9              10      RET
                                
                                    ;MBR_Partition1 (2DDのデータ)
0001BE 41BE 00                      DB  0       ;ブートフラグ
0001BF 41BF 000000                  DB  0,0,0       ;パーティションの最初のセクタ番号(CHS方式)
0001C2 41C2 01                      DB  1       ;識別子(FAT12)
0001C3 41C3 000000                  DB  0,0,0       ;パーティションの最後のセクタ番号(CHS方式)
0001C6 41C6 10000000                DW  16,0        ;パーティションの最初のセクタ番号(LBA方式)
0001CA 41CA A0050000                DW  1440,0      ;パーティション内のセクタ数(LBA方式)
                                
                                #if exists USE_NORMAL32K_OR_ASCII16
                                #else
                                    ;MBR_Partition2 (2DDのデータ)
0001CE 41CE 00                      DB  0       ;ブートフラグ
0001CF 41CF 000000                  DB  0,0,0       ;パーティションの最初のセクタ番号(CHS方式)
0001D2 41D2 01                      DB  1       ;識別子(FAT12)
0001D3 41D3 000000                  DB  0,0,0       ;パーティションの最後のセクタ番号(CHS方式)
0001D6 41D6 B0050000                DW  16+1440,0   ;パーティションの最初のセクタ番号(LBA方式)
0001DA 41DA A0050000                DW  1440,0      ;パーティション内のセクタ数(LBA方式)
                                #endif
                                
0001FE 41FE                         ORG 041FEH
0001FE 41FE 55AA                    DB  055H,0AAH   ;MBR_Sig
                                
                                    INCLUDE "TABLE.ASM"
       4200                     STABLE:
                                ;0
000200 4200 4056555686569C59        DW  _ERROR,_SYS01,_SYS02,_SYS03
000208 4208 405640568B56DA56        DW  _ERROR,_ERROR,_SYS06,_SYS07
000210 4210 9356CC562657FD57        DW  _SYS08,_SYS09,_SYS0A,_SYS0B
000218 4218 1C59225929593259        DW  _SYS0C,_SYS0D,_SYS0E,_SYS0F
                                ;1
000220 4220 97599F59E4599C59        DW  _SYS10,_SYS11,_SYS12,_SYS13
000228 4228 075A9C599C599C59        DW  _SYS14,_SYS15,_SYS16,_SYS17
000230 4230 205A265A2B5A315A        DW  _SYS18,_SYS19,_SYS1A,_SYS1B
000238 4238 4056205A40564056        DW  _ERROR,_SYS1D,_ERROR,_ERROR
                                ;2
000240 4240 4056665A9C59745A        DW  _ERROR,_SYS21,_SYS22,_SYS23
000248 4248 8D5A40569C59965A        DW  _SYS24,_ERROR,_SYS26,_SYS27
000250 4250 9C59DC5A0F589C59        DW  _SYS28,_SYS29,_SYS2A,_SYS2B
000258 4258 5F589C594056F75A        DW  _SYS2C,_SYS2D,_ERROR,_SYS2F
                                ;3
000260 4260 4056405640564056        DW  _ERROR,_ERROR,_ERROR,_ERROR
000268 4268 4056405640564056        DW  _ERROR,_ERROR,_ERROR,_ERROR
000270 4270 40569C599C594056        DW  _ERROR,_SYS39,_SYS3A,_ERROR
000278 4278 4056405640564056        DW  _ERROR,_ERROR,_ERROR,_ERROR
                                ;4
000280 4280 4056405640564056        DW  _ERROR,_ERROR,_ERROR,_ERROR
000288 4288 4056405640564056        DW  _ERROR,_ERROR,_ERROR,_ERROR
000290 4290 4056405640564056        DW  _ERROR,_ERROR,_ERROR,_ERROR
000298 4298 4056405640564056        DW  _ERROR,_ERROR,_ERROR,_ERROR
                                ;5
0002A0 42A0 4056405640564056        DW  _ERROR,_ERROR,_ERROR,_ERROR
0002A8 42A8 4056405640564056        DW  _ERROR,_ERROR,_ERROR,_ERROR
0002B0 42B0 4056FF5A115B1C5B        DW  _ERROR,_SYS59,_SYS5A,_SYS5B
0002B8 42B8 265B405640564056        DW  _SYS5C,_ERROR,_ERROR,_ERROR
                                ;6
0002C0 42C0 4056405640564056        DW  _ERROR,_ERROR,_ERROR,_ERROR
0002C8 42C8 4056405640564056        DW  _ERROR,_ERROR,_ERROR,_ERROR
0002D0 42D0 635B405640564056        DW  _SYS68,_ERROR,_ERROR,_ERROR
0002D8 42D8 4056405640565B5B        DW  _ERROR,_ERROR,_ERROR,_SYS6F
                                ;7
0002E0 42E0 4056405640564056        DW  _ERROR,_ERROR,_ERROR,_ERROR
0002E8 42E8 4056405640564056        DW  _ERROR,_ERROR,_ERROR,_ERROR
0002F0 42F0 4056405640564056        DW  _ERROR,_ERROR,_ERROR,_ERROR
0002F8 42F8 4056405640564056        DW  _ERROR,_ERROR,_ERROR,_ERROR
[EOF:TABLE.ASM:UTF_8]
                                    INCLUDE "INIT.ASM"
                                
                                ;   Tablacus DISK ROM - INIT
                                ;
       4300                     INIT_300:
000300 4300 3A0CF3          13      LD  A,(IS_BIOS)
000303 4303 21695E          10      LD  HL,AT_ISCB
000306 4306 1180F2          10      LD  DE,ISCB
000309 4309 018D00          10      LD  BC,ISCB_E-ISCB
00030C 430C EDB0                    LDIR
00030E 430E 320CF3          13      LD  (IS_BIOS),A
000311 4311 2AB1F6          16      LD  HL,(SAVSTK)
000314 4314 224BF3          16      LD  (0F34BH),HL
                                
000317 4317 3EC3             7      LD  A,0C3H      ;JP
000319 4319 3243FF          13      LD  (H_GONE),A
00031C 431C 327DF3          13      LD  (BDOS),A
00031F 431F 326BF3          13      LD  (RAMUSE),A
000322 4322 3268F3          13      LD  (ROMUSE),A
000325 4325 2180F2          10      LD  HL,REPLACE_COMMAND
000328 4328 2244FF          16      LD  (H_GONE+1),HL
00032B 432B 2131F3          10      LD  HL,H_BDOS
00032E 432E 227EF3          16      LD  (BDOS+1),HL
000331 4331 21ABF2          10      LD  HL,RAMUSE1
000334 4334 226CF3          16      LD  (RAMUSE+1),HL
000337 4337 21BBF2          10      LD  HL,ROMUSE1
00033A 433A 2269F3          16      LD  (ROMUSE+1),HL
                                
00033D 433D 3E                      DB  03EH
00033E 433E F7              12      RST 30H
00033F 433F 3271FE          13      LD  (H_BINS),A
000342 4342 3276FE          13      LD  (H_BINL),A
000345 4345 327BFE          13      LD  (H_FILE),A
000348 4348 3231F3          13      LD  (H_BDOS),A
00034B 434B 32A7FF          13      LD  (H_PHYD),A
                                
00034E 434E 2640             7      LD  H,040H
000350 4350 CD5B5C          17      CALL    AT_GETSLT
000353 4353 3297F2          13      LD  (ROM_SLT),A
000356 4356 32A7F2          13      LD  (ROM_SLT_COPY),A
000359 4359 3272FE          13      LD  (H_BINS+1),A
00035C 435C 3277FE          13      LD  (H_BINL+1),A
00035F 435F 327CFE          13      LD  (H_FILE+1),A
000362 4362 3232F3          13      LD  (H_BDOS+1),A
000365 4365 32A8FF          13      LD  (H_PHYD+1),A
000368 4368 3222FB          13      LD  (DRVTBL+1),A
00036B 436B 3248F3          13      LD  (MASTERS),A
00036E 436E 212C47          10      LD  HL,ROM_LOAD
000371 4371 2273FE          16      LD  (H_BINS+2),HL
000374 4374 21DC48          10      LD  HL,ROM_RUN
000377 4377 2278FE          16      LD  (H_BINL+2),HL
00037A 437A 21EA48          10      LD  HL,ROM_FILES
00037D 437D 227DFE          16      LD  (H_FILE+2),HL
000380 4380 214356          10      LD  HL,ROM_BDOS
000383 4383 2233F3          16      LD  (H_BDOS+2),HL
000386 4386 21B453          10      LD  HL,DISKIO
000389 4389 22A9FF          16      LD  (H_PHYD+2),HL
                                
00038C 438C 3E                      DB  03EH
00038D 438D C9              10      RET
00038E 438E 327FFE          13      LD  (H_FILE+4),A
000391 4391 3275FE          13      LD  (H_BINS+4),A
000394 4394 327AFE          13      LD  (H_BINL+4),A
000397 4397 3235F3          13      LD  (H_BDOS+4),A
00039A 439A 32DFFD          13      LD  (H_PINL+4),A
00039D 439D 32ABFF          13      LD  (H_PHYD+4),A
                                #if exists _RAM64K
0003A0 43A0 3ECD             7      LD  A,0CDH      ;CALL
0003A2 43A2 3230FE          13      LD  (H_MKI),A
0003A5 43A5 323FFE          13      LD  (H_CVI),A
0003A8 43A8 3212FE          13      LD  (H_DSKF),A
                                
0003AB 43AB 213CF1          10      LD  HL,CALL_RF
0003AE 43AE 2231FE          16      LD  (H_MKI+1),HL
0003B1 43B1 2240FE          16      LD  (H_CVI+1),HL
0003B4 43B4 2213FE          16      LD  (H_DSKF+1),HL
                                
0003B7 43B7 213C53          10      LD  HL,ROM_MKI
0003BA 43BA 2233FE          16      LD  (H_MKI+3),HL
0003BD 43BD 215A53          10      LD  HL,ROM_CVI
0003C0 43C0 2242FE          16      LD  (H_CVI+3),HL
0003C3 43C3 216D53          10      LD  HL,ROM_DSKF
0003C6 43C6 2215FE          16      LD  (H_DSKF+3),HL
                                #endif
0003C9 43C9 AF               4      XOR A
                                #if exists USE_NORMAL32K_OR_ASCII16
                                    LD  (ASCII16_BANK0_SEL),A       ;似非RAM対策でバンク0を設定
                                    LD  (ASCII16_BANK1_SEL),A       ;ASCII-16K
                                #else
0003CA 43CA 320060          13      LD  (BANK0_SEL),A           ;似非RAM対策でバンク0を設定
0003CD 43CD 320068          13      LD  (BANK1_SEL),A           ;ASCII-8K/Konami-8K
0003D0 43D0 320070          13      LD  (KONAMI_SCC_BANK1_SEL),A    ;Konami-8K/Konami-SCC
                                #endif
0003D3 43D3 3A0060          13      LD  A,(BANK1_ADR)
0003D6 43D6 FE41             7      CP  'A'
                                #if exists USE_NORMAL32K_OR_ASCII16
                                    JP  Z,NOT_BANK_TYPE
                                    LD  A,DISK_BANK
                                    LD  (ASCII16_BANK1_SEL),A       ;ASCII-16K
                                #else
0003D8 43D8 C2E644          10      JP  NZ,NOT_BANK_TYPE
0003DB 43DB 3E01             7      LD  A,DISK_BANK
0003DD 43DD 320068          13      LD  (BANK1_SEL),A           ;ASCII-8K/Konami-8K
0003E0 43E0 320070          13      LD  (KONAMI_SCC_BANK1_SEL),A    ;Konami-8K/Konami-SCC
                                #endif
0003E3 43E3 26C0             7      LD  H,0C0H
0003E5 43E5 CD5B5C          17      CALL    AT_GETSLT
0003E8 43E8 3244F3          13      LD  (RAMAD3),A
0003EB 43EB 2680             7      LD  H,080H
0003ED 43ED CD5B5C          17      CALL    AT_GETSLT
0003F0 43F0 CDF344          17      CALL    CHK_RAM
0003F3 43F3 3243F3          13      LD  (RAMAD2),A
       43F6                     RAMCHK2:
0003F6 43F6 3A44F3          13      LD  A,(RAMAD3)
0003F9 43F9 2640             7      LD  H,040H
0003FB 43FB CDF344          17      CALL    CHK_RAM
0003FE 43FE 3242F3          13      LD  (RAMAD1),A
       4401                     RAMCHK1:
000401 4401 3A44F3          13      LD  A,(RAMAD3)
000404 4404 2600             7      LD  H,00H
000406 4406 CDF344          17      CALL    CHK_RAM
000409 4409 3241F3          13      LD  (RAMAD0),A
       440C                     RAMCHK0:
00040C 440C 2A1360          16      LD  HL,(BANK1_ADR+19)   ;BPB_TotSec16
00040F 440F 010F00          10      LD  BC,0000FH       ;切り上げ
000412 4412 09              11      ADD HL,BC
000413 4413 7D               4      LD  A,L
                                
000414 4414 0604             7      LD  B,4
       4416                     B_DRIVE1:
000416 4416 CB3C             8      SRL H
000418 4418 1F               4      RRA
000419 4419 10FB            13      DJNZ    B_DRIVE1
                                
00041B 441B C601             7      ADD A,DISK_BANK     ;A=(TotSec16/16)+DISK_BANK
00041D 441D 32E9F2          13      LD  (B_DRIVE),A
                                
                                #if exists FIX_DRIVE
                                    LD  A,(B_DRIVE)
                                    CP  FIX_DRIVE
                                    JR  Z,OK_FIX_DRIVE
                                    LD  HL,MSG_ERROR_DRIVE
                                    CALL    MSX
                                    LD  A,(B_DRIVE)
                                    CALL    PRTHX
                                    LD  IX,CHGET
                                    CALL    CALSLT_R
                                    LD  HL,MSG_CRLF
                                    CALL    MSX
                                OK_FIX_DRIVE:
                                #endif
                                    ;拡張スロットの選択を設定する
000420 4420 3A97F2          13      LD  A,(ROM_SLT)
000423 4423 57               4      LD  D,A
000424 4424 E60C             7      AND 00CH
000426 4426 5F               4      LD  E,A
000427 4427 7A               4      LD  A,D
000428 4428 E603             7      AND 3
00042A 442A 87               4      ADD A,A
00042B 442B 87               4      ADD A,A
00042C 442C 87               4      ADD A,A
00042D 442D 37               4      SCF
00042E 442E 8F               4      ADC A,A
00042F 442F B3               4      OR  E
000430 4430 5F               4      LD  E,A
000431 4431 1600             7      LD  D,0
000433 4433 21C9FC          10      LD  HL,SLTATR
000436 4436 19              11      ADD HL,DE
000437 4437 3660            10      LD  (HL),060H
                                
000439 4439 3E01             7      LD  A,1
00043B 443B CD2F54          17      CALL    IS_BPB
00043E 443E 9F               4      SBC A,A
00043F 443F E602             7      AND 2
000441 4441 EE03             7      XOR 3
000443 4443 32F2F2          13      LD  (_LVECTOR),A
                                    ;CTRL+STOPを抑制する
000446 4446 3E01             7      LD  A,1
000448 4448 32B1FB          13      LD  (BASROM),A
                                
00044B 444B 3ACAFF          13      LD  A,(EXTBIO)
00044E 444E FEF7             7      CP  0F7H        ;RST 30H
000450 4450 280A            12      JR  Z,EXTBIO_OK
000452 4452 3E                      DB  03EH
000453 4453 C9              10      RET
000454 4454 21CAFF          10      LD  HL,EXTBIO
000457 4457 061D             7      LD  B,29
000459 4459 CD354D          17      CALL    FILL_MEMORY
       445C                     EXTBIO_OK:
00045C 445C AF               4      XOR A
00045D 445D 3240F3          13      LD  (REBOOT),A
000460 4460 2A48FC          16      LD  HL,(BOTTOM)
000463 4463 110040          10      LD  DE,16384
000466 4466 19              11      ADD HL,DE
000467 4467 DAE344          10      JP  C,BOOT1     ;RAM16KB以下の場合はブートセクタを実行しない
                                
                                ;   LD  E,A     ;すでにE=0
00046A 446A 57               4      LD  D,A
00046B 446B 0601             7      LD  B,1
00046D 446D 2100C0          10      LD  HL,FD_BOOT_START
000470 4470 CDB453          17      CALL    DISKIO
000473 4473 DA4655          10      JP  C,BASENT
                                
000476 4476 1168F3          10      LD  DE,ROMUSE
000479 4479 2123F3          10      LD  HL,DISKVE
00047C 447C AF               4      XOR A
00047D 447D CD1EC0          17      CALL    FD_BOOT_EXEC
                                #if exists _RAM64K
                                                ;64K版の場合はページ0をRAMに切り替えRAM側にインタースロットコールを入れる
000480 4480 3A41F3          13      LD  A,(RAMAD0)  ;ページ0をRAMに切り替える
000483 4483 CD2D5C          17      CALL    ENASLT_00H
                                
000486 4486 AF               4      XOR A
000487 4487 47               4      LD  B,A
000488 4488 67               4      LD  H,A
000489 4489 6F               4      LD  L,A
00048A 448A CD354D          17      CALL    FILL_MEMORY
                                
00048D 448D 3EC3             7      LD  A,0C3H      ;JP
                                                ;インタースロットコール
00048F 448F 21CFF0          10      LD  HL,RDSLT
000492 4492 320C00          13      LD  (_RDSLT),A
000495 4495 220D00          16      LD  (_RDSLT+1),HL
                                
000498 4498 21EDF0          10      LD  HL,WRSLT
00049B 449B 321400          13      LD  (_WRSLT),A
00049E 449E 221500          16      LD  (_WRSLT+1),HL
                                
0004A1 44A1 2181F0          10      LD  HL,CALSLT
0004A4 44A4 321C00          13      LD  (_CALSLT),A
0004A7 44A7 221D00          16      LD  (_CALSLT+1),HL
                                
0004AA 44AA 21D9EF          10      LD  HL,ENASLT
0004AD 44AD 322400          13      LD  (_ENASLT),A
0004B0 44B0 222500          16      LD  (_ENASLT+1),HL
                                
0004B3 44B3 2171F0          10      LD  HL,CALLF
0004B6 44B6 323000          13      LD  (_CALLF),A
0004B9 44B9 223100          16      LD  (_CALLF+1),HL
                                                ;割り込み
0004BC 44BC 2109F1          10      LD  HL,INT38H
0004BF 44BF 323800          13      LD  (00038H),A
0004C2 44C2 223900          16      LD  (00038H+1),HL
                                                ;インタースロットコールの補助
0004C5 44C5 214B5C          10      LD  HL,AT_3B
0004C8 44C8 113B00          10      LD  DE,ENASUB
0004CB 44CB 011000          10      LD  BC,AT_3B_E-AT_3B
0004CE 44CE EDB0                    LDIR
                                
0004D0 44D0 2A0D00          16      LD  HL,(_RDSLT+1)
0004D3 44D3 11CFF0          10      LD  DE,RDSLT
0004D6 44D6 AF               4      XOR A
0004D7 44D7 ED52            15      SBC HL,DE
0004D9 44D9 1168F3          10      LD  DE,ROMUSE
0004DC 44DC 2123F3          10      LD  HL,DISKVE
0004DF 44DF 37               4      SCF
0004E0 44E0 CC1EC0          17      CALL    Z,FD_BOOT_EXEC
                                #endif
       44E3                     BOOT1:
0004E3 44E3 C34655          10      JP  BASENT
                                
       44E6                     NOT_BANK_TYPE:
                                                ;ROMのタイプが違う
0004E6 44E6 21C040          10      LD  HL,MSG_ERROR_ROM_MODE
0004E9 44E9 CD9145          17      CALL    MSX
0004EC 44EC DD219F00        14      LD  IX,CHGET
0004F0 44F0 C37345          10      JP  CALSLT_R
                                
       44F3                     CHK_RAM:
0004F3 44F3 E5              11      PUSH    HL
0004F4 44F4 CD4A45          17      CALL    CHK_RAM0
0004F7 44F7 E1              10      POP HL
0004F8 44F8 C8              11      RET Z
0004F9 44F9 3AC1FC          13      LD  A,(EXPTBL)      ;スロット#0
0004FC 44FC E680             7      AND 080H
0004FE 44FE CD1F45          17      CALL    CHK_RAM_SLT
000501 4501 C8              11      RET Z
000502 4502 3AC2FC          13      LD  A,(EXPTBL+1)        ;スロット#1
000505 4505 E680             7      AND 080H
000507 4507 C601             7      ADD A,1
000509 4509 CD1F45          17      CALL    CHK_RAM_SLT
00050C 450C C8              11      RET Z
00050D 450D 3AC3FC          13      LD  A,(EXPTBL+2)        ;スロット#2
000510 4510 E680             7      AND 080H
000512 4512 C602             7      ADD A,2
000514 4514 CD1F45          17      CALL    CHK_RAM_SLT
000517 4517 C8              11      RET Z
000518 4518 3AC4FC          13      LD  A,(EXPTBL+3)        ;スロット#3
00051B 451B E680             7      AND 080H
00051D 451D C603             7      ADD A,3
       451F                     CHK_RAM_SLT:
00051F 451F E5              11      PUSH    HL
000520 4520 CD4A45          17      CALL    CHK_RAM0        ;スロット#X or X-0
000523 4523 E1              10      POP HL
000524 4524 C8              11      RET Z
000525 4525 CB79             8      BIT 7,C
000527 4527 281C            12      JR  Z,CHK_RAM_E     ;スロットは拡張されていない
000529 4529 79               4      LD  A,C
00052A 452A F604             7      OR  4           ;スロット#X-1
00052C 452C E5              11      PUSH    HL
00052D 452D CD4A45          17      CALL    CHK_RAM0
000530 4530 E1              10      POP HL
000531 4531 C8              11      RET Z
000532 4532 79               4      LD  A,C
000533 4533 F60C             7      OR  00CH            ;スロット#X-3
000535 4535 E5              11      PUSH    HL
000536 4536 CD4A45          17      CALL    CHK_RAM0
000539 4539 E1              10      POP HL
00053A 453A C8              11      RET Z
00053B 453B 79               4      LD  A,C
00053C 453C E6F3             7      AND 0F3H            ;スロット#X-2
00053E 453E F608             7      OR  8
000540 4540 E5              11      PUSH    HL
000541 4541 CD4A45          17      CALL    CHK_RAM0
000544 4544 E1              10      POP HL
       4545                     CHK_RAM_E:
000545 4545 AF               4      XOR A
000546 4546 3C               4      INC A           ;ZF=0にする
000547 4547 3E00             7      LD  A,0
000549 4549 C9              10      RET
                                
       454A                     CHK_RAM0:
00054A 454A 4F               4      LD  C,A
00054B 454B 2E00             7      LD  L,0
       454D                     CHK_RAM1:
00054D 454D 79               4      LD  A,C
00054E 454E CDC145          17      CALL    RDSLTX
000551 4551 C6E5             7      ADD A,0E5H
000553 4553 47               4      LD  B,A
000554 4554 5F               4      LD  E,A
000555 4555 79               4      LD  A,C
000556 4556 C5              11      PUSH    BC
000557 4557 CD1400          17      CALL    _WRSLT
00055A 455A C1              10      POP BC
00055B 455B 79               4      LD  A,C
00055C 455C CDC145          17      CALL    RDSLTX
00055F 455F B8               4      CP  B
000560 4560 C0              11      RET NZ
000561 4561 D6E5             7      SUB 0E5H
000563 4563 79               4      LD  A,C
000564 4564 5F               4      LD  E,A
000565 4565 C5              11      PUSH    BC
000566 4566 CD1400          17      CALL    _WRSLT
000569 4569 C1              10      POP BC
00056A 456A 24               4      INC H
00056B 456B 7D               4      LD  A,L
00056C 456C C604             7      ADD A,4
00056E 456E 6F               4      LD  L,A
00056F 456F 20DC            12      JR  NZ,CHK_RAM1
000571 4571 79               4      LD  A,C     ;ZF=1のハズ
000572 4572 C9              10      RET
                                
       4573                     CALSLT_R:
000573 4573 C5              11      PUSH    BC
000574 4574 E5              11      PUSH    HL
000575 4575 CD7B45          17      CALL    CALSLT_BIOS_PAGE0
000578 4578 E1              10      POP HL
000579 4579 C1              10      POP BC
00057A 457A C9              10      RET
                                
       457B                     CALSLT_BIOS_PAGE0:
00057B 457B F5              11      PUSH    AF
00057C 457C 3A0000          13      LD  A,(0000H)
00057F 457F FEF3             7      CP  0F3H        ;0000H が DI の場合はページ0を BIOS ROM とみなす
000581 4581 2808            12      JR  Z,CALSLT_R2
000583 4583 F1              10      POP AF
       4584                     CALSLT_BIOS:
000584 4584 FD2AC0FC        20      LD  IY,(EXPTBL-1) ;メインROMスロット
000588 4588 C31C00          10      JP  _CALSLT
       458B                     CALSLT_R2:
00058B 458B F1              10      POP AF
00058C 458C DDE9             8      JP  (IX)
                                
       458E                     MSX1:
00058E 458E CD5C56          17      CALL    MSGA1
       4591                     MSX:
000591 4591 7E               7      LD  A,(HL)
000592 4592 23               6      INC HL
000593 4593 B7               4      OR  A
000594 4594 20F8            12      JR  NZ,MSX1
000596 4596 C9              10      RET
                                
       4597                     PRTHX:
000597 4597 F5              11      PUSH    AF
000598 4598 07               4      RLCA
000599 4599 07               4      RLCA
00059A 459A 07               4      RLCA
00059B 459B 07               4      RLCA
00059C 459C CDA045          17      CALL    PRTA2
00059F 459F F1              10      POP AF
       45A0                     PRTA2:
0005A0 45A0 CDA645          17      CALL    ASC
0005A3 45A3 C35856          10      JP  MSG_A
                                
       45A6                     ASC:
0005A6 45A6 E60F             7      AND 0FH
0005A8 45A8 C630             7      ADD A,'0'
0005AA 45AA FE3A             7      CP  '9'+1
0005AC 45AC D8              11      RET C
0005AD 45AD C607             7      ADD A,7
0005AF 45AF C9              10      RET
                                
       45B0                     MSN:
                                #if exists USE_NORMAL32K_OR_ASCII16
                                    CALL    RDSLT_ROM
                                #else
0005B0 45B0 7E               7      LD  A,(HL)
                                #endif
0005B1 45B1 23               6      INC HL
0005B2 45B2 CD5856          17      CALL    MSG_A
0005B5 45B5 10F9            13      DJNZ    MSN
0005B7 45B7 C9              10      RET
                                
       45B8                     RDSLT_ROM3:
0005B8 45B8 7E               7      LD  A,(HL)
0005B9 45B9 C9              10      RET
       45BA                     RDSLT_ROM:
0005BA 45BA CB7C             8      BIT 7,H
0005BC 45BC 28FA            12      JR  Z,RDSLT_ROM3
       45BE                     RDSLT_ROM2:
0005BE 45BE 3A97F2          13      LD  A,(ROM_SLT)
       45C1                     RDSLTX:
0005C1 45C1 C5              11      PUSH    BC
0005C2 45C2 D5              11      PUSH    DE
0005C3 45C3 CD0C00          17      CALL    _RDSLT
0005C6 45C6 D1              10      POP DE
0005C7 45C7 C1              10      POP BC
0005C8 45C8 C9              10      RET
                                
[EOF:INIT.ASM:UTF_8]
                                    INCLUDE "FILE.ASM"
                                ;
                                ;   ディスクからメモリへの転送
                                ;
       45C9                     ROM_LDIR:
0005C9 45C9 3AD6F2          13      LD  A,(FLG_LDIR)
0005CC 45CC B7               4      OR  A
0005CD 45CD 2008            12      JR  NZ,ROM_LDIRVM
0005CF 45CF CB7A             8      BIT 7,D
0005D1 45D1 CAE545          10      JP  Z,ROM_LDIRSLT
                                ;
                                ;   ページ2/ページ3
                                ;
                                #if exists USE_NORMAL32K_OR_ASCII16
                                    DI
                                    LD  (_SP),SP
                                    LD  A,(_SP_H)
                                    CP  0C0H
                                    JR  NC,SPJ1
                                    LD  SP,SPBUF
                                SPJ1:
                                LDIR_PAGE2_1:
                                    LD  A,B
                                    OR  C
                                    JR  Z,LDIRE
                                
                                    PUSH    BC
                                    PUSH    DE
                                    PUSH    HL
                                    LD  A,(ROM_SLT)
                                    LD  H,080H
                                    CALL    _ENASLT
                                    POP HL
                                    POP DE
                                    POP BC
                                LDIR_PAGE2_2:
                                    BIT 6,D
                                    JR  NZ,LDIR_PAGE2_4
                                
                                    PUSH    BC
                                    PUSH    DE
                                    LD  DE,BUF
                                
                                    LD  A,B
                                    OR  A
                                    JR  Z,LDIR_PAGE2_3
                                    LD  BC,00100H       ;B != 0 の場合は256バイトずつ転送
                                LDIR_PAGE2_3:
                                    PUSH    BC
                                    LDIR
                                    LD  (_HL),HL
                                
                                    LD  A,(RAMAD2)
                                    LD  H,080H
                                    CALL    _ENASLT
                                
                                    POP BC
                                    POP DE
                                    LD  HL,BUF
                                    LDIR
                                
                                    LD  HL,(_HL)
                                    POP BC
                                    LD  A,B
                                    OR  A
                                    JR  Z,LDIRE
                                    DEC B
                                    JR  LDIR_PAGE2_1
                                LDIR_PAGE2_4:               ;ページ3
                                #endif
0005D4 45D4 EDB0                    LDIR
                                
                                #if exists USE_NORMAL32K_OR_ASCII16
                                LDIRE2:
                                    PUSH    DE
                                    PUSH    HL
                                    LD  A,(RAMAD2)
                                    LD  H,080H
                                    CALL    _ENASLT
                                    POP HL
                                    POP DE
                                LDIRE:
                                    LD  SP,(_SP)
                                #else
       45D6                     LDIRE2:
                                #endif
0005D6 45D6 C9              10      RET
                                ;
                                ;   ディスクからV-RAMへの転送
                                ;
       45D7                     ROM_LDIRVM:
                                #if exists USE_NORMAL32K_OR_ASCII16
                                    DI
                                    LD  (_SP),SP
                                    LD  A,(_SP_H)
                                    CP  0C0H
                                    JR  NC,SPJ2
                                    LD  SP,SPBUF
                                SPJ2:
                                    PUSH    BC
                                    PUSH    DE
                                    PUSH    HL
                                    LD  A,(ROM_SLT)
                                    LD  H,080H
                                    CALL    _ENASLT
                                    POP HL
                                    POP DE
                                    POP BC
                                #endif
0005D7 45D7 C5              11      PUSH    BC
0005D8 45D8 D5              11      PUSH    DE
0005D9 45D9 DD215C00        14      LD  IX,LDIRVM
0005DD 45DD CD7B45          17      CALL    CALSLT_BIOS_PAGE0
0005E0 45E0 E1              10      POP HL
0005E1 45E1 C1              10      POP BC
0005E2 45E2 09              11      ADD HL,BC
0005E3 45E3 EB               4      EX  DE,HL
                                #if exists USE_NORMAL32K_OR_ASCII16
                                    JR  LDIRE2
                                #else
0005E4 45E4 C9              10      RET
                                #endif
                                ;
                                ;   ページ0/ページ1
                                ;
       45E5                     ROM_LDIRSLT:
                                #if exists USE_NORMAL32K_OR_ASCII16
                                    DI
                                    LD  (_SP),SP
                                    LD  A,(_SP_H)
                                    CP  0C0H
                                    JR  NC,SPJ3
                                    LD  SP,SPBUF
                                SPJ3:
                                    PUSH    BC
                                    PUSH    DE
                                    PUSH    HL
                                    LD  A,(ROM_SLT)
                                    LD  H,080H
                                    CALL    _ENASLT
                                    POP HL
                                    POP DE
                                    POP BC
                                #endif
                                                ;ページ0
0005E5 45E5 3A0000          13      LD  A,(0000H)
0005E8 45E8 FEF3             7      CP  0F3H        ;0000H が DI じゃない場合はページ0は RAM とみなす
0005EA 45EA 280A            12      JR  Z,LDIR_PAGE0_SLT
       45EC                     LDIR_PAGE0_1:
0005EC 45EC CB72             8      BIT 6,D
0005EE 45EE 2022            12      JR  NZ,LDIR_PAGE1
0005F0 45F0 EDA0            16      LDI         ;ページ0 直接転送
0005F2 45F2 EAEC45          10      JP  PE,LDIR_PAGE0_1
                                #if exists USE_NORMAL32K_OR_ASCII16
                                    JP  LDIRE2
                                #else
0005F5 45F5 C9              10      RET
                                #endif
                                
       45F6                     LDIR_PAGE0_SLT:     ;ページ0 WRSLTを使用
0005F6 45F6 EB               4      EX  DE,HL       ;転送方向(DE)→(HL)
       45F7                     LDIR_PAGE0_SLT1:
0005F7 45F7 CB74             8      BIT 6,H
0005F9 45F9 2016            12      JR  NZ,LDIR_PAGE1_DEHL
0005FB 45FB 1A               7      LD  A,(DE)
0005FC 45FC 13               6      INC DE
0005FD 45FD D5              11      PUSH    DE
0005FE 45FE 5F               4      LD  E,A
0005FF 45FF E5              11      PUSH    HL
000600 4600 C5              11      PUSH    BC
000601 4601 3A41F3          13      LD  A,(RAMAD0)
000604 4604 CD1400          17      CALL    _WRSLT
000607 4607 C1              10      POP BC
000608 4608 E1              10      POP HL
000609 4609 D1              10      POP DE
00060A 460A EDA1            16      CPI         ;HL=HL+1 BC=BC-1 BCが0の場合にP/V=0
00060C 460C EAF745          10      JP  PE,LDIR_PAGE0_SLT1
00060F 460F EB               4      EX  DE,HL       ;転送方向(HL)→(DE)
                                #if exists USE_NORMAL32K_OR_ASCII16
                                    JP  LDIRE2
                                #else
000610 4610 C9              10      RET
                                #endif
                                
                                #if exists _RAM64K
       4611                     LDIR_PAGE1_DEHL:
000611 4611 EB               4      EX  DE,HL       ;転送方向(HL)→(DE)
       4612                     LDIR_PAGE1:         ;ページ1
000612 4612 78               4      LD  A,B
000613 4613 B1               4      OR  C
000614 4614 CAD645          10      JP  Z,LDIRE2
                                
000617 4617 7A               4      LD  A,D
000618 4618 FE7F             7      CP  07FH        ;ページ2と被る可能性？($7FXX)
00061A 461A 380F            12      JR  C,LDIR_PAGE1_2
00061C 461C 87               4      ADD A,A
00061D 461D DA6B46          10      JP  C,LDIR_PAGE2_1  ;ページ2へ
000620 4620 78               4      LD  A,B
000621 4621 B7               4      OR  A
000622 4622 7B               4      LD  A,E
000623 4623 2803            12      JR  Z,LDIR_PAGE1_1
000625 4625 B7               4      OR  A           ;B != 0 の場合は256バイト転送
000626 4626 2027            12      JR  NZ,LDIR_PAGE1_SLT_HLDE  ;被る
       4628                     LDIR_PAGE1_1:
000628 4628 81               4      ADD A,C
000629 4629 3824            12      JR  C,LDIR_PAGE1_SLT_HLDE   ;被る
       462B                     LDIR_PAGE1_2:
00062B 462B C5              11      PUSH    BC
00062C 462C D5              11      PUSH    DE
00062D 462D 115EF5          10      LD  DE,BUF
                                
000630 4630 78               4      LD  A,B
000631 4631 B7               4      OR  A
000632 4632 2803            12      JR  Z,LDIR_PAGE1_3
000634 4634 010001          10      LD  BC,00100H       ;B != 0 の場合は256バイトずつ転送
       4637                     LDIR_PAGE1_3:
000637 4637 C5              11      PUSH    BC
000638 4638 EDB0                    LDIR
00063A 463A 22FCF2          16      LD  (_HL),HL
                                
00063D 463D 3A42F3          13      LD  A,(RAMAD1)
000640 4640 C329F1          10      JP  LDIR_PAGE1_RAM      ;ページ1をRAMにする処理はページ3にある
       4643                     LDIR_PAGE1_ROM:
000643 4643 2AFCF2          16      LD  HL,(_HL)
000646 4646 C1              10      POP BC
000647 4647 78               4      LD  A,B
000648 4648 B7               4      OR  A
000649 4649 CAD645          10      JP  Z,LDIRE2
00064C 464C 05               4      DEC B
00064D 464D 18C3            12      JR  LDIR_PAGE1
                                
       464F                     LDIR_PAGE1_SLT_HLDE:
00064F 464F EB               4      EX  DE,HL       ;転送方向(DE)→(HL)
                                #else
                                LDIR_PAGE1:         ;ページ1 WRSLTを使用
                                LDIR_PAGE1_HLDE:
                                    EX  DE,HL       ;転送方向(DE)→(HL)
                                LDIR_PAGE1_DEHL:
                                #endif
       4650                     LDIR_PAGE1_SLT1:
000650 4650 CB7C             8      BIT 7,H
000652 4652 2016            12      JR  NZ,LDIR_PAGE2_HLDE
000654 4654 1A               7      LD  A,(DE)
000655 4655 13               6      INC DE
000656 4656 D5              11      PUSH    DE
000657 4657 5F               4      LD  E,A
000658 4658 E5              11      PUSH    HL
000659 4659 C5              11      PUSH    BC
00065A 465A 3A42F3          13      LD  A,(RAMAD1)
00065D 465D CD1400          17      CALL    _WRSLT
000660 4660 C1              10      POP BC
000661 4661 E1              10      POP HL
000662 4662 D1              10      POP DE
000663 4663 EDA1            16      CPI         ;HL=HL+1 BC=BC-1 BCが0の場合にP/V=0
000665 4665 EA5046          10      JP  PE,LDIR_PAGE1_SLT1
000668 4668 EB               4      EX  DE,HL       ;転送方向(HL)→(DE)
                                #if exists USE_NORMAL32K_OR_ASCII16
                                    JP  LDIRE2
                                LDIR_PAGE2_HLDE:            ;ページ2
                                    EX  DE,HL       ;転送方向(HL)→(DE)
                                    JP  LDIR_PAGE2_1
                                #else
000669 4669 C9              10      RET
       466A                     LDIR_PAGE2_HLDE:            ;ページ2
00066A 466A EB               4      EX  DE,HL       ;転送方向(HL)→(DE)
       466B                     LDIR_PAGE2_1:
00066B 466B EDB0                    LDIR
00066D 466D C9              10      RET
                                #endif
                                ;
                                ;   BASIC関連
                                ;
       466E                     END_OF_LINE:
00066E 466E 215EF5          10      LD  HL,BUF
       4671                     EOL1:
000671 4671 7E               7      LD  A,(HL)
000672 4672 C8              11      RET Z
000673 4673 FE0D             7      CP  00DH
000675 4675 2807            12      JR  Z,EOLE
000677 4677 FE0A             7      CP  00AH
000679 4679 2803            12      JR  Z,EOLE
00067B 467B 23               6      INC HL
00067C 467C 18F3            12      JR  EOL1
       467E                     EOLE:
00067E 467E 3600            10      LD  (HL),0
000680 4680 23               6      INC HL
000681 4681 7E               7      LD  A,(HL)
000682 4682 FE0A             7      CP  00AH
000684 4684 C0              11      RET NZ
000685 4685 23               6      INC HL
000686 4686 C9              10      RET
                                ;
                                ;   アスキー形式のファイルを読み込む
                                ;
       4687                     ROM_LOAD_ASCII:
000687 4687 210000          10      LD  HL,0
00068A 468A 22DAF2          16      LD  (_BUF_ST),HL    ;読み出し位置
00068D 468D 2A76F6          16      LD  HL,(TXTTAB)
000690 4690 22DCF2          16      LD  (_BUF_EN),HL    ;書き出し位置
                                
000693 4693 215EF5          10      LD  HL,BUF
000696 4696 22D4F2          16      LD  (_DTA),HL
       4699                     RLOAD_A1:
000699 4699 2ADAF2          16      LD  HL,(_BUF_ST)
00069C 469C 22CAF2          16      LD  (RR_LOW),HL
00069F 469F 210201          10      LD  HL,258
0006A2 46A2 CDAF4B          17      CALL    ROM_READ
0006A5 46A5 7C               4      LD  A,H
0006A6 46A6 B5               4      OR  L
0006A7 46A7 2875            12      JR  Z,RLOAD_AEND
0006A9 46A9 015EF5          10      LD  BC,BUF
0006AC 46AC 09              11      ADD HL,BC
0006AD 46AD 3600            10      LD  (HL),0
0006AF 46AF CD6E46          17      CALL    END_OF_LINE
0006B2 46B2 015EF5          10      LD  BC,BUF
0006B5 46B5 A7               4      AND A
0006B6 46B6 ED42            15      SBC HL,BC
0006B8 46B8 2810            12      JR  Z,RLOAD_A2
0006BA 46BA 4D               4      LD  C,L
0006BB 46BB 44               4      LD  B,H
0006BC 46BC ED5BDAF2        20      LD  DE,(_BUF_ST)
0006C0 46C0 19              11      ADD HL,DE
0006C1 46C1 22DAF2          16      LD  (_BUF_ST),HL
0006C4 46C4 3A5EF5          13      LD  A,(BUF)
0006C7 46C7 B7               4      OR  A
0006C8 46C8 28CF            12      JR  Z,RLOAD_A1
       46CA                     RLOAD_A2:
0006CA 46CA 115EF5          10      LD  DE,BUF
0006CD 46CD CD704D          17      CALL    SPCUTEX
0006D0 46D0 1A               7      LD  A,(DE)
0006D1 46D1 B7               4      OR  A
0006D2 46D2 284A            12      JR  Z,RLOAD_AEND
0006D4 46D4 CD824D          17      CALL    GETNUM
0006D7 46D7 7C               4      LD  A,H
0006D8 46D8 B5               4      OR  L
0006D9 46D9 CAF547          10      JP  Z,ERROR_DIRECT_IN_FILE
0006DC 46DC DD2ADCF2        20      LD  IX,(_BUF_EN)
0006E0 46E0 DD7502          19      LD  (IX+2),L
0006E3 46E3 DD7403          19      LD  (IX+3),H
                                
0006E6 46E6 CD694D          17      CALL    SPCUT
0006E9 46E9 EB               4      EX  DE,HL
0006EA 46EA DDE5            15      PUSH    IX
0006EC 46EC DD21B242        14      LD  IX,CRUNCH
0006F0 46F0 CD8445          17      CALL    CALSLT_BIOS
0006F3 46F3 DDE1            14      POP IX
0006F5 46F5 EB               4      EX  DE,HL
0006F6 46F6 111FF4          10      LD  DE,KBUF
0006F9 46F9 37               4      SCF
0006FA 46FA ED52            15      SBC HL,DE
0006FC 46FC CAF547          10      JP  Z,ERROR_DIRECT_IN_FILE
0006FF 46FF DAF547          10      JP  C,ERROR_DIRECT_IN_FILE
000702 4702 4D               4      LD  C,L
000703 4703 44               4      LD  B,H
000704 4704 2ADCF2          16      LD  HL,(_BUF_EN)
000707 4707 110400          10      LD  DE,4
00070A 470A 19              11      ADD HL,DE
00070B 470B 111FF4          10      LD  DE,KBUF
                                
00070E 470E EB               4      EX  DE,HL
00070F 470F EDB0                    LDIR
000711 4711 EB               4      EX  DE,HL
                                
000712 4712 DD7500          19      LD  (IX+0),L
000715 4715 DD7401          19      LD  (IX+1),H
000718 4718 22DCF2          16      LD  (_BUF_EN),HL
00071B 471B C39946          10      JP  RLOAD_A1
                                
       471E                     RLOAD_AEND:
00071E 471E 2ADCF2          16      LD  HL,(_BUF_EN)
000721 4721 AF               4      XOR A
000722 4722 77               7      LD  (HL),A
000723 4723 23               6      INC HL
000724 4724 77               7      LD  (HL),A
000725 4725 23               6      INC HL
000726 4726 22DCF2          16      LD  (_BUF_EN),HL
000729 4729 C3B847          10      JP  RLOAD_END1
                                
       472C                     ROM_LOAD:
00072C 472C CD5649          17      CALL    INIT_PARAM
00072F 472F 7E               7      LD  A,(HL)
000730 4730 FE2C             7      CP  ','
000732 4732 2003            12      JR  NZ,ROM_LOAD0
000734 4734 23               6      INC HL
000735 4735 7E               7      LD  A,(HL)
000736 4736 2B               6      DEC HL
       4737                     ROM_LOAD0:
000737 4737 32BEFC          13      LD  (RUNBNF),A
00073A 473A CD504C          17      CALL    FILE_B
00073D 473D 3A01F3          13      LD  A,(FNAME)
000740 4740 FE20             7      CP  020H
000742 4742 CA4B4C          10      JP  Z,ROM_ORG
                                
000745 4745 CDD94D          17      CALL    ROM_OPEN
000748 4748 DA0148          10      JP  C,ERROR_FILE_NOT_FOUND
       474B                     ROM_LOAD1:
00074B 474B 21D9F2          10      LD  HL,_BUF
00074E 474E 22D4F2          16      LD  (_DTA),HL
000751 4751 210100          10      LD  HL,1            ;ヘッダを1バイト読み込む
000754 4754 CDAF4B          17      CALL    ROM_READ
000757 4757 3AD9F2          13      LD  A,(_BUF)
00075A 475A 3C               4      INC A
00075B 475B C28746          10      JP  NZ,ROM_LOAD_ASCII
00075E 475E 2A76F6          16      LD  HL,(TXTTAB)
000761 4761 22D4F2          16      LD  (_DTA),HL
000764 4764 EB               4      EX  DE,HL
000765 4765 2100FF          10      LD  HL,-256
000768 4768 39              11      ADD HL,SP
000769 4769 ED52            15      SBC HL,DE
00076B 476B CDAF4B          17      CALL    ROM_READ
00076E 476E ED5BD4F2        20      LD  DE,(_DTA)
000772 4772 19              11      ADD HL,DE
000773 4773 E5              11      PUSH    HL
000774 4774 2A76F6          16      LD  HL,(TXTTAB)
       4777                     ROM_LOAD2:          ;リンクポインタをFIX
000777 4777 E5              11      PUSH    HL
000778 4778 DDE1            14      POP IX
00077A 477A 7E               7      LD  A,(HL)      ;リンクポインタL
00077B 477B 23               6      INC HL
00077C 477C B6               7      OR  (HL)        ;リンクポインタH
00077D 477D 23               6      INC HL
00077E 477E 2837            12      JR  Z,RLOAD_END0
000780 4780 23               6      INC HL      ;行番号
000781 4781 23               6      INC HL      ;行番号
       4782                     ROM_LOAD3:
000782 4782 7E               7      LD  A,(HL)
000783 4783 23               6      INC HL
000784 4784 FE0B             7      CP  00BH        ;8進数(&O)
000786 4786 2822            12      JR  Z,INC_HL2
000788 4788 FE0C             7      CP  00CH        ;16進数(&H)
00078A 478A 281E            12      JR  Z,INC_HL2
00078C 478C FE0D             7      CP  00DH        ;行番号(RUN後)
00078E 478E 281A            12      JR  Z,INC_HL2
000790 4790 FE0E             7      CP  00EH        ;行番号(RUN前)
000792 4792 2816            12      JR  Z,INC_HL2
000794 4794 FE0F             7      CP  00FH        ;10～255の整数(%)
000796 4796 2813            12      JR  Z,INC_HL1
000798 4798 FE1C             7      CP  01CH        ;256～65535の整数(%)
00079A 479A 280E            12      JR  Z,INC_HL2
00079C 479C FE1D             7      CP  01DH        ;単精度実数(!)
00079E 479E 2808            12      JR  Z,INC_HL4
0007A0 47A0 FE1F             7      CP  01FH        ;倍制度実数(#)
0007A2 47A2 2008            12      JR  NZ,INC_HL0
0007A4 47A4 23               6      INC HL
0007A5 47A5 23               6      INC HL
0007A6 47A6 23               6      INC HL
0007A7 47A7 23               6      INC HL
       47A8                     INC_HL4:
0007A8 47A8 23               6      INC HL
0007A9 47A9 23               6      INC HL
       47AA                     INC_HL2:
0007AA 47AA 23               6      INC HL
       47AB                     INC_HL1:
0007AB 47AB 23               6      INC HL
       47AC                     INC_HL0:
0007AC 47AC B7               4      OR  A
0007AD 47AD 20D3            12      JR  NZ,ROM_LOAD3
0007AF 47AF DD7500          19      LD  (IX+0),L
0007B2 47B2 DD7401          19      LD  (IX+1),H
0007B5 47B5 18C0            12      JR  ROM_LOAD2
       47B7                     RLOAD_END0:
0007B7 47B7 E1              10      POP HL
       47B8                     RLOAD_END1:
0007B8 47B8 22C2F6          16      LD  (VARTAB),HL
0007BB 47BB 22C4F6          16      LD  (ARYTAB),HL
0007BE 47BE 22C6F6          16      LD  (STREND),HL
                                
0007C1 47C1 3ABEFC          13      LD  A,(RUNBNF)
0007C4 47C4 CDC34D          17      CALL    CAP
0007C7 47C7 FE52             7      CP  'R'
0007C9 47C9 280E            12      JR  Z,RLOAD_END2
0007CB 47CB AF               4      XOR A
0007CC 47CC 21DCF2          10      LD  HL,_BUF+3
0007CF 47CF 77               7      LD  (HL),A      ;3
0007D0 47D0 2B               6      DEC HL
0007D1 47D1 77               7      LD  (HL),A      ;2
0007D2 47D2 2B               6      DEC HL
0007D3 47D3 77               7      LD  (HL),A      ;1
0007D4 47D4 2B               6      DEC HL
0007D5 47D5 3E8F             7      LD  A,08FH      ;REM
0007D7 47D7 77               7      LD  (HL),A      ;0
0007D8 47D8 C9              10      RET
       47D9                     RLOAD_END2:
0007D9 47D9 D5              11      PUSH    DE
0007DA 47DA ED5B76F6        20      LD  DE,(TXTTAB)
0007DE 47DE 1B               6      DEC DE
0007DF 47DF AF               4      XOR A
0007E0 47E0 21DFF2          10      LD  HL,_BUF+6
0007E3 47E3 77               7      LD  (HL),A      ;6
0007E4 47E4 2B               6      DEC HL
0007E5 47E5 77               7      LD  (HL),A      ;5
0007E6 47E6 2B               6      DEC HL
0007E7 47E7 77               7      LD  (HL),A      ;4
0007E8 47E8 2B               6      DEC HL
0007E9 47E9 72               7      LD  (HL),D      ;3 行番号H
0007EA 47EA 2B               6      DEC HL
0007EB 47EB 73               7      LD  (HL),E      ;2 行番号L
0007EC 47EC 2B               6      DEC HL
0007ED 47ED 360D            10      LD  (HL),00DH   ;1 行番号(RUN後)
0007EF 47EF 2B               6      DEC HL
0007F0 47F0 3E89             7      LD  A,089H      ;GOTO
0007F2 47F2 77               7      LD  (HL),A      ;0
0007F3 47F3 D1              10      POP DE
0007F4 47F4 C9              10      RET
                                
       47F5                     ERROR_DIRECT_IN_FILE:
0007F5 47F5 1E39             7      LD  E,57            ;Direct statement in file
0007F7 47F7 01                      DB  1           ;LD BC,
       47F8                     ERROR_DEVICE_IO_ERROR:
0007F8 47F8 1E13             7      LD  E,19            ;Device I/O error
0007FA 47FA 01                      DB  1           ;LD BC,
       47FB                     ERROR_INTERNAL_ERROR:
0007FB 47FB 1E33             7      LD  E,51            ;Internal error
0007FD 47FD 01                      DB  1           ;LD BC,
       47FE                     ERROR_FILE_NOT_OPEN:
0007FE 47FE 1E3B             7      LD  E,59            ;File not OPEN
000800 4800 01                      DB  1           ;LD BC,
       4801                     ERROR_FILE_NOT_FOUND:
000801 4801 1E35             7      LD  E,53            ;File not found
       4803                     ERROR:
000803 4803 DD216F40        14      LD  IX,ERRHAND
000807 4807 C38445          10      JP  CALSLT_BIOS
                                
       480A                     ROM_BLOAD:
00080A 480A CD5649          17      CALL    INIT_PARAM
00080D 480D CD504C          17      CALL    FILE_B
000810 4810 CDD94D          17      CALL    ROM_OPEN
000813 4813 38EC            12      JR  C,ERROR_FILE_NOT_FOUND
                                
000815 4815 21D9F2          10      LD  HL,_BUF
000818 4818 22D4F2          16      LD  (_DTA),HL
00081B 481B 210700          10      LD  HL,7            ;ヘッダを7バイト読み込む
00081E 481E CDAF4B          17      CALL    ROM_READ
000821 4821 3AD9F2          13      LD  A,(_BUF)
000824 4824 FEFE             7      CP  0FEH
000826 4826 20D6            12      JR  NZ,ERROR_FILE_NOT_OPEN
                                
000828 4828 21A5F2          10      LD  HL,BLOAD_RET
00082B 482B 229DF2          16      LD  (SWC_BLOAD),HL
                                
00082E 482E 2AF7F2          16      LD  HL,(PARAM1)
000831 4831 7E               7      LD  A,(HL)
000832 4832 FE2C             7      CP  ','
000834 4834 204C            12      JR  NZ,RBREAD_MEM
000836 4836 23               6      INC HL
000837 4837 7E               7      LD  A,(HL)
000838 4838 CDC34D          17      CALL    CAP
00083B 483B 32BEFC          13      LD  (RUNBNF),A
00083E 483E FE52             7      CP  'R'     ;R,Sスイッチじゃ無い場合はオフセット値として処理する
000840 4840 2808            12      JR  Z,RBOS1
000842 4842 FE53             7      CP  'S'
000844 4844 2804            12      JR  Z,RBOS1
000846 4846 FE2C             7      CP  ','
000848 4848 200D            12      JR  NZ,RBOS2
       484A                     RBOS1:
00084A 484A 7E               7      LD  A,(HL)
00084B 484B 23               6      INC HL
00084C 484C B7               4      OR  A
00084D 484D 2820            12      JR  Z,RBREAD_OSE
00084F 484F FE3A             7      CP  ':'
000851 4851 281C            12      JR  Z,RBREAD_OSE
000853 4853 FE2C             7      CP  ','     ;次のパラメータを探す
000855 4855 20F3            12      JR  NZ,RBOS1
       4857                     RBOS2:              ;オフセット
000857 4857 22F7F2          16      LD  (PARAM1),HL
00085A 485A 7E               7      LD  A,(HL)
00085B 485B B7               4      OR  A
00085C 485C 2811            12      JR  Z,RBREAD_OSE
00085E 485E DD212F54        14      LD  IX,FRMQNT
000862 4862 CD8445          17      CALL    CALSLT_BIOS
000865 4865 22F7F2          16      LD  (PARAM1),HL
000868 4868 2ADAF2          16      LD  HL,(_BUF_ST)
00086B 486B 19              11      ADD HL,DE
00086C 486C 22DAF2          16      LD  (_BUF_ST),HL
       486F                     RBREAD_OSE:
00086F 486F 3ABEFC          13      LD  A,(RUNBNF)
000872 4872 FE53             7      CP  'S'
000874 4874 200C            12      JR  NZ,RBREAD_MEM
000876 4876 3A2D00          13      LD  A,(0002DH)  ;MSX version number
000879 4879 B7               4      OR  A       ;A=0 MSX1
00087A 487A C43D4B          17      CALL    NZ,WAIT_VDP ;MSX2以上はVDPのBUSYを待つ (MSX1は無限ループになってしまう)
00087D 487D 3E01             7      LD  A,1
00087F 487F 32D6F2          13      LD  (FLG_LDIR),A
       4882                     RBREAD_MEM:
000882 4882 2ADAF2          16      LD  HL,(_BUF_ST)
000885 4885 22BFFC          16      LD  (SAVENT),HL
000888 4888 22D4F2          16      LD  (_DTA),HL
00088B 488B 21FFFF          10      LD  HL,0FFFFH
00088E 488E CDAF4B          17      CALL    ROM_READ
000891 4891 AF               4      XOR A
000892 4892 32D6F2          13      LD  (FLG_LDIR),A
000895 4895 3ABEFC          13      LD  A,(RUNBNF)
000898 4898 FE52             7      CP  'R'
00089A 489A 2006            12      JR  NZ,RBREAD1
00089C 489C 2ADEF2          16      LD  HL,(_BUF_EX)
00089F 489F 229DF2          16      LD  (SWC_BLOAD),HL
       48A2                     RBREAD1:
       48A2                     ROM_NEXT:
0008A2 48A2 2AF7F2          16      LD  HL,(PARAM1)
0008A5 48A5 7E               7      LD  A,(HL)
0008A6 48A6 2B               6      DEC HL
0008A7 48A7 B7               4      OR  A
0008A8 48A8 2805            12      JR  Z,ROM_NEXT1
0008AA 48AA FE3A             7      CP  ':'
0008AC 48AC 2801            12      JR  Z,ROM_NEXT1
0008AE 48AE 23               6      INC HL
       48AF                     ROM_NEXT1:
0008AF 48AF 5D               4      LD  E,L
0008B0 48B0 54               4      LD  D,H
                                
0008B1 48B1 CD994D          17      CALL    SEARCH_END
0008B4 48B4 B7               4      OR  A
0008B5 48B5 2821            12      JR  Z,REM
       48B7                     RN3:                    ;マルチステートメントの処理
0008B7 48B7 7E               7      LD  A,(HL)
                                
0008B8 48B8 FEB5             7      CP  0B5H            ;LOAD
0008BA 48BA CA2C47          10      JP  Z,ROM_LOAD
0008BD 48BD FE8A             7      CP  08AH            ;RUN
0008BF 48BF 281B            12      JR  Z,ROM_RUN
0008C1 48C1 FEB7             7      CP  0B7H            ;FILES
0008C3 48C3 2825            12      JR  Z,ROM_FILES
0008C5 48C5 FED6             7      CP  0D6H            ;COPY
0008C7 48C7 CA8749          10      JP  Z,ROM_COPY
0008CA 48CA FE20             7      CP  020H
0008CC 48CC 2807            12      JR  Z,RN_SP
                                
0008CE 48CE 3E28             7      LD  A,028H          ;JR Z,
0008D0 48D0 32A3F2          13      LD  (SWC_BLOAD_M),A
0008D3 48D3 7E               7      LD  A,(HL)
0008D4 48D4 C9              10      RET
       48D5                     RN_SP:
0008D5 48D5 23               6      INC HL
0008D6 48D6 18DF            12      JR  RN3
                                
       48D8                     REM:
0008D8 48D8 EB               4      EX  DE,HL
0008D9 48D9 3E8F             7      LD  A,08FH          ;REM
0008DB 48DB C9              10      RET
                                
       48DC                     ROM_RUN:
0008DC 48DC 23               6      INC HL
0008DD 48DD 7E               7      LD  A,(HL)
0008DE 48DE 2B               6      DEC HL
0008DF 48DF B7               4      OR  A
0008E0 48E0 C42C47          17      CALL    NZ,ROM_LOAD
0008E3 48E3 FE8F             7      CP  08FH            ;REM
0008E5 48E5 3E8A             7      LD  A,08AH          ;RUN
0008E7 48E7 C0              11      RET NZ
0008E8 48E8 77               7      LD  (HL),A
0008E9 48E9 C9              10      RET
                                
       48EA                     ROM_FILES:
0008EA 48EA CD5649          17      CALL    INIT_PARAM
0008ED 48ED CD504C          17      CALL    FILE_B
0008F0 48F0 CDE455          17      CALL    GET_DISK_BANK_FDRV
0008F3 48F3 3AC9F2          13      LD  A,(SECSZ_H)
0008F6 48F6 CD4154          17      CALL    IS_BPB1
0008F9 48F9 DAF847          10      JP  C,ERROR_DEVICE_IO_ERROR
0008FC 48FC 3A01F3          13      LD  A,(FNAME)
0008FF 48FF FE21             7      CP  021H
000901 4901 3005            12      JR  NC,RFILES0
000903 4903 060B             7      LD  B,11
000905 4905 CD294D          17      CALL    FILE10
       4908                     RFILES0:
000908 4908 CDA150          17      CALL    GET_DIR_DAT
       490B                     RFILES1:
00090B 490B CD4D4E          17      CALL    FILESE
00090E 490E 3041            12      JR  NC,RFILES_NOT_MATCH
       4910                     RFILES_DISP:
000910 4910 E5              11      PUSH    HL
000911 4911 110B00          10      LD  DE,0000BH   ;属性
000914 4914 19              11      ADD HL,DE
                                #if exists USE_NORMAL32K_OR_ASCII16
                                    CALL    RDSLT_ROM
                                #else
000915 4915 7E               7      LD  A,(HL)
                                #endif
000916 4916 E1              10      POP HL
000917 4917 CB4F             8      BIT 1,A     ;不可視属性
000919 4919 2033            12      JR  NZ,RFILES_NEXT
00091B 491B E5              11      PUSH    HL
00091C 491C 0608             7      LD  B,8
00091E 491E CDB045          17      CALL    MSN
                                #if exists USE_NORMAL32K_OR_ASCII16
                                    CALL    RDSLT_ROM
                                #else
000921 4921 7E               7      LD  A,(HL)
                                #endif
000922 4922 FE20             7      CP  020H
000924 4924 F5              11      PUSH    AF
000925 4925 3E2E             7      LD  A,'.'
000927 4927 C45856          17      CALL    NZ,MSG_A
00092A 492A 0603             7      LD  B,3
00092C 492C CDB045          17      CALL    MSN
00092F 492F F1              10      POP AF
000930 4930 CC5856          17      CALL    Z,MSG_A
000933 4933 3ADDF3          13      LD  A,(CSRX)
000936 4936 47               4      LD  B,A
000937 4937 3AB0F3          13      LD  A,(LINLEN)
00093A 493A 90               4      SUB B
00093B 493B FE0C             7      CP  12
00093D 493D 3009            12      JR  NC,RFILES2
00093F 493F 3E0D             7      LD  A,00DH      ;改行
000941 4941 CD5856          17      CALL    MSG_A
000944 4944 3E0A             7      LD  A,00AH
000946 4946 1802            12      JR  RFILES3
       4948                     RFILES2:
000948 4948 3E20             7      LD  A,020H
       494A                     RFILES3:
00094A 494A CD5856          17      CALL    MSG_A
00094D 494D E1              10      POP HL
       494E                     RFILES_NEXT:
00094E 494E CD6C4E          17      CALL    FNEXT
       4951                     RFILES_NOT_MATCH:
000951 4951 20B8            12      JR  NZ,RFILES1
000953 4953 C3A248          10      JP  ROM_NEXT
                                
       4956                     INIT_PARAM:
000956 4956 22F5F2          16      LD  (PARAM0),HL
000959 4959 22F7F2          16      LD  (PARAM1),HL
00095C 495C EB               4      EX  DE,HL
00095D 495D 32BEFC          13      LD  (RUNBNF),A
000960 4960 3263F6          13      LD  (VALTYP),A
000963 4963 E5              11      PUSH    HL
000964 4964 3AEAF2          13      LD  A,(_DVSW)
000967 4967 CDC655          17      CALL    GET_CD
00096A 496A 22F9F2          16      LD  (_CDX),HL
00096D 496D E1              10      POP HL
00096E 496E 13               6      INC DE
00096F 496F CD694D          17      CALL    SPCUT
000972 4972 1A               7      LD  A,(DE)
000973 4973 B7               4      OR  A
000974 4974 C8              11      RET Z
000975 4975 FE3A             7      CP  ':'
000977 4977 C8              11      RET Z
000978 4978 FE28             7      CP  '('
00097A 497A C8              11      RET Z
00097B 497B EB               4      EX  DE,HL
00097C 497C DD21644C        14      LD  IX,FRMEVL
000980 4980 CD8445          17      CALL    CALSLT_BIOS
000983 4983 22F7F2          16      LD  (PARAM1),HL
000986 4986 C9              10      RET
                                
       4987                     ROM_COPY:
000987 4987 CD5649          17      CALL    INIT_PARAM
00098A 498A 3A63F6          13      LD  A,(VALTYP)
00098D 498D FE03             7      CP  3       ;string
00098F 498F C24B4C          10      JP  NZ,ROM_ORG  ;最初の引数が文字列ではない場合はオリジナルを実行する
                                
000992 4992 CD504C          17      CALL    FILE_B
000995 4995 CDD94D          17      CALL    ROM_OPEN
000998 4998 DA0148          10      JP  C,ERROR_FILE_NOT_FOUND
                                
00099B 499B 21DEF2          10      LD  HL,_BUF_W
00099E 499E 22D4F2          16      LD  (_DTA),HL
0009A1 49A1 210400          10      LD  HL,4            ;ヘッダを4バイト読み込む
0009A4 49A4 CDAF4B          17      CALL    ROM_READ
                                
0009A7 49A7 AF               4      XOR A
0009A8 49A8 32D9F2          13      LD  (_BUF_LO),A     ;PSET
0009AB 49AB 32E6F2          13      LD  (_BUF_O),A      ;向き
                                
0009AE 49AE 2AF7F2          16      LD  HL,(PARAM1)
       49B1                     RCP_PARAM1:
0009B1 49B1 7E               7      LD  A,(HL)
0009B2 49B2 23               6      INC HL
0009B3 49B3 B7               4      OR  A
0009B4 49B4 CAAF48          10      JP  Z,ROM_NEXT1
0009B7 49B7 FE3A             7      CP  ':'
0009B9 49B9 CAAF48          10      JP  Z,ROM_NEXT1
0009BC 49BC FE2C             7      CP  ','
0009BE 49BE 200E            12      JR  NZ,RCP_PARAM1_
                                
0009C0 49C0 DD212F54        14      LD  IX,FRMQNT
0009C4 49C4 CD8445          17      CALL    CALSLT_BIOS
0009C7 49C7 7B               4      LD  A,E
0009C8 49C8 87               4      ADD A,A
0009C9 49C9 87               4      ADD A,A
0009CA 49CA 32E6F2          13      LD  (_BUF_O),A
0009CD 49CD 7E               7      LD  A,(HL)
       49CE                     RCP_PARAM1_:
0009CE 49CE FE28             7      CP  '('
0009D0 49D0 20DF            12      JR  NZ,RCP_PARAM1
0009D2 49D2 DD212F54        14      LD  IX,FRMQNT
0009D6 49D6 CD8445          17      CALL    CALSLT_BIOS
                                
0009D9 49D9 ED53E2F2        20      LD  (_BUF_X),DE
                                
       49DD                     RCP_PARAM2:
0009DD 49DD 23               6      INC HL
0009DE 49DE 7E               7      LD  A,(HL)
0009DF 49DF FE20             7      CP  020H
0009E1 49E1 28FA            12      JR  Z,RCP_PARAM2
0009E3 49E3 FE2C             7      CP  ','
0009E5 49E5 28F6            12      JR  Z,RCP_PARAM2
                                
0009E7 49E7 DD212F54        14      LD  IX,FRMQNT
0009EB 49EB CD8445          17      CALL    CALSLT_BIOS
                                
0009EE 49EE 3AF6FA          13      LD  A,(ACPAGE)
0009F1 49F1 57               4      LD  D,A
0009F2 49F2 ED53E4F2        20      LD  (_BUF_Y),DE
       49F6                     RCP_PARAM3:
0009F6 49F6 23               6      INC HL
0009F7 49F7 7E               7      LD  A,(HL)
0009F8 49F8 FE20             7      CP  020H
0009FA 49FA 28FA            12      JR  Z,RCP_PARAM3
0009FC 49FC FE29             7      CP  ')'
0009FE 49FE 28F6            12      JR  Z,RCP_PARAM3
000A00 4A00 FE2C             7      CP  ','
000A02 4A02 2047            12      JR  NZ,RCP_ST
                                
000A04 4A04 23               6      INC HL
000A05 4A05 DD212F54        14      LD  IX,FRMQNT
000A09 4A09 CD8445          17      CALL    CALSLT_BIOS
                                
000A0C 4A0C 7B               4      LD  A,E
000A0D 4A0D 32E5F2          13      LD  (_BUF_P),A
                                
       4A10                     RCP_PARAM4:
000A10 4A10 7E               7      LD  A,(HL)
000A11 4A11 23               6      INC HL
000A12 4A12 FE20             7      CP  020H
000A14 4A14 28FA            12      JR  Z,RCP_PARAM4
                                
000A16 4A16 FE2C             7      CP  ','
000A18 4A18 2031            12      JR  NZ,RCP_ST
                                
000A1A 4A1A 7E               7      LD  A,(HL)
000A1B 4A1B 0604             7      LD  B,4
000A1D 4A1D FE54             7      CP  'T'
000A1F 4A1F 2004            12      JR  NZ,RCP_NT:
000A21 4A21 23               6      INC HL
000A22 4A22 7E               7      LD  A,(HL)
000A23 4A23 060C             7      LD  B,8 + 4
       4A25                     RCP_NT:
000A25 4A25 FEC3             7      CP  0C3H        ;PRESET
000A27 4A27 281E            12      JR  Z,RCP_LO
000A29 4A29 FED9             7      CP  0D9H        ;TOR
000A2B 4A2B 2814            12      JR  Z,RCP_TOR
000A2D 4A2D FEFF             7      CP  0FFH        ;TAND
000A2F 4A2F 2814            12      JR  Z,RCP_TAND
000A31 4A31 05               4      DEC B       ;3
000A32 4A32 D6F8             7      SUB 0F8H        ;XOR
000A34 4A34 2811            12      JR  Z,RCP_LO
000A36 4A36 05               4      DEC B       ;2
000A37 4A37 3C               4      INC A       ;OR
000A38 4A38 280D            12      JR  Z,RCP_LO
000A3A 4A3A 05               4      DEC B       ;1
000A3B 4A3B 3C               4      INC A       ;AND
000A3C 4A3C 2809            12      JR  Z,RCP_LO
000A3E 4A3E 05               4      DEC B       ;0
                                                ;PSET
000A3F 4A3F 1806            12      JR  RCP_LO:
       4A41                     RCP_TOR:
000A41 4A41 060A             7      LD  B,00AH
000A43 4A43 2802            12      JR  Z,RCP_LO
       4A45                     RCP_TAND:
000A45 4A45 0609             7      LD  B,9
       4A47                     RCP_LO:
000A47 4A47 78               4      LD  A,B
000A48 4A48 32D9F2          13      LD  (_BUF_LO),A
       4A4B                     RCP_ST:
000A4B 4A4B 2AC6F6          16      LD  HL,(STREND)
000A4E 4A4E 22D4F2          16      LD  (_DTA),HL
000A51 4A51 EB               4      EX  DE,HL
000A52 4A52 2100FE          10      LD  HL,-512
000A55 4A55 39              11      ADD HL,SP
000A56 4A56 AF               4      XOR A
000A57 4A57 ED52            15      SBC HL,DE
000A59 4A59 3008            12      JR  NC,RCP0
000A5B 4A5B 215EF5          10      LD  HL,BUF
000A5E 4A5E 22D4F2          16      LD  (_DTA),HL
000A61 4A61 6F               4      LD  L,A ;0
000A62 4A62 67               4      LD  H,A ;0
       4A63                     RCP0:
000A63 4A63 24               4      INC H
000A64 4A64 22DCF2          16      LD  (_BUF_EN),HL
       4A67                     RCP1:
000A67 4A67 F3               4      DI
000A68 4A68 CD3D4B          17      CALL    WAIT_VDP
                                
000A6B 4A6B 3A0700          13      LD  A,(WRVDP)
000A6E 4A6E 4F               4      LD  C,A
000A6F 4A6F 0C               4      INC C       ;C := PORT#1's address(WR)
000A70 4A70 3E24             7      LD  A,36
000A72 4A72 ED79            12      OUT (C),A
000A74 4A74 3E91             7      LD  A,080H+17
000A76 4A76 ED79            12      OUT (C),A       ;R#17 := 36
                                
000A78 4A78 0C               4      INC C
000A79 4A79 0C               4      INC C       ;C := PORT#3's address(WR)
000A7A 4A7A 2AE2F2          16      LD  HL,(_BUF_X)
000A7D 4A7D ED69            12      OUT (C),L       ;R#36 DX
000A7F 4A7F ED61            12      OUT (C),H       ;R#37
000A81 4A81 2AE4F2          16      LD  HL,(_BUF_Y)
000A84 4A84 ED69            12      OUT (C),L       ;R#38 DY
000A86 4A86 ED61            12      OUT (C),H       ;R#39
000A88 4A88 2ADEF2          16      LD  HL,(_BUF_W)
000A8B 4A8B ED69            12      OUT (C),L       ;R#40 NX
000A8D 4A8D ED61            12      OUT (C),H       ;R#41
000A8F 4A8F 2AE0F2          16      LD  HL,(_BUF_H)
000A92 4A92 ED69            12      OUT (C),L       ;R#42 NY
000A94 4A94 ED61            12      OUT (C),H       ;R#43
                                
000A96 4A96 DD2AAFFC        20      LD  IX,(SCRMOD)
000A9A 4A9A 3AD9F2          13      LD  A,(_BUF_LO) ;LOGICAL OPERATION
000A9D 4A9D B7               4      OR  A
000A9E 4A9E 2022            12      JR  NZ,USE_LMMC ;PSETじゃない場合はLMMC
                                
000AA0 4AA0 DD7D             9      LD  A,IXL
000AA2 4AA2 FE08             7      CP  8
000AA4 4AA4 2817            12      JR  Z,USE_HMMC8 ;スクリーン8でPSET
000AA6 4AA6 FE06             7      CP  6
000AA8 4AA8 2AE2F2          16      LD  HL,(_BUF_X)
000AAB 4AAB 3ADEF2          13      LD  A,(_BUF_W)
000AAE 4AAE 2005            12      JR  NZ,SCR57
000AB0 4AB0 B5               4      OR  L       ;スクリーン6
000AB1 4AB1 E603             7      AND 3
000AB3 4AB3 200D            12      JR  NZ,USE_LMMC
       4AB5                     SCR57:              ;スクリーン5,7
000AB5 4AB5 B5               4      OR  L
000AB6 4AB6 E601             7      AND 1
000AB8 4AB8 2008            12      JR  NZ,USE_LMMC
       4ABA                     USE_HMMC:
000ABA 4ABA DD2E08          10      LD  IXL,8
       4ABD                     USE_HMMC8:
000ABD 4ABD 3EF0             7      LD  A,0F0H      ;R#46 HMMC command
000ABF 4ABF 32D9F2          13      LD  (_BUF_LO),A
       4AC2                     USE_LMMC:
000AC2 4AC2 110000          10      LD  DE,0
000AC5 4AC5 06FF             7      LD  B,-1
000AC7 4AC7 CD684B          17      CALL    GET_PIXEL
000ACA 4ACA ED79            12      OUT (C),A       ;R#44 first DATA
000ACC 4ACC 3AE6F2          13      LD  A,(_BUF_O)
000ACF 4ACF ED79            12      OUT (C),A       ;R#45 DIX and DIY
                                
000AD1 4AD1 3AD9F2          13      LD  A,(_BUF_LO) ;LOGICAL OPERATION
000AD4 4AD4 F6B0             7      OR  0B0H        ;R#46 LMMC command
000AD6 4AD6 ED79            12      OUT (C),A
                                
000AD8 4AD8 FD69             9      LD  IYL,C       ;IYL := PORT#3's address(WR)
000ADA 4ADA 0D               4      DEC C
000ADB 4ADB 0D               4      DEC C       ;C := PORT#1's address(WR)
000ADC 4ADC 3EAC             7      LD  A,080H+44
000ADE 4ADE ED79            12      OUT (C),A
000AE0 4AE0 3E91             7      LD  A,080H+17
000AE2 4AE2 ED79            12      OUT (C),A       ;R#17 := 44
                                
000AE4 4AE4 3A0600          13      LD  A,(RDVDP)
000AE7 4AE7 3C               4      INC A
000AE8 4AE8 FD67             9      LD  IYH,A       ;IYX := PORT#1's address(RD)
000AEA 4AEA 3E02             7      LD  A,2
000AEC 4AEC ED79            12      OUT (C),A
000AEE 4AEE 3E8F             7      LD  A,08FH
000AF0 4AF0 ED79            12      OUT (C),A
000AF2 4AF2 3AD9F2          13      LD  A,(_BUF_LO) ;LOGICAL OPERATION
000AF5 4AF5 E640             7      AND 040H
000AF7 4AF7 201C            12      JR  NZ,LOOP_HMMC
       4AF9                     LOOP_COPY:
000AF9 4AF9 CD684B          17      CALL    GET_PIXEL
000AFC 4AFC 08               4      EX  AF,AF'
000AFD 4AFD FD4C             9      LD  C,IYH
       4AFF                     LOOP_COPY1:
000AFF 4AFF ED78            12      IN  A,(C)
000B01 4B01 0F               4      RRCA            ;RRCAではサインフラグは変化しない
000B02 4B02 300A            12      JR  NC,EXIT_COPY    ;check CE bit
000B04 4B04 F2FF4A          10      JP  P,LOOP_COPY1    ;check TR bit
000B07 4B07 08               4      EX  AF,AF'
000B08 4B08 FD4D             9      LD  C,IYL       ;IYL := PORT#3's address(WR)
000B0A 4B0A ED79            12      OUT (C),A
000B0C 4B0C 18EB            12      JR  LOOP_COPY
                                
       4B0E                     EXIT_COPY:
000B0E 4B0E CD454B          17      CALL    GET_STATUS_0
000B11 4B11 FB               4      EI
000B12 4B12 C3A248          10      JP  ROM_NEXT
                                
       4B15                     LOOP_HMMC:
000B15 4B15 F3               4      DI          ;必要
000B16 4B16 FD4D             9      LD  C,IYL       ;IYL := PORT#3's address(WR)
000B18 4B18 43               4      LD  B,E
000B19 4B19 7B               4      LD  A,E
000B1A 4B1A B7               4      OR  A
000B1B 4B1B 2802            12      JR  Z,LOOP_HMMC1
000B1D 4B1D EDB3                    OTIR
       4B1F                     LOOP_HMMC1:
000B1F 4B1F 14               4      INC D
       4B20                     LOOP_HMMC2:
000B20 4B20 15               4      DEC D
000B21 4B21 2805            12      JR  Z,LOOP_HMMC3
000B23 4B23 EDB3                    OTIR
000B25 4B25 C3204B          10      JP  LOOP_HMMC2
       4B28                     LOOP_HMMC3:
000B28 4B28 ED78            12      IN  A,(C)
000B2A 4B2A 0F               4      RRCA
000B2B 4B2B 30E1            12      JR  NC,EXIT_COPY    ;check CE bit
000B2D 4B2D 2ADCF2          16      LD  HL,(_BUF_EN)
000B30 4B30 CDAF4B          17      CALL    ROM_READ
000B33 4B33 EB               4      EX  DE,HL
000B34 4B34 2AD4F2          16      LD  HL,(_DTA)
000B37 4B37 7A               4      LD  A,D
000B38 4B38 B3               4      OR  E
000B39 4B39 20DA            12      JR  NZ,LOOP_HMMC
000B3B 4B3B 18C2            12      JR  LOOP_COPY1
                                
       4B3D                     WAIT_VDP:
000B3D 4B3D 3E02             7      LD  A,2
000B3F 4B3F CD464B          17      CALL    GET_STATUS
000B42 4B42 0F               4      RRCA
000B43 4B43 38F8            12      JR  C,WAIT_VDP
       4B45                     GET_STATUS_0:
000B45 4B45 AF               4      XOR A
       4B46                     GET_STATUS:
000B46 4B46 C5              11      PUSH    BC
000B47 4B47 ED4B0600        20      LD  BC,(RDVDP)
000B4B 4B4B 0C               4      INC C
000B4C 4B4C ED79            12      OUT (C),A
000B4E 4B4E 3E8F             7      LD  A,08FH
000B50 4B50 ED79            12      OUT (C),A
000B52 4B52 ED78            12      IN  A,(C)
000B54 4B54 C1              10      POP BC
000B55 4B55 C9              10      RET
                                
       4B56                     GET_PIXEL256:
000B56 4B56 7A               4      LD  A,D
000B57 4B57 B3               4      OR  E
000B58 4B58 200A            12      JR  NZ,GET_PIXEL1
000B5A 4B5A 2ADCF2          16      LD  HL,(_BUF_EN)
000B5D 4B5D CDAF4B          17      CALL    ROM_READ
000B60 4B60 EB               4      EX  DE,HL
000B61 4B61 2AD4F2          16      LD  HL,(_DTA)
       4B64                     GET_PIXEL1:
000B64 4B64 7E               7      LD  A,(HL)
000B65 4B65 23               6      INC HL
000B66 4B66 1B               6      DEC DE
000B67 4B67 C9              10      RET
                                
       4B68                     GET_PIXEL:
000B68 4B68 DD7D             9      LD  A,IXL
000B6A 4B6A FE08             7      CP  8
000B6C 4B6C 28E8            12      JR  Z,GET_PIXEL256
000B6E 4B6E 04               4      INC B
000B6F 4B6F FE06             7      CP  6
000B71 4B71 282E            12      JR  Z,GET_PIXEL4
                                
000B73 4B73 CB40             8      BIT 0,B
000B75 4B75 20ED            12      JR  NZ,GET_PIXEL1
                                
000B77 4B77 7A               4      LD  A,D
000B78 4B78 B3               4      OR  E
000B79 4B79 200A            12      JR  NZ,GET_PIXEL2
                                
000B7B 4B7B 2ADCF2          16      LD  HL,(_BUF_EN)
000B7E 4B7E CDAF4B          17      CALL    ROM_READ
000B81 4B81 EB               4      EX  DE,HL
000B82 4B82 2AD4F2          16      LD  HL,(_DTA)
                                
       4B85                     GET_PIXEL2:
000B85 4B85 7E               7      LD  A,(HL)
000B86 4B86 0F               4      RRCA
000B87 4B87 0F               4      RRCA
000B88 4B88 0F               4      RRCA
000B89 4B89 0F               4      RRCA
000B8A 4B8A C9              10      RET
                                
       4B8B                     GET_PIXEL3:
000B8B 4B8B 7A               4      LD  A,D
000B8C 4B8C B3               4      OR  E
000B8D 4B8D 200A            12      JR  NZ,GET_PIXEL5
                                
000B8F 4B8F 2ADCF2          16      LD  HL,(_BUF_EN)
000B92 4B92 CDAF4B          17      CALL    ROM_READ
000B95 4B95 EB               4      EX  DE,HL
000B96 4B96 2AD4F2          16      LD  HL,(_DTA)
       4B99                     GET_PIXEL5:
000B99 4B99 7E               7      LD  A,(HL)
000B9A 4B9A 0F               4      RRCA
000B9B 4B9B 0F               4      RRCA
000B9C 4B9C 0F               4      RRCA
000B9D 4B9D 0F               4      RRCA
000B9E 4B9E 0F               4      RRCA
000B9F 4B9F 0F               4      RRCA
000BA0 4BA0 C9              10      RET
                                
       4BA1                     GET_PIXEL4:
000BA1 4BA1 78               4      LD  A,B
000BA2 4BA2 E603             7      AND 3   ;+0
000BA4 4BA4 28E5            12      JR  Z,GET_PIXEL3
000BA6 4BA6 3D               4      DEC A   ;+1
000BA7 4BA7 28DC            12      JR  Z,GET_PIXEL2
000BA9 4BA9 3D               4      DEC A   ;+2
000BAA 4BAA 7E               7      LD  A,(HL)
000BAB 4BAB C0              11      RET NZ
000BAC 4BAC 0F               4      RRCA        ;+3
000BAD 4BAD 0F               4      RRCA
000BAE 4BAE C9              10      RET
                                
       4BAF                     ROM_READ:
000BAF 4BAF E5              11      PUSH    HL
000BB0 4BB0 D5              11      PUSH    DE
000BB1 4BB1 C5              11      PUSH    BC
000BB2 4BB2 FDE5            15      PUSH    IY
000BB4 4BB4 22F3F2          16      LD  (LEFTX),HL
000BB7 4BB7 2AD4F2          16      LD  HL,(_DTA)
000BBA 4BBA 22E7F2          16      LD  (DTAX),HL
000BBD 4BBD 2AF3F2          16      LD  HL,(LEFTX)
                                
000BC0 4BC0 CDC64E          17      CALL    RBX1
000BC3 4BC3 3870            12      JR  C,RBRERR1
000BC5 4BC5 79               4      LD  A,C
000BC6 4BC6 EB               4      EX  DE,HL
000BC7 4BC7 ED52            15      SBC HL,DE       ;CP 0HL,CDE
000BC9 4BC9 19              11      ADD HL,DE
000BCA 4BCA DE00             7      SBC A,000H
000BCC 4BCC 3801            12      JR  C,RBR1
000BCE 4BCE EB               4      EX  DE,HL
       4BCF                     RBR1:
000BCF 4BCF 9F               4      SBC A,A
000BD0 4BD0 E601             7      AND 1
000BD2 4BD2 32C3F2          13      LD  (_RESULT),A
000BD5 4BD5 7C               4      LD  A,H
000BD6 4BD6 B5               4      OR  L
000BD7 4BD7 CA2B4C          10      JP  Z,RBREND0
                                
000BDA 4BDA 22D0F2          16      LD  (_LEFT),HL  ;Read record byte
000BDD 4BDD 22F3F2          16      LD  (LEFTX),HL
                                
000BE0 4BE0 CDF24E          17      CALL    RBX2
000BE3 4BE3 281A            12      JR  Z,RBRB
                                                ;先頭の端数
000BE5 4BE5 CD054F          17      CALL    RBXA
000BE8 4BE8 DA414C          10      JP  C,RBRERR
000BEB 4BEB C5              11      PUSH    BC
000BEC 4BEC CDC945          17      CALL    ROM_LDIR
000BEF 4BEF ED53E7F2        20      LD  (DTAX),DE
000BF3 4BF3 2AF3F2          16      LD  HL,(LEFTX)
000BF6 4BF6 D1              10      POP DE
000BF7 4BF7 A7               4      AND A
000BF8 4BF8 ED52            15      SBC HL,DE
000BFA 4BFA 22F3F2          16      LD  (LEFTX),HL
000BFD 4BFD 2829            12      JR  Z,RBREND
                                
       4BFF                     RBRB:
000BFF 4BFF CD414F          17      CALL    RBXB
000C02 4C02 2818            12      JR  Z,RBRC
       4C04                     RBRB1:
000C04 4C04 C5              11      PUSH    BC
000C05 4C05 D5              11      PUSH    DE
000C06 4C06 CDEC4F          17      CALL    CLUST
000C09 4C09 EB               4      EX  DE,HL
000C0A 4C0A ED4BC6F2        20      LD  BC,(CLSZ)       ;1クラスタのサイズ
000C0E 4C0E CDC945          17      CALL    ROM_LDIR
000C11 4C11 EB               4      EX  DE,HL
000C12 4C12 D1              10      POP DE
000C13 4C13 C1              10      POP BC
000C14 4C14 CDC94F          17      CALL    GNCL
000C17 4C17 DA414C          10      JP  C,RBRERR
000C1A 4C1A 10E8            13      DJNZ    RBRB1
       4C1C                     RBRC:
000C1C 4C1C CD594F          17      CALL    RBXC
000C1F 4C1F 2807            12      JR  Z,RBREND
                                
000C21 4C21 CDEC4F          17      CALL    CLUST
000C24 4C24 EB               4      EX  DE,HL
000C25 4C25 CDC945          17      CALL    ROM_LDIR
       4C28                     RBREND:
000C28 4C28 CD654F          17      CALL    RBXEND
       4C2B                     RBREND0:
000C2B 4C2B FDE1            14      POP IY
000C2D 4C2D C1              10      POP BC
000C2E 4C2E D1              10      POP DE
000C2F 4C2F F1              10      POP AF  ;(HL)
000C30 4C30 AF               4      XOR A
000C31 4C31 3AC3F2          13      LD  A,(_RESULT)
000C34 4C34 C9              10      RET
                                
       4C35                     RBRERR1:
000C35 4C35 3E01             7      LD  A,001H
       4C37                     RBRERR2:
000C37 4C37 FDE1            14      POP IY
000C39 4C39 C1              10      POP BC
000C3A 4C3A D1              10      POP DE
000C3B 4C3B E1              10      POP HL
000C3C 4C3C 37               4      SCF
000C3D 4C3D 210000          10      LD  HL,0
000C40 4C40 C9              10      RET
       4C41                     RBRERR:
000C41 4C41 3EFF             7      LD  A,0FFH
000C43 4C43 18F2            12      JR  RBRERR2
                                
       4C45                     FILE_DD:
000C45 4C45 E1              10      POP HL
000C46 4C46 3E                      DB  03EH
000C47 4C47 C9              10      RET
000C48 4C48 32A3F2          13      LD  (SWC_BLOAD_M),A
       4C4B                     ROM_ORG:
000C4B 4C4B 2AF5F2          16      LD  HL,(PARAM0)
000C4E 4C4E 7E               7      LD  A,(HL)
000C4F 4C4F C9              10      RET
       4C50                     FILE_B:
000C50 4C50 1E00             7      LD  E,0
000C52 4C52 3A63F6          13      LD  A,(VALTYP)
000C55 4C55 FE03             7      CP  3       ;string
000C57 4C57 C2E64C          10      JP  NZ,FILED
                                
000C5A 4C5A DD21D067        14      LD  IX,FRESTR
000C5E 4C5E CD8445          17      CALL    CALSLT_BIOS
000C61 4C61 5E               7      LD  E,(HL)
000C62 4C62 23               6      INC HL
000C63 4C63 7E               7      LD  A,(HL)
000C64 4C64 DD6F             9      LD  IXL,A
000C66 4C66 23               6      INC HL
000C67 4C67 7E               7      LD  A,(HL)
000C68 4C68 DD67             9      LD  IXH,A
000C6A 4C6A 3E1F             7      LD  A,01FH
000C6C 4C6C 1802            12      JR  FILE_BAS
       4C6E                     FILE_BDOS:
000C6E 4C6E 3E20             7      LD  A,020H
       4C70                     FILE_BAS:
000C70 4C70 32FBF2          13      LD  (_CHKSP),A
000C73 4C73 AF               4      XOR A
000C74 4C74 3200F3          13      LD  (FDRV),A
000C77 4C77 7B               4      LD  A,E
000C78 4C78 FE04             7      CP  4
000C7A 4C7A 3808            12      JR  C,FILEB1
000C7C 4C7C DD7E03          19      LD  A,(IX+3)
000C7F 4C7F FE3A             7      CP  ':'
000C81 4C81 28C2            12      JR  Z,FILE_DD
000C83 4C83 7B               4      LD  A,E
       4C84                     FILEB1:
000C84 4C84 FE02             7      CP  2
000C86 4C86 3820            12      JR  C,DEVI1
000C88 4C88 DD7E01          19      LD  A,(IX+1)
000C8B 4C8B FE3A             7      CP  ':'
000C8D 4C8D 2019            12      JR  NZ,DEVI1
000C8F 4C8F DD7E00          19      LD  A,(IX+0)        ;DRIVE
000C92 4C92 CDC34D          17      CALL    CAP
000C95 4C95 D640             7      SUB '@'
000C97 4C97 DD23            10      INC IX
000C99 4C99 DD23            10      INC IX
000C9B 4C9B 1D               4      DEC E
000C9C 4C9C 1D               4      DEC E
000C9D 4C9D 3200F3          13      LD  (FDRV),A
000CA0 4CA0 F5              11      PUSH    AF
000CA1 4CA1 CDC355          17      CALL    GET_CD_CDRV
000CA4 4CA4 22F9F2          16      LD  (_CDX),HL
000CA7 4CA7 E1              10      POP HL
       4CA8                     DEVI1:
000CA8 4CA8 DD7E00          19      LD  A,(IX+0)
000CAB 4CAB D65C             7      SUB 05CH        ;\
000CAD 4CAD 2008            12      JR  NZ,NOROOT
000CAF 4CAF 6F               4      LD  L,A
000CB0 4CB0 67               4      LD  H,A
000CB1 4CB1 22F9F2          16      LD  (_CDX),HL
000CB4 4CB4 DD23            10      INC IX
000CB6 4CB6 1D               4      DEC E
       4CB7                     NOROOT:
                                
       4CB7                     SETDIR:
000CB7 4CB7 CDE64C          17      CALL    FILED
000CBA 4CBA DD7E00          19      LD  A,(IX+0)
000CBD 4CBD FE5C             7      CP  05CH        ;\
000CBF 4CBF C0              11      RET NZ
000CC0 4CC0 DD23            10      INC IX
000CC2 4CC2 1D               4      DEC E
000CC3 4CC3 3A01F3          13      LD  A,(FNAME)
000CC6 4CC6 FE20             7      CP  020H        ;. の処理
000CC8 4CC8 28ED            12      JR  Z,SETDIR
                                
000CCA 4CCA CDD94D          17      CALL    ROM_OPEN
000CCD 4CCD B7               4      OR  A
000CCE 4CCE C0              11      RET NZ
                                
                                #if exists USE_NORMAL32K_OR_ASCII16
                                    PUSH    DE
                                    LD  HL,(DIRENT1)
                                    LD  DE,0000BH   ;属性(アトリビュート)
                                    ADD HL,DE
                                    CALL    RDSLT_ROM
                                    POP DE
                                    BIT 4,A     ;ディレクトリ
                                #else
000CCF 4CCF FD2AEFF2        20      LD  IY,(DIRENT1)
000CD3 4CD3 FDCB0B66        20      BIT 4,(IY+00BH) ;属性(アトリビュート) ディレクトリ
                                #endif
000CD7 4CD7 C8              11      RET Z
000CD8 4CD8 CD2D4D          17      CALL    FILEI
                                #if exists USE_NORMAL32K_OR_ASCII16
                                    PUSH    DE
                                    LD  HL,(DIRENT1)
                                    LD  DE,0001AH   ;ファイルの先頭クラスタ
                                    ADD HL,DE
                                    CALL    RDSLT_ROM
                                    INC HL
                                    LD  E,A
                                    CALL    RDSLT_ROM
                                    LD  D,A
                                    EX  DE,HL
                                    POP DE
                                #else
000CDB 4CDB FD6E1A          19      LD  L,(IY+01AH) ;ファイルの先頭クラスタ
000CDE 4CDE FD661B          19      LD  H,(IY+01BH)
                                #endif
000CE1 4CE1 22F9F2          16      LD  (_CDX),HL
000CE4 4CE4 18D1            12      JR  SETDIR
                                
       4CE6                     FILED:
000CE6 4CE6 CD2D4D          17      CALL    FILEI
000CE9 4CE9 2101F3          10      LD  HL,FNAME
                                
000CEC 4CEC 0608             7      LD  B,8
       4CEE                     FILE2:
000CEE 4CEE CD3A4D          17      CALL    CCHKF
000CF1 4CF1 C8              11      RET Z
000CF2 4CF2 FE2A             7      CP  '*'
000CF4 4CF4 282E            12      JR  Z,FILE9
000CF6 4CF6 FE2E             7      CP  '.'
000CF8 4CF8 280C            12      JR  Z,FILE4
000CFA 4CFA 77               7      LD  (HL),A
000CFB 4CFB 23               6      INC HL
000CFC 4CFC 10F0            13      DJNZ    FILE2
                                
       4CFE                     FILE3:
000CFE 4CFE CD3A4D          17      CALL    CCHKF
000D01 4D01 C8              11      RET Z
000D02 4D02 FE2E             7      CP  '.'
000D04 4D04 20F8            12      JR  NZ,FILE3
                                
       4D06                     FILE4:
000D06 4D06 2109F3          10      LD  HL,FNAME+8
000D09 4D09 0603             7      LD  B,3
                                
       4D0B                     FILE4L:
000D0B 4D0B CD3A4D          17      CALL    CCHKF
000D0E 4D0E C8              11      RET Z
000D0F 4D0F FE2E             7      CP  '.'
000D11 4D11 2008            12      JR  NZ,FILE12
000D13 4D13 3201F3          13      LD  (FNAME),A   ;Parent directory(..)
000D16 4D16 3202F3          13      LD  (FNAME+1),A
000D19 4D19 3E20             7      LD  A,020H
       4D1B                     FILE12:
000D1B 4D1B FE2A             7      CP  '*'
000D1D 4D1D 280A            12      JR  Z,FILE10
000D1F 4D1F 77               7      LD  (HL),A
000D20 4D20 23               6      INC HL
000D21 4D21 10E8            13      DJNZ    FILE4L
000D23 4D23 C9              10      RET
                                
       4D24                     FILE9:              ;名前の*処理、名前の残りを?で埋める
000D24 4D24 CD294D          17      CALL    FILE10
000D27 4D27 18D5            12      JR  FILE3
                                
       4D29                     FILE10:
000D29 4D29 3E3F             7      LD  A,'?'
000D2B 4D2B 1808            12      JR  FILL_MEMORY
       4D2D                     FILEI:              ;名前＋拡張子をスペースで初期化
000D2D 4D2D 3E20             7      LD  A,020H
000D2F 4D2F 01000B          10      LD  BC,11*256   ;C=0にしておく
000D32 4D32 2101F3          10      LD  HL,FNAME
       4D35                     FILL_MEMORY:            ;HLからBバイトAで埋める
000D35 4D35 77               7      LD  (HL),A
000D36 4D36 23               6      INC HL
000D37 4D37 10FC            13      DJNZ    FILL_MEMORY
000D39 4D39 C9              10      RET
                                
       4D3A                     CCHKF:
000D3A 4D3A 7B               4      LD  A,E
000D3B 4D3B B7               4      OR  A
000D3C 4D3C C8              11      RET Z
000D3D 4D3D DD7E00          19      LD  A,(IX+0)
000D40 4D40 CD474D          17      CALL    CCHK2
000D43 4D43 C8              11      RET Z
000D44 4D44 C3AE4D          10      JP  FKAN
                                
       4D47                     CCHK2:
000D47 4D47 0C               4      INC C
000D48 4D48 0D               4      DEC C
000D49 4D49 C0              11      RET NZ
       4D4A                     CCHK3:              ;ZF=1 で使えない文字
000D4A 4D4A FE2B             7      CP  '+'
000D4C 4D4C C8              11      RET Z
000D4D 4D4D FE2C             7      CP  ','
000D4F 4D4F C8              11      RET Z
000D50 4D50 FE2F             7      CP  '/'
000D52 4D52 C8              11      RET Z
000D53 4D53 FE3A             7      CP  ':'
000D55 4D55 C8              11      RET Z
000D56 4D56 FE3B             7      CP  ';'
000D58 4D58 C8              11      RET Z
000D59 4D59 FE3D             7      CP  '='
000D5B 4D5B C8              11      RET Z
000D5C 4D5C FE5C             7      CP  05CH    ;\
000D5E 4D5E C8              11      RET Z
000D5F 4D5F E5              11      PUSH    HL
000D60 4D60 2AFBF2          16      LD  HL,(_CHKSP)
000D63 4D63 BD               4      CP  L
000D64 4D64 E1              10      POP HL
000D65 4D65 D0              11      RET NC
000D66 4D66 BF               4      CP  A       ;Z=1
000D67 4D67 C9              10      RET
                                
       4D68                     SS1:
000D68 4D68 13               6      INC DE
       4D69                     SPCUT:              ;スペースをカット
000D69 4D69 1A               7      LD  A,(DE)
000D6A 4D6A FE20             7      CP  020H
000D6C 4D6C 28FA            12      JR  Z,SS1
000D6E 4D6E C9              10      RET
                                
       4D6F                     SCREOF1:
000D6F 4D6F 13               6      INC DE
       4D70                     SPCUTEX:            ;スペース改行などをカット
000D70 4D70 1A               7      LD  A,(DE)
000D71 4D71 FE20             7      CP  020H
000D73 4D73 28FA            12      JR  Z,SCREOF1
000D75 4D75 FE0D             7      CP  00DH
000D77 4D77 28F6            12      JR  Z,SCREOF1
000D79 4D79 FE0A             7      CP  00AH
000D7B 4D7B 28F2            12      JR  Z,SCREOF1
000D7D 4D7D FE1A             7      CP  01AH
000D7F 4D7F 28EE            12      JR  Z,SCREOF1
000D81 4D81 C9              10      RET
                                
       4D82                     GETNUM:
000D82 4D82 210000          10      LD  HL,0
       4D85                     GETNUM1:
000D85 4D85 1A               7      LD  A,(DE)
000D86 4D86 13               6      INC DE
000D87 4D87 D630             7      SUB '0'
000D89 4D89 D8              11      RET C
000D8A 4D8A FE0A             7      CP  10
000D8C 4D8C D0              11      RET NC
000D8D 4D8D 4D               4      LD  C,L
000D8E 4D8E 44               4      LD  B,H
000D8F 4D8F 29              11      ADD HL,HL   ;*2
000D90 4D90 29              11      ADD HL,HL   ;*4
000D91 4D91 09              11      ADD HL,BC   ;*5
000D92 4D92 29              11      ADD HL,HL   ;*10
000D93 4D93 4F               4      LD  C,A
000D94 4D94 0600             7      LD  B,0
000D96 4D96 09              11      ADD HL,BC
000D97 4D97 18EC            12      JR  GETNUM1
                                
       4D99                     SEARCH_END:
000D99 4D99 7E               7      LD  A,(HL)
       4D9A                     SEARCH_END1:
000D9A 4D9A 23               6      INC HL
000D9B 4D9B B7               4      OR  A
000D9C 4D9C C8              11      RET Z
000D9D 4D9D FE3A             7      CP  ':'
000D9F 4D9F 20F8            12      JR  NZ,SEARCH_END
000DA1 4DA1 7E               7      LD  A,(HL)
000DA2 4DA2 FE3A             7      CP  ':'
000DA4 4DA4 28F4            12      JR  Z,SEARCH_END1
000DA6 4DA6 C9              10      RET
                                
       4DA7                     FKANC:
000DA7 4DA7 CB41             8      BIT 0,C
000DA9 4DA9 CCCC4D          17      CALL    Z,CAP2
000DAC 4DAC 1803            12      JR  FKANX
       4DAE                     FKAN:           ;漢字チェック
000DAE 4DAE DD23            10      INC IX
000DB0 4DB0 1D               4      DEC E
       4DB1                     FKANX:
000DB1 4DB1 CB41             8      BIT 0,C
000DB3 4DB3 CB81             8      RES 0,C
000DB5 4DB5 C0              11      RET NZ
000DB6 4DB6 FE80             7      CP  080H
000DB8 4DB8 D8              11      RET C
000DB9 4DB9 FEA0             7      CP  0A0H
000DBB 4DBB 3803            12      JR  C,FKAN1
000DBD 4DBD FEE0             7      CP  0E0H
000DBF 4DBF D8              11      RET C
       4DC0                     FKAN1:
000DC0 4DC0 0C               4      INC C
000DC1 4DC1 A7               4      AND A
000DC2 4DC2 C9              10      RET
                                
       4DC3                     CAP:
000DC3 4DC3 FE61             7      CP  'a'
000DC5 4DC5 D8              11      RET C
000DC6 4DC6 FE7B             7      CP  'z'+1
000DC8 4DC8 D0              11      RET NC
000DC9 4DC9 D620             7      SUB 020H
000DCB 4DCB C9              10      RET
       4DCC                     CAP2:
000DCC 4DCC CDC34D          17      CALL    CAP
       4DCF                     CAP3:               ;
000DCF 4DCF FE05             7      CP  5
000DD1 4DD1 2803            12      JR  Z,CAP4
000DD3 4DD3 FE21             7      CP  021H
000DD5 4DD5 C9              10      RET
       4DD6                     CAP4:
000DD6 4DD6 3EE5             7      LD  A,0E5H
000DD8 4DD8 C9              10      RET
                                
       4DD9                     ROM_OPEN:
000DD9 4DD9 CDE455          17      CALL    GET_DISK_BANK_FDRV
                                
000DDC 4DDC CDA150          17      CALL    GET_DIR_DAT
000DDF 4DDF D5              11      PUSH    DE
000DE0 4DE0 CD4D4E          17      CALL    FILESE
000DE3 4DE3 D1              10      POP DE
000DE4 4DE4 300F            12      JR  NC,ROM_OPEN_C
       4DE6                     ROM_OPEN_OK:
000DE6 4DE6 22EFF2          16      LD  (DIRENT1),HL
000DE9 4DE9 E5              11      PUSH    HL
000DEA 4DEA AF               4      XOR A
000DEB 4DEB 6F               4      LD  L,A
000DEC 4DEC 67               4      LD  H,A
000DED 4DED 22CAF2          16      LD  (RR_LOW),HL
000DF0 4DF0 22CCF2          16      LD  (RR_HIGH),HL
000DF3 4DF3 E1              10      POP HL
000DF4 4DF4 C9              10      RET
                                
       4DF5                     ROM_OPEN_C:         ;#XXXX 形式のサブディスク
000DF5 4DF5 3A01F3          13      LD  A,(FNAME)
000DF8 4DF8 FE23             7      CP  '#'
000DFA 4DFA 37               4      SCF
000DFB 4DFB C0              11      RET NZ
000DFC 4DFC D5              11      PUSH    DE
000DFD 4DFD 2100F3          10      LD  HL,FDRV
000E00 4E00 1103FB          10      LD  DE,TMP_DIRENT
000E03 4E03 010C00          10      LD  BC,1+8+3
000E06 4E06 EDB0                    LDIR
000E08 4E08 0614             7      LD  B,32-(1+8+3)
000E0A 4E0A CD9B5B          17      CALL    ZERO_MEMORY_DE
000E0D 4E0D 3E10             7      LD  A,010H          ;ディレクトリ属性
000E0F 4E0F 320EFB          13      LD  (TMP_DIRENT+0000BH),A   ;属性(アトリビュート)
000E12 4E12 3A02F3          13      LD  A,(FNAME+1)
000E15 4E15 CD0E5C          17      CALL    HEX
000E18 4E18 3830            12      JR  C,POPDE_SCF
000E1A 4E1A 87               4      ADD A,A
000E1B 4E1B 87               4      ADD A,A
000E1C 4E1C 87               4      ADD A,A
000E1D 4E1D 87               4      ADD A,A
000E1E 4E1E 5F               4      LD  E,A
000E1F 4E1F 3A03F3          13      LD  A,(FNAME+2)
000E22 4E22 CD0E5C          17      CALL    HEX
000E25 4E25 3823            12      JR  C,POPDE_SCF
000E27 4E27 B3               4      OR  E
000E28 4E28 321EFB          13      LD  (TMP_DIRENT+0001BH),A       ;ファイルの先頭クラスタ
000E2B 4E2B 3A04F3          13      LD  A,(FNAME+3)
000E2E 4E2E CD0E5C          17      CALL    HEX
000E31 4E31 3817            12      JR  C,POPDE_SCF
000E33 4E33 87               4      ADD A,A
000E34 4E34 87               4      ADD A,A
000E35 4E35 87               4      ADD A,A
000E36 4E36 87               4      ADD A,A
000E37 4E37 5F               4      LD  E,A
000E38 4E38 3A05F3          13      LD  A,(FNAME+4)
000E3B 4E3B CD0E5C          17      CALL    HEX
000E3E 4E3E 380A            12      JR  C,POPDE_SCF
000E40 4E40 B3               4      OR  E
000E41 4E41 321DFB          13      LD  (TMP_DIRENT+0001AH),A       ;ファイルの先頭クラスタ
000E44 4E44 D1              10      POP DE
000E45 4E45 2103FB          10      LD  HL,TMP_DIRENT
000E48 4E48 189C            12      JR  ROM_OPEN_OK
       4E4A                     POPDE_SCF:
000E4A 4E4A D1              10      POP DE
000E4B 4E4B 37               4      SCF
000E4C 4E4C C9              10      RET
                                
       4E4D                     FILESE:
       4E4D                     FILESE0:
                                #if exists USE_NORMAL32K_OR_ASCII16
                                    CALL    RDSLT_ROM
                                #else
000E4D 4E4D 7E               7      LD  A,(HL)
                                #endif
000E4E 4E4E B7               4      OR  A
000E4F 4E4F C8              11      RET Z       ;END:ZF=1 CF=0
000E50 4E50 FEE5             7      CP  0E5H
000E52 4E52 280D            12      JR  Z,FILESE1
000E54 4E54 1101F3          10      LD  DE,FNAME
000E57 4E57 E5              11      PUSH    HL
000E58 4E58 CDA14E          17      CALL    CPFILE
000E5B 4E5B CCC24E          17      CALL    Z,CPFILE2
000E5E 4E5E E1              10      POP HL
000E5F 4E5F 37               4      SCF
000E60 4E60 C8              11      RET Z       ;!!!:(ZF=1) CF=1
       4E61                     FILESE1:
000E61 4E61 FD3418          23      INC (IY+24)         ;スキップしたエントリの分だけ呼び出し元の
                                                    ;検索位置カウンタ(FCB+24)を進めておく
                                                    ;(マッチした分はS12X1側でさらに+1する)
000E64 4E64 CD6C4E          17      CALL    FNEXT
000E67 4E67 20E4            12      JR  NZ,FILESE0
000E69 4E69 F6FF             7      OR  0FFH        ;ZF=0 CF=0
000E6B 4E6B C9              10      RET
                                
       4E6C                     FNEXT:
000E6C 4E6C 112000          10      LD  DE,020H
000E6F 4E6F 19              11      ADD HL,DE
000E70 4E70 ED5BF9F2        20      LD  DE,(_CDX)
000E74 4E74 7A               4      LD  A,D
000E75 4E75 B3               4      OR  E
000E76 4E76 2019            12      JR  NZ,FNEXT_SUBDIR
000E78 4E78 0D               4      DEC C
                                #if exists USE_NORMAL32K_OR_ASCII16
                                #else
       4E79                     CHECK_DIR_PAGE:         ;ディレクトリが2ページ目に跨るかチェックする
000E79 4E79 F5              11      PUSH    AF      ;※フラグを保存する必要あり
000E7A 4E7A CB7C             8      BIT 7,H
000E7C 4E7C 2811            12      JR  Z,CHECK_DIR_PAGE1
000E7E 4E7E 7C               4      LD  A,H
000E7F 4E7F D620             7      SUB 020H
000E81 4E81 67               4      LD  H,A
000E82 4E82 3AF1F2          13      LD  A,(_DIR_BANK)
000E85 4E85 3C               4      INC A
000E86 4E86 320068          13      LD  (BANK1_SEL),A           ;ASCII-8K/Konami-8K
000E89 4E89 320070          13      LD  (KONAMI_SCC_BANK1_SEL),A    ;Konami-8K/Konami-SCC
000E8C 4E8C 32F1F2          13      LD  (_DIR_BANK),A
       4E8F                     CHECK_DIR_PAGE1:
000E8F 4E8F F1              10      POP AF
                                #endif
000E90 4E90 C9              10      RET
                                
       4E91                     FNEXT_SUBDIR:           ;サブディレクトリ
000E91 4E91 0D               4      DEC C
000E92 4E92 C0              11      RET NZ
                                
000E93 4E93 ED5BF9F2        20      LD  DE,(_CDX)
000E97 4E97 CDC94F          17      CALL    GNCL
000E9A 4E9A EB               4      EX  DE,HL
000E9B 4E9B 22F9F2          16      LD  (_CDX),HL
000E9E 4E9E C3DD50          10      JP  GET_SUBDIR
                                
       4EA1                     CPFILE:
000EA1 4EA1 C5              11      PUSH    BC
000EA2 4EA2 01000B          10      LD  BC,00B00H
       4EA5                     CPSTR1:
000EA5 4EA5 1A               7      LD  A,(DE)
000EA6 4EA6 FE3F             7      CP  '?'     ;Wild card
000EA8 4EA8 2812            12      JR  Z,CPSTR2
                                #if exists USE_NORMAL32K_OR_ASCII16
                                    CALL    RDSLT_ROM
                                #else
000EAA 4EAA 7E               7      LD  A,(HL)
                                #endif
000EAB 4EAB CDA74D          17      CALL    FKANC
000EAE 4EAE E5              11      PUSH    HL
000EAF 4EAF 67               4      LD  H,A
000EB0 4EB0 1A               7      LD  A,(DE)
000EB1 4EB1 CB01             8      RLC C
000EB3 4EB3 CDA74D          17      CALL    FKANC
000EB6 4EB6 CB09             8      RRC C
000EB8 4EB8 BC               4      CP  H       ;CP (HL),(DE)
000EB9 4EB9 E1              10      POP HL
000EBA 4EBA 2004            12      JR  NZ,CPSTR3
       4EBC                     CPSTR2:
000EBC 4EBC 13               6      INC DE
000EBD 4EBD 23               6      INC HL
000EBE 4EBE 10E5            13      DJNZ    CPSTR1
       4EC0                     CPSTR3:
000EC0 4EC0 C1              10      POP BC
000EC1 4EC1 C9              10      RET
                                
       4EC2                     CPFILE2:
                                #if exists USE_NORMAL32K_OR_ASCII16
                                    CALL    RDSLT_ROM
                                #else
000EC2 4EC2 7E               7      LD  A,(HL)
                                #endif
000EC3 4EC3 E608             7      AND 008H    ;~0F7H
000EC5 4EC5 C9              10      RET
                                
       4EC6                     RBX1:
000EC6 4EC6 E5              11      PUSH    HL      ;Record byte
                                
000EC7 4EC7 ED5BCAF2        20      LD  DE,(RR_LOW) ;CDE=Random record
000ECB 4ECB 3ACDF2          13      LD  A,(RR_HIGH+1)
000ECE 4ECE 4F               4      LD  C,A
                                
000ECF 4ECF 3AF1F2          13      LD  A,(_DIR_BANK)
                                #if exists USE_NORMAL32K_OR_ASCII16
                                    LD  (ASCII16_BANK1_SEL),A       ;ASCII-16K
                                    PUSH    DE
                                    LD  HL,(DIRENT1)
                                    LD  DE,0001CH
                                    ADD HL,DE
                                    CALL    RDSLT_ROM
                                    INC HL
                                    LD  E,A
                                    CALL    RDSLT_ROM
                                    INC HL
                                    LD  D,A
                                    CALL    RDSLT_ROM
                                    EX  DE,HL       ;AHL=File size
                                    POP DE
                                #else
000ED2 4ED2 320068          13      LD  (BANK1_SEL),A           ;ASCII-8K/Konami-8K
000ED5 4ED5 320070          13      LD  (KONAMI_SCC_BANK1_SEL),A    ;Konami-8K/Konami-SCC
000ED8 4ED8 FD2AEFF2        20      LD  IY,(DIRENT1)
000EDC 4EDC FD6E1C          19      LD  L,(IY+01CH) ;AHL=File size
000EDF 4EDF FD661D          19      LD  H,(IY+01DH)
000EE2 4EE2 FD7E1E          19      LD  A,(IY+01EH)
                                #endif
                                
000EE5 4EE5 A7               4      AND A
000EE6 4EE6 ED52            15      SBC HL,DE
000EE8 4EE8 99               4      SBC A,C
000EE9 4EE9 D1              10      POP DE
                                
000EEA 4EEA D8              11      RET C
000EEB 4EEB 4F               4      LD  C,A
000EEC 4EEC EB               4      EX  DE,HL   ;CDE=File byte  HL=Record byte
000EED 4EED B2               4      OR  D
000EEE 4EEE B3               4      OR  E
000EEF 4EEF C0              11      RET NZ
000EF0 4EF0 37               4      SCF
000EF1 4EF1 C9              10      RET
                                
       4EF2                     RBX2:
000EF2 4EF2 ED4BCBF2        20      LD  BC,(RR_LOW+1)
000EF6 4EF6 CD7A4F          17      CALL    RWXR
000EF9 4EF9 3AC7F2          13      LD  A,(CLSZ_H)
000EFC 4EFC 3D               4      DEC A
000EFD 4EFD E5              11      PUSH    HL
000EFE 4EFE 2ACAF2          16      LD  HL,(RR_LOW)
000F01 4F01 A4               4      AND H
000F02 4F02 B5               4      OR  L
000F03 4F03 E1              10      POP HL
000F04 4F04 C9              10      RET
                                
       4F05                     RBXA:
000F05 4F05 D5              11      PUSH    DE
000F06 4F06 CDEC4F          17      CALL    CLUST
000F09 4F09 ED53D2F2        20      LD  (_DTPS),DE
000F0D 4F0D D1              10      POP DE
000F0E 4F0E CDC94F          17      CALL    GNCL
000F11 4F11 D8              11      RET C
000F12 4F12 ED53CEF2        20      LD  (_CLPS),DE
                                
000F16 4F16 ED4BCAF2        20      LD  BC,(RR_LOW)
000F1A 4F1A 2AC6F2          16      LD  HL,(CLSZ)
000F1D 4F1D 7C               4      LD  A,H
000F1E 4F1E 3D               4      DEC A
000F1F 4F1F A0               4      AND B
000F20 4F20 47               4      LD  B,A
000F21 4F21 ED42            15      SBC HL,BC       ;remaining cluster
                                
000F23 4F23 ED5BF3F2        20      LD  DE,(LEFTX)
000F27 4F27 ED52            15      SBC HL,DE       ;CP HL,DE
000F29 4F29 19              11      ADD HL,DE
000F2A 4F2A 3801            12      JR  C,RBXA1
000F2C 4F2C EB               4      EX  DE,HL
       4F2D                     RBXA1:
000F2D 4F2D 3AC4F2          13      LD  A,(_BANK)   ;GNCLでバンクを切り替えたのでデータのあるバンク
                                #if exists USE_NORMAL32K_OR_ASCII16
                                    LD  (ASCII16_BANK1_SEL),A       ;ASCII-16K
                                #else
000F30 4F30 320068          13      LD  (BANK1_SEL),A           ;ASCII-8K/Konami-8K
000F33 4F33 320070          13      LD  (KONAMI_SCC_BANK1_SEL),A    ;Konami-8K/Konami-SCC
                                #endif
000F36 4F36 E5              11      PUSH    HL
000F37 4F37 2AD2F2          16      LD  HL,(_DTPS)
000F3A 4F3A 09              11      ADD HL,BC
000F3B 4F3B ED5BE7F2        20      LD  DE,(DTAX)
000F3F 4F3F C1              10      POP BC
000F40 4F40 C9              10      RET
                                
       4F41                     RBXB:
000F41 4F41 2AE7F2          16      LD  HL,(DTAX)
000F44 4F44 ED5BCEF2        20      LD  DE,(_CLPS)
000F48 4F48 3AF4F2          13      LD  A,(LEFTX+1)
000F4B 4F4B 47               4      LD  B,A
000F4C 4F4C 3AC7F2          13      LD  A,(CLSZ_H)  ;1024=4 / 512=2 / 256=1
       4F4F                     RBXB1:
000F4F 4F4F 1F               4      RRA     ;->CF
000F50 4F50 3804            12      JR  C,RBXB2
000F52 4F52 CB38             8      SRL B   ;B=B/2
000F54 4F54 18F9            12      JR  RBXB1
       4F56                     RBXB2:
000F56 4F56 78               4      LD  A,B
000F57 4F57 B7               4      OR  A
000F58 4F58 C9              10      RET
                                
       4F59                     RBXC:
000F59 4F59 ED4BF3F2        20      LD  BC,(LEFTX)
000F5D 4F5D 3AC7F2          13      LD  A,(CLSZ_H)
000F60 4F60 3D               4      DEC A
000F61 4F61 A0               4      AND B
000F62 4F62 47               4      LD  B,A
000F63 4F63 B1               4      OR  C
000F64 4F64 C9              10      RET
                                
       4F65                     RBXEND:
000F65 4F65 ED5BD0F2        20      LD  DE,(_LEFT)
000F69 4F69 2ACAF2          16      LD  HL,(RR_LOW)
000F6C 4F6C 3ACDF2          13      LD  A,(RR_HIGH+1)
000F6F 4F6F 19              11      ADD HL,DE
000F70 4F70 CE00             7      ADC A,0
000F72 4F72 22CAF2          16      LD  (RR_LOW),HL
000F75 4F75 32CDF2          13      LD  (RR_HIGH+1),A
000F78 4F78 EB               4      EX  DE,HL       ;HL=Read byte
000F79 4F79 C9              10      RET
                                
       4F7A                     RWXR:
000F7A 4F7A 3AC7F2          13      LD  A,(CLSZ_H)  ;1024=4 / 512=2 / 256=1
       4F7D                     L_RWX:
000F7D 4F7D 1F               4      RRA     ;->CF
000F7E 4F7E 3806            12      JR  C,E_RWX
000F80 4F80 CB38             8      SRL B   ;BC=BC/2
000F82 4F82 CB19             8      RR  C   ;
000F84 4F84 18F7            12      JR  L_RWX
       4F86                     E_RWX:
000F86 4F86 3AF1F2          13      LD  A,(_DIR_BANK)
                                #if exists USE_NORMAL32K_OR_ASCII16
                                    LD  (ASCII16_BANK1_SEL),A       ;ASCII-16K
                                
                                    PUSH    HL
                                    LD  HL,(DIRENT1)
                                    LD  DE,0001AH   ;ファイルの先頭クラスタ
                                    ADD HL,DE
                                    CALL    RDSLT_ROM
                                    INC HL
                                    LD  E,A
                                    CALL    RDSLT_ROM
                                    INC HL
                                    LD  D,A
                                    POP HL
                                #else
000F89 4F89 320068          13      LD  (BANK1_SEL),A           ;ASCII-8K/Konami-8K
000F8C 4F8C 320070          13      LD  (KONAMI_SCC_BANK1_SEL),A    ;Konami-8K/Konami-SCC
000F8F 4F8F FD2AEFF2        20      LD  IY,(DIRENT1)
000F93 4F93 FD5E1A          19      LD  E,(IY+01AH) ;ファイルの先頭クラスタ
000F96 4F96 FD561B          19      LD  D,(IY+01BH)
                                #endif
000F99 4F99 CDE455          17      CALL    GET_DISK_BANK_FDRV
       4F9C                     RWX1:
000F9C 4F9C ED53CEF2        20      LD  (_CLPS),DE
000FA0 4FA0 7A               4      LD  A,D
000FA1 4FA1 B3               4      OR  E
000FA2 4FA2 37               4      SCF
000FA3 4FA3 C8              11      RET Z
                                
000FA4 4FA4 78               4      LD  A,B
000FA5 4FA5 B1               4      OR  C
000FA6 4FA6 C8              11      RET Z
                                
000FA7 4FA7 CDC94F          17      CALL    GNCL
000FAA 4FAA D8              11      RET C
000FAB 4FAB 0B               6      DEC BC
000FAC 4FAC CD2B50          17      CALL    ENDCL
000FAF 4FAF 38EB            12      JR  C,RWX1
000FB1 4FB1 37               4      SCF
000FB2 4FB2 C9              10      RET
                                
       4FB3                     NCL3:
000FB3 4FB3 CDE455          17      CALL    GET_DISK_BANK_FDRV
000FB6 4FB6 6B               4      LD  L,E
000FB7 4FB7 62               4      LD  H,D
000FB8 4FB8 CB3C             8      SRL H
000FBA 4FBA CB1D             8      RR  L
000FBC 4FBC 1F               4      RRA
000FBD 4FBD 19              11      ADD HL,DE
000FBE 4FBE 010060          10      LD  BC,BANK1_ADR
000FC1 4FC1 09              11      ADD HL,BC
000FC2 4FC2 ED4BC8F2        20      LD  BC,(SECSZ)
000FC6 4FC6 09              11      ADD HL,BC
000FC7 4FC7 17               4      RLA
000FC8 4FC8 C9              10      RET
                                
       4FC9                     GNCL:
000FC9 4FC9 7A               4      LD  A,D
000FCA 4FCA B3               4      OR  E
000FCB 4FCB 37               4      SCF
000FCC 4FCC C8              11      RET Z
000FCD 4FCD C5              11      PUSH    BC
000FCE 4FCE E5              11      PUSH    HL
000FCF 4FCF CDB34F          17      CALL    NCL3
000FD2 4FD2 3809            12      JR  C,GNC1
000FD4 4FD4 5E               7      LD  E,(HL)
000FD5 4FD5 23               6      INC HL
000FD6 4FD6 7E               7      LD  A,(HL)
000FD7 4FD7 E60F             7      AND 00FH
000FD9 4FD9 57               4      LD  D,A
000FDA 4FDA E1              10      POP HL
000FDB 4FDB C1              10      POP BC
000FDC 4FDC C9              10      RET
       4FDD                     GNC1:
000FDD 4FDD 7E               7      LD  A,(HL)
000FDE 4FDE 23               6      INC HL
000FDF 4FDF 56               7      LD  D,(HL)
000FE0 4FE0 0604             7      LD  B,4
       4FE2                     GNC1L:
000FE2 4FE2 CB3A             8      SRL D
000FE4 4FE4 1F               4      RRA
000FE5 4FE5 10FB            13      DJNZ    GNC1L
                                
000FE7 4FE7 5F               4      LD  E,A
000FE8 4FE8 E1              10      POP HL
000FE9 4FE9 C1              10      POP BC
000FEA 4FEA A7               4      AND A
000FEB 4FEB C9              10      RET
                                
       4FEC                     CLUST:
000FEC 4FEC EB               4      EX  DE,HL
       4FED                     CLUST_HL:
000FED 4FED 2B               6      DEC HL
000FEE 4FEE 2B               6      DEC HL
000FEF 4FEF C5              11      PUSH    BC
000FF0 4FF0 3AC7F2          13      LD  A,(CLSZ_H)
000FF3 4FF3 CD0D56          17      CALL    MUL_AHL
                                
000FF6 4FF6 CDBE50          17      CALL    GET_DIR_POS
000FF9 4FF9 4F               4      LD  C,A
000FFA 4FFA 0600             7      LD  B,0
000FFC 4FFC 09              11      ADD HL,BC
                                
000FFD 4FFD ED4B1160        20      LD  BC,(BANK1_ADR+17)   ;BPB_RootEntCnt
001001 5001 CB38             8      SRL B
001003 5003 CB19             8      RR  C           ;/2
001005 5005 CB38             8      SRL B
001007 5007 CB19             8      RR  C           ;/4
001009 5009 CB38             8      SRL B
00100B 500B CB19             8      RR  C           ;/8
00100D 500D 09              11      ADD HL,BC
                                #if exists USE_NORMAL32K_OR_ASCII16
                                    LD  A,L
                                    LD  BC,-00020H  ;先頭の8KB部分
                                    ADD HL,BC
                                    JR  NC,CLUST2
                                    LD  C,L     ;C=読み出し元
                                    ADD HL,HL   ;64KB→32KB
                                    ADD HL,HL   ;32KB→16KB バンク切り替えのサイズに合わせる
                                    CALL    GET_DISK_BANK_FDRV
                                    ADD A,H
                                    LD  (ASCII16_BANK1_SEL),A   ;ASCII-16K
                                    LD  (_BANK),A
                                    LD  L,C     ;C=読み出し元
                                    LD  A,03FH      ;セグメントのサイズでフィルタする(16K:3F)
                                    AND L
                                    ADD A,020H
                                #else
00100E 500E 4D               4      LD  C,L     ;C=読み出し元
00100F 500F 29              11      ADD HL,HL   ;64KB→32KB
001010 5010 29              11      ADD HL,HL   ;32KB→16KB
001011 5011 29              11      ADD HL,HL   ;16KB→8KB  バンク切り替えのサイズに合わせる
001012 5012 CDE455          17      CALL    GET_DISK_BANK_FDRV
001015 5015 84               4      ADD A,H
001016 5016 320068          13      LD  (BANK1_SEL),A           ;ASCII-8K/Konami-8K
001019 5019 320070          13      LD  (KONAMI_SCC_BANK1_SEL),A    ;Konami-8K/Konami-SCC
00101C 501C 32C4F2          13      LD  (_BANK),A
00101F 501F 69               4      LD  L,C     ;C=読み出し元
001020 5020 3E1F             7      LD  A,01FH          ;セグメントのサイズでフィルタする(8K:1F)
001022 5022 A5               4      AND L
                                #endif
       5023                     CLUST2:
001023 5023 C660             7      ADD A,high BANK1_ADR
001025 5025 67               4      LD  H,A
001026 5026 2E00             7      LD  L,0
001028 5028 EB               4      EX  DE,HL
001029 5029 C1              10      POP BC
00102A 502A C9              10      RET
                                
       502B                     ENDCL:
00102B 502B 7A               4      LD  A,D ;END CLUSTER
00102C 502C FE0F             7      CP  00FH    ;FAT12の最大値
00102E 502E C0              11      RET NZ
00102F 502F 7B               4      LD  A,E
001030 5030 FEF7             7      CP  0F7H
001032 5032 C9              10      RET
                                
       5033                     RB_READ:
001033 5033 AF               4      XOR A   ;HLA = HL*128
001034 5034 CB3C             8      SRL H
001036 5036 CB1D             8      RR  L
001038 5038 1F               4      RRA
001039 5039 32CAF2          13      LD  (RR_LOW),A
00103C 503C 22CBF2          16      LD  (RR_MID),HL
00103F 503F 218000          10      LD  HL,128
                                
001042 5042 CDAF4B          17      CALL    ROM_READ
001045 5045 C9              10      RET
                                
       5046                     GETSEQ:
001046 5046 FD6E20          19      LD  L,(IY+32)
001049 5049 FD660C          19      LD  H,(IY+12)
                                
00104C 504C CB25             8      SLA L
                                
00104E 504E CB3C             8      SRL H
001050 5050 CB1D             8      RR  L
001052 5052 C9              10      RET
                                
       5053                     SETSEQ:
001053 5053 F5              11      PUSH    AF
001054 5054 3ACAF2          13      LD  A,(RR_LOW)
001057 5057 2ACBF2          16      LD  HL,(RR_MID)
                                
00105A 505A CD7150          17      CALL    SSQ1
                                
00105D 505D 29              11      ADD HL,HL
00105E 505E CB3D             8      SRL L
001060 5060 FD7520          19      LD  (IY+32),L
001063 5063 FD740C          19      LD  (IY+12),H
001066 5066 F1              10      POP AF
001067 5067 C9              10      RET
                                
       5068                     GETSIZE:
001068 5068 FD7E10          19      LD  A,(IY+16)
00106B 506B FD6E11          19      LD  L,(IY+17)
00106E 506E FD6612          19      LD  H,(IY+18)
       5071                     SSQ1:
001071 5071 87               4      ADD A,A
001072 5072 ED6A            15      ADC HL,HL
001074 5074 B7               4      OR  A
001075 5075 C8              11      RET Z
001076 5076 23               6      INC HL
001077 5077 C9              10      RET
                                
       5078                     SET_FCB:
001078 5078 D5              11      PUSH    DE
001079 5079 FDE1            14      POP IY
00107B 507B FD7E1C          19      LD  A,(IY+28)
00107E 507E FEFF             7      CP  0FFH
001080 5080 201B            12      JR  NZ,POPAF_SCF_FF_RET
001082 5082 E5              11      PUSH    HL
001083 5083 FD6E1A          19      LD  L,(IY+26)
001086 5086 FD661B          19      LD  H,(IY+27)
001089 5089 22CEF2          16      LD  (_CLPS),HL
00108C 508C FD7E1D          19      LD  A,(IY+29)
00108F 508F 32F1F2          13      LD  (_DIR_BANK),A
001092 5092 FD6E1E          19      LD  L,(IY+30)
001095 5095 FD661F          19      LD  H,(IY+31)
001098 5098 22EFF2          16      LD  (DIRENT1),HL
00109B 509B E1              10      POP HL
00109C 509C C9              10      RET
                                
       509D                     POPAF_SCF_FF_RET:
00109D 509D F1              10      POP AF
00109E 509E 37               4      SCF
00109F 509F 9F               4      SBC A,A
0010A0 50A0 C9              10      RET
                                
       50A1                     GET_DIR_DAT:
0010A1 50A1 2AF9F2          16      LD  HL,(_CDX)
0010A4 50A4 7C               4      LD  A,H
0010A5 50A5 B5               4      OR  L
0010A6 50A6 2035            12      JR  NZ,GET_SUBDIR
0010A8 50A8 CDBE50          17      CALL    GET_DIR_POS
0010AB 50AB C660             7      ADD A,high BANK1_ADR
0010AD 50AD 2E00             7      LD  L,0
0010AF 50AF 67               4      LD  H,A         ;HL=BANK1_ADR+(BPB_RsvdSecCnt+BPB_FATSz16*BPB_NumFATs)*BPB_BytsPerSec
                                #if exists USE_NORMAL32K_OR_ASCII16
                                #else
0010B0 50B0 CD794E          17      CALL    CHECK_DIR_PAGE
                                #endif
0010B3 50B3 3AC5F2          13      LD  A,(_BANK1)
0010B6 50B6 32F1F2          13      LD  (_DIR_BANK),A
                                
0010B9 50B9 3A1160          13      LD  A,(BANK1_ADR+17)    ;BPB_RootEntCnt
0010BC 50BC 4F               4      LD  C,A
0010BD 50BD C9              10      RET
                                
       50BE                     GET_DIR_POS:                ;ルートディレクトリ
0010BE 50BE CDE455          17      CALL    GET_DISK_BANK_FDRV
0010C1 50C1 32C5F2          13      LD  (_BANK1),A
0010C4 50C4 3A1060          13      LD  A,(BANK1_ADR+16)    ;BPB_NumFATs
0010C7 50C7 47               4      LD  B,A
0010C8 50C8 3A1660          13      LD  A,(BANK1_ADR+22)    ;BPB_FATSz16
0010CB 50CB 4F               4      LD  C,A
0010CC 50CC 3A0E60          13      LD  A,(BANK1_ADR+14)    ;BPB_RsvdSecCnt
       50CF                     GET_DIR_POS1:
0010CF 50CF 81               4      ADD A,C
0010D0 50D0 10FD            13      DJNZ    GET_DIR_POS1
                                
0010D2 50D2 ED4B0B60        20      LD  BC,(BANK1_ADR+11)   ;BPB_BytsPerSec
0010D6 50D6 37               4      SCF     ;無限ループ回避
       50D7                     L_MDP:
0010D7 50D7 CB18             8      RR  B   ;->CF
0010D9 50D9 D8              11      RET C
0010DA 50DA 87               4      ADD A,A
0010DB 50DB 18FA            12      JR  L_MDP
                                
       50DD                     GET_SUBDIR:             ;サブディレクトリ
0010DD 50DD CDED4F          17      CALL    CLUST_HL
0010E0 50E0 EB               4      EX  DE,HL
0010E1 50E1 3AC4F2          13      LD  A,(_BANK)
0010E4 50E4 32F1F2          13      LD  (_DIR_BANK),A
0010E7 50E7 3AC7F2          13      LD  A,(CLSZ_H)
0010EA 50EA 87               4      ADD A,A     ;*2
0010EB 50EB 87               4      ADD A,A     ;*4
0010EC 50EC 87               4      ADD A,A     ;*8
0010ED 50ED 4F               4      LD  C,A
0010EE 50EE C9              10      RET
                                
       50EF                     STATEMENT:
0010EF 50EF 119453          10      LD  DE,STR_CHDIR
0010F2 50F2 CD2D53          17      CALL    CPPROCNM
0010F5 50F5 2812            12      JR  Z,_CHDIR
0010F7 50F7 119A53          10      LD  DE,STR_CHDRV
0010FA 50FA CD2D53          17      CALL    CPPROCNM
0010FD 50FD 281C            12      JR  Z,_CHDRV
0010FF 50FF 11A053          10      LD  DE,STR_RAMDISK
001102 5102 CD2D53          17      CALL    CPPROCNM
001105 5105 2829            12      JR  Z,_RAMDISK
001107 5107 37               4      SCF
001108 5108 C9              10      RET
       5109                     _CHDIR:
001109 5109 7E               7      LD  A,(HL)
00110A 510A FE28             7      CP  '('
00110C 510C 37               4      SCF
00110D 510D C0              11      RET NZ
00110E 510E CD5649          17      CALL    INIT_PARAM
001111 5111 CD504C          17      CALL    FILE_B
001114 5114 CD5751          17      CALL    ROM_CD
001117 5117 D0              11      RET NC
001118 5118 C30148          10      JP  ERROR_FILE_NOT_FOUND
                                
       511B                     _CHDRV:
00111B 511B 7E               7      LD  A,(HL)
00111C 511C FE28             7      CP  '('
00111E 511E 37               4      SCF
00111F 511F C0              11      RET NZ
001120 5120 CD5649          17      CALL    INIT_PARAM
001123 5123 E5              11      PUSH    HL
001124 5124 CD504C          17      CALL    FILE_B
001127 5127 E1              10      POP HL
001128 5128 23               6      INC HL
001129 5129 3A00F3          13      LD  A,(FDRV)
00112C 512C 3D               4      DEC A
00112D 512D C32A59          10      JP  _SYS0EX1
                                
       5130                     _RAMDISK:
001130 5130 7E               7      LD  A,(HL)
001131 5131 FE28             7      CP  '('
001133 5133 37               4      SCF
001134 5134 C0              11      RET NZ
001135 5135 23               6      INC HL
001136 5136 DD212F54        14      LD  IX,FRMQNT
00113A 513A CD8445          17      CALL    CALSLT_BIOS
00113D 513D E5              11      PUSH    HL
00113E 513E 110F00          10      LD  DE,15       ;切り上げの為
001141 5141 19              11      ADD HL,DE
001142 5142 7D               4      LD  A,L
001143 5143 0604             7      LD  B,4     ;16で割る
       5145                     RAMDISK1:
001145 5145 CB3C             8      SRL H   ;/2
001147 5147 1F               4      RRA
001148 5148 10FB            13      DJNZ    RAMDISK1
00114A 514A FEFF             7      CP  0FFH
00114C 514C 2001            12      JR  NZ,RAMDISK2
00114E 514E 3D               4      DEC A
       514F                     RAMDISK2:
00114F 514F 47               4      LD  B,A
001150 5150 CD635B          17      CALL    _SYS68
                                
001153 5153 E1              10      POP HL
001154 5154 23               6      INC HL
001155 5155 AF               4      XOR A
001156 5156 C9              10      RET
                                
       5157                     ROM_CD:
001157 5157 3A01F3          13      LD  A,(FNAME)
00115A 515A FE20             7      CP  020H
00115C 515C 2822            12      JR  Z,CD1
00115E 515E CDD94D          17      CALL    ROM_OPEN
001161 5161 D8              11      RET C
                                #if exists USE_NORMAL32K_OR_ASCII16
                                    PUSH    DE
                                    LD  HL,(DIRENT1)
                                    LD  DE,0000BH   ;属性(アトリビュート)
                                    ADD HL,DE
                                    CALL    RDSLT_ROM
                                    POP DE
                                    BIT 4,A     ;ディレクトリ
                                    JP  Z,ERROR_FILE_NOT_FOUND
                                    PUSH    DE
                                    LD  HL,(DIRENT1)
                                    LD  DE,0001AH   ;ファイルの先頭クラスタ
                                    ADD HL,DE
                                    CALL    RDSLT_ROM
                                    INC HL
                                    LD  E,A
                                    CALL    RDSLT_ROM
                                    LD  D,A
                                    EX  DE,HL
                                    POP DE
                                #else
001162 5162 FD2AEFF2        20      LD  IY,(DIRENT1)
001166 5166 FDCB0B66        20      BIT 4,(IY+00BH) ;属性(アトリビュート) ディレクトリ
00116A 516A CA0148          10      JP  Z,ERROR_FILE_NOT_FOUND
00116D 516D FD6E1A          19      LD  L,(IY+01AH) ;ファイルの先頭クラスタ
001170 5170 FD661B          19      LD  H,(IY+01BH)
                                #endif
       5173                     CD2:
001173 5173 CDB155          17      CALL    SET_CD_FDRV
001176 5176 2AF7F2          16      LD  HL,(PARAM1)
       5179                     CD_SKIP:
001179 5179 7E               7      LD  A,(HL)
00117A 517A 23               6      INC HL
00117B 517B FE21             7      CP  021H
00117D 517D 38FA            12      JR  C,CD_SKIP
00117F 517F C9              10      RET
       5180                     CD1:
001180 5180 2AF9F2          16      LD  HL,(_CDX)
001183 5183 18EE            12      JR  CD2
                                
       5185                     GET_BASIC_FCB:
001185 5185 D5              11      PUSH    DE
001186 5186 23               6      INC HL  ;+1
001187 5187 5E               7      LD  E,(HL)  ;FCB[1]
001188 5188 23               6      INC HL  ;+2
001189 5189 56               7      LD  D,(HL)  ;FCB[2]
00118A 518A 23               6      INC HL  ;+3
00118B 518B ED53EFF2        20      LD  (DIRENT1),DE
                                            ;FCB[3] backup char
00118F 518F 23               6      INC HL  ;+4
                                            ;FCB[4]
001190 5190 23               6      INC HL  ;+5
001191 5191 7E               7      LD  A,(HL)  ;FCB[5]
001192 5192 23               6      INC HL  ;+6
001193 5193 32F1F2          13      LD  (_DIR_BANK),A
001196 5196 5E               7      LD  E,(HL)  ;FCB[6]
001197 5197 23               6      INC HL  ;+7
001198 5198 56               7      LD  D,(HL)  ;FCB[7]
001199 5199 23               6      INC HL  ;+8
00119A 519A ED53CAF2        20      LD  (RR_LOW),DE
00119E 519E 7E               7      LD  A,(HL)  ;FCB[8]
00119F 519F 23               6      INC HL  ;+9
0011A0 51A0 32CCF2          13      LD  (RR_HIGH),A
0011A3 51A3 22D4F2          16      LD  (_DTA),HL   ;FCB[9]
0011A6 51A6 D1              10      POP DE
0011A7 51A7 C9              10      RET
                                
       51A8                     SET_BASIC_FCB:
0011A8 51A8 E5              11      PUSH    HL
0011A9 51A9 2A64F8          16      LD  HL,(PTRFIL)
0011AC 51AC 23               6      INC HL  ;+1
0011AD 51AD D5              11      PUSH    DE
0011AE 51AE ED5BEFF2        20      LD  DE,(DIRENT1)
0011B2 51B2 73               7      LD  (HL),E  ;FCB[1]
0011B3 51B3 23               6      INC HL  ;+2
0011B4 51B4 72               7      LD  (HL),D  ;FCB[2]
0011B5 51B5 23               6      INC HL  ;+3
0011B6 51B6 77               7      LD  (HL),A  ;FCB[3] backup char ハンドリング必要
0011B7 51B7 23               6      INC HL  ;+4
                                            ;FCB[4] 変更しない
0011B8 51B8 23               6      INC HL  ;+5
0011B9 51B9 3AF1F2          13      LD  A,(_DIR_BANK)
0011BC 51BC 77               7      LD  (HL),A  ;FCB[5]
0011BD 51BD 23               6      INC HL  ;+6
0011BE 51BE ED5BCAF2        20      LD  DE,(RR_LOW)
0011C2 51C2 73               7      LD  (HL),E  ;FCB[6]
0011C3 51C3 23               6      INC HL  ;+7
0011C4 51C4 72               7      LD  (HL),D  ;FCB[7]
0011C5 51C5 23               6      INC HL  ;+8
0011C6 51C6 3ACCF2          13      LD  A,(RR_HIGH)
0011C9 51C9 77               7      LD  (HL),A  ;FCB[8]
0011CA 51CA D1              10      POP DE
0011CB 51CB E1              10      POP HL
0011CC 51CC C9              10      RET
                                
                                ;--------------------------------------
                                ;FUNC_18:BACKUP
                                ;in
                                ;   C : backup charactor
                                ;   HL: FBC pointer
                                ;out
       51CD                     DEVICE_18_BACKUP:
0011CD 51CD D5              11      PUSH    DE
0011CE 51CE E5              11      PUSH    HL
0011CF 51CF 110300          10      LD  DE,3
0011D2 51D2 19              11      ADD HL,DE
0011D3 51D3 71               7      LD  (HL),C
0011D4 51D4 E1              10      POP HL
0011D5 51D5 D1              10      POP DE
0011D6 51D6 C9              10      RET
                                
       51D7                     DEVICE_CHECK:
0011D7 51D7 3A8AFD          13      LD  A,(PROCNM+1)
0011DA 51DA B7               4      OR  A
0011DB 51DB C8              11      RET Z
0011DC 51DC 11A853          10      LD  DE,STR_ROM
0011DF 51DF CD2D53          17      CALL    CPPROCNM
0011E2 51E2 2802            12      JR  Z,DEVICE_OK
0011E4 51E4 37               4      SCF
0011E5 51E5 C9              10      RET
       51E6                     DEVICE_OK:
0011E6 51E6 AF               4      XOR A
0011E7 51E7 C9              10      RET
                                
                                ;--------------------------------------
                                ;FUNC_0:open
                                ;in
                                ;   A : 0
                                ;   C : receive buffer size ?
                                ;   E : open mode
                                ;   HL: FCB pointer
                                ;out
                                ;   CF: 0=OK ,1=ERROR
                                ;note:
                                ;
                                ; FCB
                                ; +00: OPEN MODE
                                ; +01: 対象ファイルのディレクトリエントリのアドレスL
                                ; +02: 対象ファイルのディレクトリエントリのアドレスH
                                ; +03: backup charactor buffer
                                ; +04: device ID (FF=CAS,FE=LPT,FD=CRT,FC=?,other=ROM-SLOT)
                                ; +05: 対象ディレクトリのバンク
                                ; +06: ランダムレコードL
                                ; +07: ランダムレコードM
                                ; +08: ランダムレコードH
                                ; +09: バッファ
                                
       51E8                     DEVICE_0_OPEN:
0011E8 51E8 7B               4      LD  A,E
0011E9 51E9 FE02             7      CP  2       ;FOR OUTPUT
0011EB 51EB 281B            12      JR  Z,OPEN2
0011ED 51ED D5              11      PUSH    DE
0011EE 51EE E5              11      push    hl
                                ;
0011EF 51EF 3E01             7      LD  A,1     ;ドライブA
0011F1 51F1 3200F3          13      LD  (FDRV),A
0011F4 51F4 2166F8          10      LD  HL,FILNAM
0011F7 51F7 1101F3          10      LD  DE,FNAME
0011FA 51FA 010B00          10      LD  BC,8+3
0011FD 51FD CD775B          17      CALL    INIT_FILE1
001200 5200 CDD94D          17      CALL    ROM_OPEN
001203 5203 DA0148          10      JP  C,ERROR_FILE_NOT_FOUND
001206 5206 E1              10      pop hl
001207 5207 D1              10      POP DE
       5208                     OPEN2:
001208 5208 2264F8          16      ld  (PTRFIL),hl ;ストアしないとエラーになる
00120B 520B 73               7      ld  (hl),e  ;FCB[0] ;open type : 合わせないとエラーになる
00120C 520C AF               4      XOR A
00120D 520D 32F3F2          13      LD  (LEFTX),A
001210 5210 CDA851          17      CALL    SET_BASIC_FCB
001213 5213 7B               4      ld  a,e
001214 5214 FE08             7      cp  8
001216 5216 3F               4      ccf
001217 5217 C9              10      ret
                                
       5218                     DEVICE_2_CLOSE:
001218 5218 AF               4      XOR A
                                ;   LD  (HL),A
001219 5219 6F               4      LD  L,A
00121A 521A 67               4      LD  H,A
00121B 521B 2264F8          16      LD  (PTRFIL),HL
00121E 521E C9              10      RET
                                
       521F                     DEVICE_ENTRY:
00121F 521F FE08             7      CP  8
001221 5221 2826            12      JR  Z,DEVICE_8_SIN
001223 5223 3C               4      INC A
001224 5224 28B1            12      JR  Z,DEVICE_CHECK:
001226 5226 3D               4      DEC A
001227 5227 28BF            12      JR  Z,DEVICE_0_OPEN
001229 5229 FE0E             7      CP  14
00122B 522B 2851            12      JR  Z,DEVICE_14_EOF
00122D 522D FE04             7      CP  4
00122F 522F 2834            12      JR  Z,DEVICE_4_RANDOM
001231 5231 FE0A             7      CP  10
001233 5233 2841            12      JR  Z,DEVICE_10_LOC
001235 5235 FE0C             7      CP  12
001237 5237 286A            12      JR  Z,DEVICE_12_LOF
001239 5239 FE02             7      CP  2
00123B 523B 2890            12      JR  Z,DEVICE_18_BACKUP
00123D 523D FE02             7      CP  2
00123F 523F 28D7            12      JR  Z,DEVICE_2_CLOSE
001241 5241 FE06             7      CP  6
001243 5243 2802            12      JR  Z,DEVICE_6_SOUT
001245 5245 37               4      SCF
001246 5246 C9              10      RET
                                
       5247                     DEVICE_6_SOUT:
001247 5247 AF               4      XOR A
001248 5248 C9              10      RET
                                
       5249                     DEVICE_8_SIN:
001249 5249 CD8551          17      CALL    GET_BASIC_FCB
00124C 524C 210100          10      LD  HL,1
00124F 524F CDAF4B          17      CALL    ROM_READ
001252 5252 7C               4      LD  A,H
001253 5253 B5               4      OR  L
001254 5254 280D            12      JR  Z,CCF_RET
001256 5256 2AD4F2          16      LD  HL,(_DTA)
001259 5259 7E               7      LD  A,(HL)
00125A 525A F5              11      PUSH    AF
00125B 525B CDA851          17      CALL    SET_BASIC_FCB
00125E 525E F1              10      POP AF
00125F 525F FE0A             7      CP  00AH
001261 5261 C8              11      RET Z   ;ZF=separate
                                ;   CP  01AH
                                ;   JR  Z,SCF_RET
001262 5262 37               4      SCF     ;
       5263                     CCF_RET:
001263 5263 3F               4      CCF     ;ZF=0 CF=0にしたい
001264 5264 C9              10      RET
                                
                                ;--------------------------------------
                                ;FUNC_4:RANDOM
                                ;in
                                ;   A : 4
                                ;   unknown
                                ;out
                                ;   unknown
                                ;note:
       5265                     DEVICE_4_RANDOM:
001265 5265 D5              11      PUSH    DE
001266 5266 CD8551          17      CALL    GET_BASIC_FCB
001269 5269 CD7653          17      CALL    FRCINT2HL
00126C 526C 22CAF2          16      LD  (RR_LOW),HL
00126F 526F AF               4      XOR A
001270 5270 CDA851          17      CALL    SET_BASIC_FCB
001273 5273 D1              10      POP DE
001274 5274 AF               4      XOR A
001275 5275 C9              10      RET
                                
                                ;FUNC_10:LOC
                                ;in
                                ;   A : 10
                                ;out
                                ;   DAC    : value of received bytes
                                ;   VALTYP : DAC type
       5276                     DEVICE_10_LOC:
001276 5276 CD8551          17      CALL    GET_BASIC_FCB
001279 5279 2ACAF2          16      LD  HL,(RR_LOW)
00127C 527C 183E            12      JR  RETURN_TYPE8_AHL
                                
                                ;--------------------------------------
                                ;FUNC_14:EOF
                                ;in
                                ;   A : 14
                                ;out
                                ;   DAC    : value of EOF value (EOF=-1)
                                ;   VALTYP : DAC type
       527E                     DEVICE_14_EOF:
00127E 527E CD8551          17      CALL    GET_BASIC_FCB
001281 5281 CDC64E          17      CALL    RBX1
001284 5284 3810            12      JR  C,DEVICE_14_EOF1
001286 5286 210100          10      LD  HL,1
001289 5289 CDAF4B          17      CALL    ROM_READ
00128C 528C 2AD4F2          16      LD  HL,(_DTA)
00128F 528F 7E               7      LD  A,(HL)
001290 5290 FE1A             7      CP  01AH
001292 5292 37               4      SCF
001293 5293 2801            12      JR  Z,DEVICE_14_EOF1
001295 5295 3F               4      CCF
       5296                     DEVICE_14_EOF1:
001296 5296 9F               4      SBC A,A
001297 5297 6F               4      LD  L,A
001298 5298 67               4      LD  H,A
       5299                     return_type2_hl:
001299 5299 22F8F7          16      ld  (DACDAT),hl
00129C 529C 3E02             7      ld  a,2
00129E 529E 3263F6          13      ld  (VALTYP),a
0012A1 52A1 A7               4      AND A
0012A2 52A2 C9              10      ret
                                
                                ;--------------------------------------
                                ;FUNC_16:FPOS
                                ;in
                                ;   unknown
                                ;out
                                ;   unknown
                                ;note:
                                ;   illegal function call
                                
                                ;--------------------------------------
                                ;FUNC_12:LOF
                                ;in
                                ;   A : 12
                                ;out
                                ;   DAC    : value of LOC+RSIQLN
                                ;   VALTYP : DAC type
       52A3                     DEVICE_12_LOF:
0012A3 52A3 CD8551          17      CALL    GET_BASIC_FCB
                                
0012A6 52A6 3AF1F2          13      LD  A,(_DIR_BANK)
                                #if exists USE_NORMAL32K_OR_ASCII16
                                    LD  (ASCII16_BANK1_SEL),A       ;ASCII-16K
                                    PUSH    DE
                                    LD  HL,(DIRENT1)
                                    LD  DE,0001CH
                                    ADD HL,DE
                                    CALL    RDSLT_ROM
                                    INC HL
                                    LD  E,A
                                    CALL    RDSLT_ROM
                                    INC HL
                                    LD  D,A
                                    CALL    RDSLT_ROM
                                    EX  DE,HL       ;AHL=File size
                                    POP DE
                                #else
0012A9 52A9 320068          13      LD  (BANK1_SEL),A           ;ASCII-8K/Konami-8K
0012AC 52AC 320070          13      LD  (KONAMI_SCC_BANK1_SEL),A    ;Konami-8K/Konami-SCC
0012AF 52AF FD2AEFF2        20      LD  IY,(DIRENT1)
0012B3 52B3 FD6E1C          19      LD  L,(IY+01CH) ;AHL=File size
0012B6 52B6 FD661D          19      LD  H,(IY+01DH)
0012B9 52B9 FD7E1E          19      LD  A,(IY+01EH)
                                #endif
       52BC                     RETURN_TYPE8_AHL:
0012BC 52BC B7               4      OR  A
0012BD 52BD 2004            12      JR  NZ,RT8AHL1
0012BF 52BF CB7C             8      BIT 7,H
0012C1 52C1 28D6            12      JR  Z,return_type2_hl
       52C3                     RT8AHL1:
0012C3 52C3 E5              11      PUSH    HL
0012C4 52C4 29              11      ADD HL,HL
0012C5 52C5 8F               4      ADC A,A
0012C6 52C6 32F8F7          13      LD  (DACDAT),A
0012C9 52C9 3E00             7      LD  A,0
0012CB 52CB 8F               4      ADC A,A
0012CC 52CC 32F9F7          13      LD  (DACDAT+1),A
                                
0012CF 52CF 3E02             7      LD  A,2
0012D1 52D1 3263F6          13      LD  (VALTYP),A
0012D4 52D4 DD213A30        14      LD  IX,FRCDBL
0012D8 52D8 FD2AC0FC        20      LD  IY,(EXPTBL-1)   ;メインROMスロット
0012DC 52DC CDB0F2          17      CALL    CAL_MP
                                
0012DF 52DF 212553          10      LD  HL,DBL32768
0012E2 52E2 1147F8          10      LD  DE,ARG
0012E5 52E5 010800          10      LD  BC,8
0012E8 52E8 EDB0                    LDIR
                                
0012EA 52EA DD21E627        14      LD  IX,DECMUL
0012EE 52EE FD2AC0FC        20      LD  IY,(EXPTBL-1)   ;メインROMスロット
0012F2 52F2 CDB0F2          17      CALL    CAL_MP
                                
0012F5 52F5 21F6F7          10      LD  HL,DAC
0012F8 52F8 1147F8          10      LD  DE,ARG
0012FB 52FB 010800          10      LD  BC,8
0012FE 52FE EDB0                    LDIR
                                
001300 5300 E1              10      POP HL
001301 5301 22F8F7          16      LD  (DACDAT),HL
                                
001304 5304 3E02             7      LD  A,2
001306 5306 3263F6          13      LD  (VALTYP),A
001309 5309 DD213A30        14      LD  IX,FRCDBL
00130D 530D FD2AC0FC        20      LD  IY,(EXPTBL-1)   ;メインROMスロット
001311 5311 CDB0F2          17      CALL    CAL_MP
                                
001314 5314 DD219A26        14      LD  IX,DECADD
001318 5318 FD2AC0FC        20      LD  IY,(EXPTBL-1)   ;メインROMスロット
00131C 531C CDB0F2          17      CALL    CAL_MP
                                
00131F 531F 3E08             7      LD  A,8
001321 5321 3263F6          13      LD  (VALTYP),A
001324 5324 C9              10      RET
                                
       5325                     DBL32768:
001325 5325 4532768000000000        DB  045H,032H,076H,080H,0,0,0,0
                                
       532D                     CPPROCNM:
00132D 532D E5              11      PUSH    HL
00132E 532E 2189FD          10      LD  HL,PROCNM
       5331                     CPPROCNM1:
001331 5331 1A               7      LD  A,(DE)
001332 5332 13               6      INC DE
001333 5333 BE               7      CP  (HL)
001334 5334 23               6      INC HL
001335 5335 2003            12      JR  NZ,CPPROCNM2
001337 5337 B7               4      OR  A
001338 5338 20F7            12      JR  NZ,CPPROCNM1
       533A                     CPPROCNM2:
00133A 533A E1              10      POP HL
00133B 533B C9              10      RET
                                
       533C                     ROM_MKI:
00133C 533C CD7653          17      CALL    FRCINT2HL
00133F 533F 2261F5          16      LD  (BUF+3),HL
001342 5342 3E02             7      LD  A,2     ;返す文字列の長さ
001344 5344 325EF5          13      LD  (BUF),A
001347 5347 2161F5          10      LD  HL,BUF+3
00134A 534A 225FF5          16      LD  (BUF+1),HL
00134D 534D 215EF5          10      LD  HL,BUF
001350 5350 22F8F7          16      LD  (DACDAT),HL
001353 5353 3E03             7      LD  A,3     ;文字列
001355 5355 3263F6          13      LD  (VALTYP),A
001358 5358 A7               4      AND A
001359 5359 C9              10      RET
                                
       535A                     ROM_CVI:
00135A 535A DD21D067        14      LD  IX,FRESTR
00135E 535E CD8445          17      CALL    CALSLT_BIOS
001361 5361 23               6      INC HL
001362 5362 5E               7      LD  E,(HL)
001363 5363 23               6      INC HL
001364 5364 56               7      LD  D,(HL)
001365 5365 EB               4      EX  DE,HL
001366 5366 5E               7      LD  E,(HL)
001367 5367 23               6      INC HL
001368 5368 56               7      LD  D,(HL)
001369 5369 EB               4      EX  DE,HL
00136A 536A C39952          10      JP  return_type2_hl
                                
       536D                     ROM_DSKF:
00136D 536D CD7653          17      CALL    FRCINT2HL
001370 5370 210000          10      LD  HL,0
001373 5373 C39952          10      JP  return_type2_hl
                                
                                ;
                                ;   DACの値を整数化してHLで返す
                                ;
       5376                     FRCINT2HL:
001376 5376 DDE5            15      PUSH    IX
001378 5378 DD218A2F        14      LD  IX,FRCINT
00137C 537C FD2AC0FC        20      LD  IY,(EXPTBL-1)   ;メインROMスロット
001380 5380 CDB0F2          17      CALL    CAL_MP
001383 5383 DDE1            14      POP IX
001385 5385 2AF8F7          16      LD  HL,(DACDAT)
001388 5388 C9              10      RET
                                
       5389                     WILDCARD:
001389 5389 3F3F3F3F3F3F3F3F        DB  "???????????"
            3F3F3F              
                                
       5394                     STR_CHDIR:
001394 5394 434844495200            DB  "CHDIR",0
       539A                     STR_CHDRV:
00139A 539A 434844525600            DB  "CHDRV",0
       53A0                     STR_RAMDISK:
0013A0 53A0 52414D4449534B00        DB  "RAMDISK",0
       53A8                     STR_ROM:
0013A8 53A8 524F4D00                DB  "ROM",0
[EOF:FILE.ASM:UTF_8]
                                    INCLUDE "DISK.ASM"
                                
                                ;   Tablacus DISK ROM - DISK
                                
                                ;   ROM DISK DRIVER
                                ;   1セクタ512
                                
       53AC                     ERROR_WRITE_PROTECTED:
0013AC 53AC 3E00             7      LD  A,0     ;Write protected
0013AE 53AE C9              10      RET
       53AF                     ERROR_NOT_READY:
0013AF 53AF F1              10      POP AF
0013B0 53B0 37               4      SCF
0013B1 53B1 3E02             7      LD  A,2     ;Not ready
0013B3 53B3 C9              10      RET
       53B4                     DISKIO:
0013B4 53B4 38F6            12      JR  C,ERROR_WRITE_PROTECTED
0013B6 53B6 48               4      LD  C,B
0013B7 53B7 CDE755          17      CALL    GET_DISK_BANK
0013BA 53BA F5              11      PUSH    AF
0013BB 53BB 3AC9F2          13      LD  A,(SECSZ_H)
0013BE 53BE B7               4      OR  A
0013BF 53BF 28EE            12      JR  Z,ERROR_NOT_READY
0013C1 53C1 F1              10      POP AF
       53C2                     SETMAP1:
0013C2 53C2 E5              11      PUSH    HL
       53C3                     DISKIO1:
0013C3 53C3 C5              11      PUSH    BC      ;B=残りのセクタ数
0013C4 53C4 D5              11      PUSH    DE      ;DE=セクタ番号
0013C5 53C5 F5              11      PUSH    AF      ;A=8KB単位でカートリッジ内のディスクが存在する位置を指定
                                
0013C6 53C6 EB               4      EX  DE,HL       ;DE=受け取る読み出し先のメモリアドレス HL=セクタ番号
0013C7 53C7 F5              11      PUSH    AF
0013C8 53C8 3AC9F2          13      LD  A,(SECSZ_H)
0013CB 53CB CD0D56          17      CALL    MUL_AHL
0013CE 53CE F1              10      POP AF
                                #if exists USE_NORMAL32K_OR_ASCII16
                                    LD  A,L
                                    PUSH    BC
                                    LD  BC,-00020H  ;先頭の8KB部分
                                    ADD HL,BC
                                    POP BC
                                    JR  NC,DISKIO2
                                    LD  C,L     ;C=読み出し元
                                    ADD HL,HL   ;64KB→32KB
                                    ADD HL,HL   ;32KB→16KB バンク切り替えのサイズに合わせる
                                    CALL    GET_DISK_BANK_FDRV
                                    ADD A,H
                                    LD  (ASCII16_BANK1_SEL),A   ;ASCII-16K
                                    LD  (_BANK),A
                                    LD  L,C     ;C=読み出し元
                                    LD  A,03FH      ;セグメントのサイズでフィルタする(16K:3F)
                                    AND L
                                    ADD A,020H
                                #else
0013CF 53CF 4D               4      LD  C,L     ;C=読み出し元
0013D0 53D0 29              11      ADD HL,HL       ;64KB→32KB
0013D1 53D1 29              11      ADD HL,HL       ;32KB→16KB
0013D2 53D2 29              11      ADD HL,HL       ;16KB→8KB  バンク切り替えのサイズに合わせる
0013D3 53D3 84               4      ADD A,H
0013D4 53D4 320068          13      LD  (BANK1_SEL),A           ;ASCII-8K/Konami-8K
0013D7 53D7 320070          13      LD  (KONAMI_SCC_BANK1_SEL),A    ;Konami-8K/Konami-SCC
0013DA 53DA 32C4F2          13      LD  (_BANK),A
0013DD 53DD 79               4      LD  A,C     ;C=読み出し元
0013DE 53DE E61F             7      AND 01FH        ;セグメントのサイズでフィルタする(8K:1F)
                                #endif
       53E0                     DISKIO2:
0013E0 53E0 C660             7      ADD A,high BANK1_ADR
0013E2 53E2 67               4      LD  H,A
0013E3 53E3 ED4BC8F2        20      LD  BC,(SECSZ)  ;BCは読み出すセクタサイズ
0013E7 53E7 69               4      LD  L,C     ;C=0
0013E8 53E8 CDC945          17      CALL    ROM_LDIR
0013EB 53EB EB               4      EX  DE,HL
0013EC 53EC F1              10      POP AF
0013ED 53ED D1              10      POP DE
0013EE 53EE 13               6      INC DE
0013EF 53EF C1              10      POP BC
0013F0 53F0 10D1            13      DJNZ    DISKIO1
0013F2 53F2 41               4      LD  B,C
                                
0013F3 53F3 E1              10      POP HL
0013F4 53F4 AF               4      XOR A
0013F5 53F5 C9              10      RET
                                
       53F6                     DSKCHG:
0013F6 53F6 CD2F54          17      CALL    IS_BPB
0013F9 53F9 3824            12      JR  C,NOTREADY
0013FB 53FB 3A23FB          13      LD  A,(DRVTBL+2)
0013FE 53FE B7               4      OR  A
0013FF 53FF 201A            12      JR  NZ,DSKCHG1
001401 5401 3A21FB          13      LD  A,(DRVTBL)
001404 5404 FE02             7      CP  2
001406 5406 2013            12      JR  NZ,DSKCHG1
001408 5408 CD2F54          17      CALL    IS_BPB
00140B 540B 300E            12      JR  NC,DSKCHG1
00140D 540D 3E01             7      LD  A,1         ;ドライブテーブルを拡張 A:Tablacus DISK ROM B:MASTER SLOT ROM
00140F 540F 3221FB          13      LD  (DRVTBL),A
001412 5412 3223FB          13      LD  (DRVTBL+2),A
001415 5415 3A48F3          13      LD  A,(MASTERS)
001418 5418 3224FB          13      LD  (DRVTBL+3),A
       541B                     DSKCHG1:
00141B 541B AF               4      XOR A
00141C 541C 0601             7      LD  B,1
00141E 541E C9              10      RET
       541F                     NOTREADY:
00141F 541F 3E02             7      LD  A,2
001421 5421 37               4      SCF
001422 5422 C9              10      RET
                                
       5423                     NO_BPB:
001423 5423 E1              10      POP HL
001424 5424 23               6      INC HL
001425 5425 111356          10      LD  DE,DPB2DD
001428 5428 011200          10      LD  BC,DPB2DD_E-DPB2DD
00142B 542B EDB0                    LDIR
00142D 542D AF               4      XOR A
00142E 542E C9              10      RET
                                
       542F                     IS_BPB:
                                ; in
                                ; A=DRIVE 0:A 1:B
                                ; out
                                ; CF=0ディスクは存在する CF=1 ディスクは存在しない
00142F 542F CDE755          17      CALL    GET_DISK_BANK
                                
001432 5432 3A1560          13      LD  A,(BANK1_ADR+21)    ;BPB_Media
001435 5435 FE01             7      CP  1
001437 5437 D8              11      RET C
                                
001438 5438 3A0B60          13      LD  A,(BANK1_ADR+11)    ;BPB_BytsPerSec
00143B 543B C6FF             7      ADD A,0FFH
00143D 543D D8              11      RET C
                                
00143E 543E 3A0C60          13      LD  A,(BANK1_ADR+12)    ;BPB_BytsPerSec
       5441                     IS_BPB1:
001441 5441 FE01             7      CP  1
001443 5443 C8              11      RET Z
001444 5444 FE02             7      CP  2
001446 5446 C8              11      RET Z
001447 5447 FE04             7      CP  4
001449 5449 C8              11      RET Z
00144A 544A 37               4      SCF
00144B 544B C9              10      RET
                                
       544C                     GETDPB:
00144C 544C E5              11      PUSH    HL
00144D 544D CDE755          17      CALL    GET_DISK_BANK
                                
001450 5450 3A1560          13      LD  A,(BANK1_ADR+21)    ;BPB_Media
001453 5453 B7               4      OR  A
001454 5454 28CD            12      JR  Z,NO_BPB
001456 5456 DDE1            14      POP IX
001458 5458 DD7701          19      LD  (IX+1),A        ;MEDIA
                                
00145B 545B 3A0B60          13      LD  A,(BANK1_ADR+11)    ;BPB_BytsPerSec
00145E 545E DD7702          19      LD  (IX+2),A        ;SECSIZ LOW
                                
001461 5461 3A0C60          13      LD  A,(BANK1_ADR+12)    ;BPB_BytsPerSec
001464 5464 DD7703          19      LD  (IX+3),A        ;SECSIZ HIGH
                                
001467 5467 87               4      ADD A,A
001468 5468 87               4      ADD A,A
001469 5469 87               4      ADD A,A
00146A 546A 3D               4      DEC A
00146B 546B DD7704          19      LD  (IX+4),A        ;DIRMSK
                                
00146E 546E 06FF             7      LD  B,-1
001470 5470 A7               4      AND A           ;無限ループ阻止
       5471                     GETDPB1:
001471 5471 04               4      INC B
001472 5472 1F               4      RRA
001473 5473 38FC            12      JR  C,GETDPB1
001475 5475 DD7005          19      LD  (IX+5),B        ;DIRSHFT
                                
001478 5478 3A0D60          13      LD  A,(BANK1_ADR+13)    ;BPB_SecPerClus
00147B 547B 3D               4      DEC A
00147C 547C DD7706          19      LD  (IX+6),A        ;CLUSMSK
                                
00147F 547F A7               4      AND A           ;無限ループ阻止
001480 5480 06FF             7      LD  B,-1
       5482                     GETDPB2:
001482 5482 04               4      INC B
001483 5483 1F               4      RRA
001484 5484 38FC            12      JR  C,GETDPB2
001486 5486 04               4      INC B
001487 5487 DD7007          19      LD  (IX+7),B        ;CLUSSHFT
                                
00148A 548A 2A0E60          16      LD  HL,(BANK1_ADR+14)   ;BPB_RsvdSecCnt
00148D 548D DD7508          19      LD  (IX+8),L        ;FIRFAT LOW
001490 5490 DD7409          19      LD  (IX+9),H        ;FIRFAT HIGH
                                
001493 5493 3A1060          13      LD  A,(BANK1_ADR+16)    ;BPB_NumFATs
001496 5496 DD770A          19      LD  (IX+10),A       ;FATCNT
                                
001499 5499 3A1160          13      LD  A,(BANK1_ADR+17)    ;BPB_RootEntCnt
00149C 549C DD770B          19      LD  (IX+11),A       ;MAXENT
                                
00149F 549F ED5B1660        20      LD  DE,(BANK1_ADR+22)   ;BPB_FATSz16
0014A3 54A3 DD7310          19      LD  (IX+16),E       ;FATSIZ
                                
0014A6 54A6 DD460A          19      LD  B,(IX+10)       ;FATCNT
0014A9 54A9 210000          10      LD  HL,0
       54AC                     GETDPB3:
0014AC 54AC 19              11      ADD HL,DE
0014AD 54AD 10FD            13      DJNZ    GETDPB3
       54AF                     GETDPB4:
0014AF 54AF DD5E08          19      LD  E,(IX+8)        ;FIRFAT
0014B2 54B2 DD5609          19      LD  D,(IX+9)        ;FIRFAT
0014B5 54B5 19              11      ADD HL,DE
0014B6 54B6 DD7511          19      LD  (IX+17),L       ;FIRDIR
0014B9 54B9 DD7412          19      LD  (IX+18),H       ;FIRDIR
                                
0014BC 54BC DD7E03          19      LD  A,(IX+3)        ;SECSIZ HIGH
0014BF 54BF 87               4      ADD A,A
0014C0 54C0 87               4      ADD A,A
0014C1 54C1 DD5E0B          19      LD  E,(IX+11)       ;MAXENT
       54C4                     GETDPB5:
0014C4 54C4 CB3B             8      SRL E
0014C6 54C6 1F               4      RRA
0014C7 54C7 30FB            12      JR  NC,GETDPB5
0014C9 54C9 1600             7      LD  D,0
0014CB 54CB 19              11      ADD HL,DE
0014CC 54CC DD750C          19      LD  (IX+12),L       ;FIRREC
0014CF 54CF DD740D          19      LD  (IX+13),H       ;FIRREC
                                
0014D2 54D2 2A1360          16      LD  HL,(BANK1_ADR+19)   ;BPB_TotSec16
                                
0014D5 54D5 DD5E0C          19      LD  E,(IX+12)       ;FIRREC
0014D8 54D8 DD560D          19      LD  D,(IX+13)       ;FIRREC
0014DB 54DB A7               4      AND A
0014DC 54DC ED52            15      SBC HL,DE
                                
0014DE 54DE DD7E06          19      LD  A,(IX+6)        ;CLUSMSK
0014E1 54E1 3C               4      INC A
0014E2 54E2 37               4      SCF             ;無限ループ阻止
       54E3                     GETDPB6:
0014E3 54E3 1F               4      RRA
0014E4 54E4 3806            12      JR  C,GETDPB7
0014E6 54E6 CB3C             8      SRL H
0014E8 54E8 CB1D             8      RR  L
0014EA 54EA 18F7            12      JR  GETDPB6
       54EC                     GETDPB7:
0014EC 54EC 23               6      INC HL
0014ED 54ED DD750E          19      LD  (IX+14),L       ;MAXCLUS
0014F0 54F0 DD740F          19      LD  (IX+15),H       ;MAXCLUS
                                
                                    ;1セクタが512バイト以上の場合を考慮(2HD/1セクタ1024バイト/1.23MB等)
       54F3                     GETDPBD1:
0014F3 54F3 DD7E03          19      LD  A,(IX+3)        ;SECSIZ HIGH
0014F6 54F6 E6FC             7      AND 0FCH
0014F8 54F8 C8              11      RET Z
                                
0014F9 54F9 DDCB033E        23      SRL (IX+3)          ;SECSIZ HIGH
                                
0014FD 54FD 37               4      SCF
0014FE 54FE DDCB0616        23      RL  (IX+6)          ;CLUSMSK
                                
001502 5502 DD3407          23      INC (IX+7)          ;CLUSSHFT
                                
001505 5505 DDCB0826        23      SLA (IX+8)          ;FIRFAT LOW
001509 5509 DDCB0916        23      RL  (IX+9)          ;FIRFAT HIGH
                                
00150D 550D DDCB0E25        23      SLA (IX+14),L       ;MAXCLUS
001511 5511 DDCB0F14        23      RL  (IX+15),H       ;MAXCLUS
                                
001515 5515 DDCB1026        23      SLA (IX+16)         ;FATSIZ
                                
001519 5519 DDCB1126        23      SLA (IX+17)         ;FIRDIR
00151D 551D DDCB1216        23      RL  (IX+18)         ;FIRDIR
                                
001521 5521 DD6E11          19      LD  L,(IX+17)       ;FIRDIR
001524 5524 DD6612          19      LD  H,(IX+18)       ;FIRDIR
                                
001527 5527 DD7E03          19      LD  A,(IX+3)        ;SECSIZ HIGH
00152A 552A 87               4      ADD A,A
00152B 552B 87               4      ADD A,A
00152C 552C DD5E0B          19      LD  E,(IX+11)       ;MAXENT
       552F                     GETDPBD5:
00152F 552F CB3B             8      SRL E
001531 5531 1F               4      RRA
001532 5532 30FB            12      JR  NC,GETDPBD5
001534 5534 1600             7      LD  D,0
001536 5536 19              11      ADD HL,DE
001537 5537 DD750C          19      LD  (IX+12),L       ;FIRREC
00153A 553A DD740D          19      LD  (IX+13),H       ;FIRREC
                                
00153D 553D 18B4            12      JR  GETDPBD1
                                
       553F                     CHOICE:
00153F 553F 210000          10      LD  HL,0
001542 5542 C9              10      RET
                                
       5543                     DSKFMT:
001543 5543 AF               4      XOR A
001544 5544 37               4      SCF
       5545                     DSKSTP:
001545 5545 C9              10      RET
                                
       5546                     BASENT:
001546 5546 3E                      DB  03EH
001547 5547 F7              12      RST 30H
001548 5548 32DBFD          13      LD  (H_PINL),A
00154B 554B 3A48F3          13      LD  A,(MASTERS)
00154E 554E 32DCFD          13      LD  (H_PINL+1),A
001551 5551 216D55          10      LD  HL,BOOT_BASIC
001554 5554 22DDFD          16      LD  (H_PINL+2),HL
001557 5557 3E                      DB  03EH
001558 5558 C9              10      RET
001559 5559 32DFFD          13      LD  (H_PINL+4),A
                                
                                #if exists _RAM64K
00155C 555C 3AC1FC          13      LD  A,(EXPTBL)  ;メインROMに切り替える
00155F 555F CD2D5C          17      CALL    ENASLT_00H
                                #endif
                                    ;BASICを起動する
001562 5562 FD2AC0FC        20      LD  IY,(EXPTBL-1) ;メインROMスロット
001566 5566 DD21177D        14      LD  IX,ST_BAS   ;continue start of MSX-BASIC without executing BASIC programs in ROM
00156A 556A C35901          10      JP  CALBAS
                                
       556D                     BOOT_BASIC:
00156D 556D 3E                      DB  03EH
00156E 556E C9              10      RET
00156F 556F 32DBFD          13      LD  (H_PINL),A
                                
001572 5572 2A74F6          16      LD  HL,(STKTOP)
001575 5575 3A40F3          13      LD  A,(REBOOT)
001578 5578 C6FF             7      ADD A,0FFH
00157A 557A 3811            12      JR  C,REBOOT1
00157C 557C 212556          10      LD  HL,AUTOEXEC
00157F 557F 1100F3          10      LD  DE,FDRV
001582 5582 010C00          10      LD  BC,1+8+3
001585 5585 EDB0                    LDIR
001587 5587 CDD94D          17      CALL    ROM_OPEN
00158A 558A D44B47          17      CALL    NC,ROM_LOAD1
       558D                     REBOOT1:
00158D 558D 213C56          10      LD  HL,DELOK
001590 5590 CD9145          17      CALL    MSX
001593 5593 213156          10      LD  HL,CMD_RUN
001596 5596 111FF4          10      LD  DE,KBUF
001599 5599 010B00          10      LD  BC,CMD_RUN_E-CMD_RUN
00159C 559C D5              11      PUSH    DE
00159D 559D EDB0                    LDIR
00159F 559F 3004            12      JR  NC,REBOOT2
0015A1 55A1 AF               4      XOR A
0015A2 55A2 3227F4          13      LD  (KBUF+CMD_CLEAR_E-CMD_RUN),A
       55A5                     REBOOT2:
0015A5 55A5 E1              10      POP HL
0015A6 55A6 DD210146        14      LD  IX,NEWSTT
0015AA 55AA C38445          10      JP  CALSLT_BIOS
                                
       55AD                     GETSLT:
0015AD 55AD 3A22FB          13      LD  A,(DRVTBL+1)
0015B0 55B0 C9              10      RET
                                
       55B1                     SET_CD_FDRV:
0015B1 55B1 3A00F3          13      LD  A,(FDRV)
0015B4 55B4 CDD355          17      CALL    GET_DRIVE
0015B7 55B7 FE01             7      CP  1
0015B9 55B9 2804            12      JR  Z,SET_CD_B
0015BB 55BB 22EBF2          16      LD  (_CD_A),HL
0015BE 55BE C9              10      RET
       55BF                     SET_CD_B:
0015BF 55BF 22EDF2          16      LD  (_CD_B),HL
0015C2 55C2 C9              10      RET
                                
       55C3                     GET_CD_CDRV:
0015C3 55C3 CDD355          17      CALL    GET_DRIVE
       55C6                     GET_CD:
0015C6 55C6 FE01             7      CP  1
0015C8 55C8 2AEBF2          16      LD  HL,(_CD_A)
0015CB 55CB C0              11      RET NZ
0015CC 55CC 2AEDF2          16      LD  HL,(_CD_B)
0015CF 55CF C9              10      RET
                                
       55D0                     GET_DRIVE_FDRV:
0015D0 55D0 3A00F3          13      LD  A,(FDRV)
       55D3                     GET_DRIVE:
0015D3 55D3 D601             7      SUB 1
0015D5 55D5 D0              11      RET NC
0015D6 55D6 3AEAF2          13      LD  A,(_DVSW)
0015D9 55D9 C9              10      RET
                                
       55DA                     GET_DISK_BANK_H:
0015DA 55DA 3AF2F2          13      LD  A,(_LVECTOR)
0015DD 55DD E680             7      AND 080H
0015DF 55DF 87               4      ADD A,A
0015E0 55E0 380A            12      JR  C,SET_DISK_BANK_A
0015E2 55E2 180F            12      JR  SET_DISK_BANK
       55E4                     GET_DISK_BANK_FDRV:
0015E4 55E4 CDD055          17      CALL    GET_DRIVE_FDRV
       55E7                     GET_DISK_BANK:
0015E7 55E7 FE07             7      CP  7       ;H:
0015E9 55E9 28EF            12      JR  Z,GET_DISK_BANK_H
0015EB 55EB B7               4      OR  A       ;A=DRIVE
       55EC                     SET_DISK_BANK_A:
0015EC 55EC 3E01             7      LD  A,DISK_BANK
0015EE 55EE 2803            12      JR  Z,SET_DISK_BANK
                                #if exists FIX_DRIVE
                                    LD  A,FIX_DRIVE
                                #else
0015F0 55F0 3AE9F2          13      LD  A,(B_DRIVE)
                                #endif
       55F3                     SET_DISK_BANK:
                                #if exists USE_NORMAL32K_OR_ASCII16
                                    LD  (ASCII16_BANK1_SEL),A       ;ASCII-16K
                                #else
0015F3 55F3 320068          13      LD  (BANK1_SEL),A           ;ASCII-8K/Konami-8K
0015F6 55F6 320070          13      LD  (KONAMI_SCC_BANK1_SEL),A    ;Konami-8K/Konami-SCC
                                #endif
0015F9 55F9 F5              11      PUSH    AF
0015FA 55FA E5              11      PUSH    HL
0015FB 55FB 2A0B60          16      LD  HL,(BANK1_ADR+11)   ;BPB_BytsPerSec
0015FE 55FE 22C8F2          16      LD  (SECSZ),HL
001601 5601 3A0D60          13      LD  A,(BANK1_ADR+13)    ;BPB_SecPerClus
001604 5604 CD0D56          17      CALL    MUL_AHL
001607 5607 22C6F2          16      LD  (CLSZ),HL
00160A 560A E1              10      POP HL
00160B 560B F1              10      POP AF
00160C 560C C9              10      RET
                                
                                ;   HL = HL * A ただし、A=1,2,4,8,16,32,64,128(2のべき乗に限る)0の場合は256倍
       560D                     MUL_AHL:
00160D 560D 37               4      SCF     ;無限ループ回避
       560E                     MUL_AHL1:
00160E 560E 1F               4      RRA     ;->CF
00160F 560F D8              11      RET C
001610 5610 29              11      ADD HL,HL
001611 5611 18FB            12      JR  MUL_AHL1
                                
       5613                     DPB2DD:
001613 5613 F9                      DB  0F9H    ;MEDIA
001614 5614 0002                    DW  00200H  ;SECSIZ
001616 5616 0F                      DB  00FH    ;DIRMSK
001617 5617 04                      DB  004H    ;DIRSHFT
001618 5618 01                      DB  001H    ;CLUSMSK
001619 5619 02                      DB  002H    ;CLUSSHFT
00161A 561A 0100                    DW  00001H  ;FIRFAT
00161C 561C 02                      DB  002H    ;FATCNT
00161D 561D 70                      DB  070H    ;MAXENT
00161E 561E 0E00                    DW  0000EH  ;FIRREC
001620 5620 CA02                    DW  002CAH  ;MAXCLUS
001622 5622 03                      DB  003H    ;FATSIZ
001623 5623 0700                    DW  0007H   ;FIRDIR
       5625                     DPB2DD_E:
                                
       5625                     AUTOEXEC:
001625 5625 004155544F455845        DB  0,"AUTOEXECBAS"
            43424153            
       5631                     CMD_RUN:
001631 5631 3A920FC82C0C            DB  03AH,092H,00FH,200,',',00CH ;CLEAR200,&HF280
001637 5637 40EF                    DW  NEW_HIMEM
       5639                     CMD_CLEAR_E:
001639 5639 3A8A00                  DB  03AH,08AH,0         ;RUN
       563C                     CMD_RUN_E:
       563C                     DELOK:
00163C 563C 1E1B4B00                DB  01EH,01BH,'K',0
[EOF:DISK.ASM:UTF_8]
                                    INCLUDE "BDOS.ASM"
       5640                     _ERROR:
001640 5640 AF               4      XOR A
001641 5641 47               4      LD  B,A
001642 5642 C9              10      RET
                                
       5643                     ROM_BDOS:
001643 5643 E5              11      PUSH    HL
001644 5644 79               4      LD  A,C
001645 5645 87               4      ADD A,A
001646 5646 38F8            12      JR  C,_ERROR
001648 5648 6F               4      LD  L,A
001649 5649 2642             7      LD  H,high STABLE
00164B 564B 7E               7      LD  A,(HL)
00164C 564C 2C               4      INC L
00164D 564D 66               7      LD  H,(HL)
00164E 564E 6F               4      LD  L,A
00164F 564F E3              19      EX  (SP),HL
001650 5650 79               4      LD  A,C
001651 5651 C9              10      RET
                                
       5652                     _PRINT:
       5652                     PRINT:
001652 5652 7B               4      LD  A,E
001653 5653 1803            12      JR  MSG_A
                                
       5655                     _SYS01:     ;(BDOS)コンソール入力
001655 5655 CDDA56          17      CALL    _SYS07
       5658                     MSG_A:
001658 5658 FE03             7      CP  3
00165A 565A 2814            12      JR  Z,MSG_BR
       565C                     MSGA1:
00165C 565C F5              11      PUSH    AF
00165D 565D C5              11      PUSH    BC
00165E 565E D5              11      PUSH    DE
00165F 565F E5              11      PUSH    HL
001660 5660 DDE5            15      PUSH    IX
001662 5662 DD21A200        14      LD  IX,CHPUT
001666 5666 CD7345          17      CALL    CALSLT_R
001669 5669 DDE1            14      POP IX
00166B 566B E1              10      POP HL
00166C 566C D1              10      POP DE
00166D 566D C1              10      POP BC
       566E                     MSGA2:
00166E 566E F1              10      POP AF
00166F 566F C9              10      RET
       5670                     MSG_BR:
001670 5670 F5              11      PUSH    AF
001671 5671 3ADDF3          13      LD  A,(CSRX)
001674 5674 FE02             7      CP  2
001676 5676 38F6            12      JR  C,MSGA2
001678 5678 F1              10      POP AF
       5679                     MSG_CR:
001679 5679 F5              11      PUSH    AF
00167A 567A 3E0D             7      LD  A,00DH
00167C 567C CD5C56          17      CALL    MSGA1
00167F 567F 3E0A             7      LD  A,00AH
001681 5681 CD5C56          17      CALL    MSGA1
001684 5684 F1              10      POP AF
001685 5685 C9              10      RET
                                
       5686                     _SYS02:     ;(BDOS)コンソール出力
001686 5686 CDA156          17      CALL    BREAK
001689 5689 1805            12      JR  PRINTX
                                
       568B                     _SYS06:     ;(BDOS)コンソール直接入出力
00168B 568B 7B               4      LD  A,E
00168C 568C 3C               4      INC A
00168D 568D CA2057          10      JP  Z,_INKEY
       5690                     PRINTX:
001690 5690 C35256          10      JP  _PRINT
                                
       5693                     _SYS08:     ;(BDOS)エコーなしコンソール入力
001693 5693 CDDA56          17      CALL    _SYS07
001696 5696 FE03             7      CP  3
001698 5698 CCA156          17      CALL    Z,_BREAK
00169B 569B FE13             7      CP  013H        ;CTRL+S
00169D 569D C0              11      RET NZ
       569E                     PAUSE:
00169E 569E CDB856          17      CALL    KEYBC
                                
       56A1                     _BREAK:
       56A1                     BREAK:
0016A1 56A1 F5              11      PUSH    AF
0016A2 56A2 C5              11      PUSH    BC
0016A3 56A3 D5              11      PUSH    DE
0016A4 56A4 E5              11      PUSH    HL
0016A5 56A5 DDE5            15      PUSH    IX
0016A7 56A7 DD21B700        14      LD  IX,BREAKX
0016AB 56AB CD7345          17      CALL    CALSLT_R
0016AE 56AE DDE1            14      POP IX
0016B0 56B0 E1              10      POP HL
0016B1 56B1 D1              10      POP DE
0016B2 56B2 C1              10      POP BC
0016B3 56B3 DCA156          17      CALL    C,_BREAK
0016B6 56B6 F1              10      POP AF
0016B7 56B7 C9              10      RET
       56B8                     KEYBC:
0016B8 56B8 F5              11      PUSH    AF
0016B9 56B9 C5              11      PUSH    BC
0016BA 56BA D5              11      PUSH    DE
0016BB 56BB E5              11      PUSH    HL
0016BC 56BC DDE5            15      PUSH    IX
0016BE 56BE DD215601        14      LD  IX,KILBUF
0016C2 56C2 CD7345          17      CALL    CALSLT_R
0016C5 56C5 DDE1            14      POP IX
0016C7 56C7 E1              10      POP HL
0016C8 56C8 D1              10      POP DE
0016C9 56C9 C1              10      POP BC
0016CA 56CA F1              10      POP AF
0016CB 56CB C9              10      RET
                                
       56CC                     _SYS09:     ;(BDOS)文字列出力
0016CC 56CC D5              11      PUSH    DE
       56CD                     _SX09:
0016CD 56CD 1A               7      LD  A,(DE)
0016CE 56CE 13               6      INC DE
0016CF 56CF FE24             7      CP  '$'
0016D1 56D1 2805            12      JR  Z,POPDE_RET
0016D3 56D3 CD5856          17      CALL    MSG_A
0016D6 56D6 18F5            12      JR  _SX09
       56D8                     POPDE_RET:
0016D8 56D8 D1              10      POP DE
0016D9 56D9 C9              10      RET
                                
       56DA                     _SYS07:
       56DA                     FLGET:
0016DA 56DA C5              11      PUSH    BC
0016DB 56DB D5              11      PUSH    DE
0016DC 56DC E5              11      PUSH    HL
0016DD 56DD DDE5            15      PUSH    IX
0016DF 56DF 3A0CF3          13      LD  A,(IS_BIOS)
0016E2 56E2 B7               4      OR  A
0016E3 56E3 2018            12      JR  NZ,FLGET_G1
                                
0016E5 56E5 CD0459          17      CALL    GETVRAM
0016E8 56E8 E5              11      PUSH    HL
0016E9 56E9 DD214A00        14      LD  IX,RDVRM
0016ED 56ED CD7345          17      CALL    CALSLT_R
0016F0 56F0 E1              10      POP HL
0016F1 56F1 F5              11      PUSH    AF
0016F2 56F2 E5              11      PUSH    HL
0016F3 56F3 3EFF             7      LD  A,0FFH
0016F5 56F5 DD214D00        14      LD  IX,WRTVRM
0016F9 56F9 CD7345          17      CALL    CALSLT_R
0016FC 56FC E1              10      POP HL
       56FD                     FLGET_G1:
0016FD 56FD E5              11      PUSH    HL
0016FE 56FE DD219F00        14      LD  IX,CHGET
001702 5702 CD7345          17      CALL    CALSLT_R
001705 5705 67               4      LD  H,A
001706 5706 E3              19      EX  (SP),HL
001707 5707 3A0CF3          13      LD  A,(IS_BIOS)
00170A 570A B7               4      OR  A
00170B 570B 200A            12      JR  NZ,FLGET_G2
00170D 570D C1              10      POP BC
00170E 570E F1              10      POP AF
00170F 570F C5              11      PUSH    BC
001710 5710 DD214D00        14      LD  IX,WRTVRM
001714 5714 CD7345          17      CALL    CALSLT_R
       5717                     FLGET_G2:
001717 5717 F1              10      POP AF
001718 5718 DDE1            14      POP IX
00171A 571A E1              10      POP HL
00171B 571B D1              10      POP DE
00171C 571C C1              10      POP BC
00171D 571D FE03             7      CP  3
00171F 571F C9              10      RET
                                ;   RET NZ
                                ;   JP  CPM_BOOT
                                
       5720                     _INKEY:
       5720                     INKEY:
001720 5720 CDFD57          17      CALL    CPM_CONST
001723 5723 C8              11      RET Z
001724 5724 18B4            12      JR  FLGET
                                
       5726                     _SYS0A:     ;(BDOS)文字列入力
001726 5726 C5              11      PUSH    BC
001727 5727 E5              11      PUSH    HL
001728 5728 D5              11      PUSH    DE
                                
001729 5729 3A0CF3          13      LD  A,(IS_BIOS)
00172C 572C B7               4      OR  A
00172D 572D 2824            12      JR  Z,SX0A_CBIOS
00172F 572F 3ADDF3          13      LD  A,(CSRX)
001732 5732 5F               4      LD  E,A
001733 5733 1600             7      LD  D,0
001735 5735 D5              11      PUSH    DE
001736 5736 DDE5            15      PUSH    IX
001738 5738 DD21AE00        14      LD  IX,PLININ
00173C 573C CD7345          17      CALL    CALSLT_R
00173F 573F DDE1            14      POP IX
001741 5741 D1              10      POP DE
001742 5742 215DF5          10      LD  HL,BUF-1
001745 5745 F5              11      PUSH    AF
001746 5746 19              11      ADD HL,DE
001747 5747 F1              10      POP AF
001748 5748 EB               4      EX  DE,HL
001749 5749 E1              10      POP HL
00174A 574A E5              11      PUSH    HL
00174B 574B 0E00             7      LD  C,0
00174D 574D 3014            12      JR  NC,SAX0
00174F 574F 23               6      INC HL
001750 5750 23               6      INC HL
001751 5751 1818            12      JR  SAX4
       5753                     SX0A_CBIOS:
001753 5753 CD8157          17      CALL    GETL
001756 5756 111FF4          10      LD  DE,KBUF
001759 5759 E1              10      POP HL
00175A 575A E5              11      PUSH    HL
00175B 575B 0E00             7      LD  C,0
00175D 575D 3004            12      JR  NC,SAX0
00175F 575F 23               6      INC HL
001760 5760 23               6      INC HL
001761 5761 1808            12      JR  SAX4
       5763                     SAX0:
001763 5763 46               7      LD  B,(HL)
001764 5764 23               6      INC HL
       5765                     SAX1:
001765 5765 23               6      INC HL
001766 5766 1A               7      LD  A,(DE)
001767 5767 13               6      INC DE
001768 5768 B7               4      OR  A
001769 5769 2004            12      JR  NZ,SAX2
       576B                     SAX4:
00176B 576B 360D            10      LD  (HL),00DH
00176D 576D 1804            12      JR  SAX3
       576F                     SAX2:
00176F 576F 77               7      LD  (HL),A
001770 5770 0C               4      INC C
001771 5771 10F2            13      DJNZ    SAX1
       5773                     SAX3:
001773 5773 D1              10      POP DE
001774 5774 79               4      LD  A,C
001775 5775 13               6      INC DE
001776 5776 12               7      LD  (DE),A
001777 5777 1B               6      DEC DE
001778 5778 E1              10      POP HL
001779 5779 C1              10      POP BC
00177A 577A 3E1E             7      LD  A,01EH
00177C 577C CD5856          17      CALL    MSG_A
00177F 577F AF               4      XOR A
001780 5780 C9              10      RET
                                ;           ;C-BIOSはPLININが意図通りに動作しないので
       5781                     GETL:
001781 5781 DDE5            15      PUSH    IX
001783 5783 FDE5            15      PUSH    IY
                                
001785 5785 3AAFFC          13      LD  A,(SCRMOD)
001788 5788 B7               4      OR  A
001789 5789 280E            12      JR  Z,GETL0
00178B 578B DD216C00        14      LD  IX,INITXT
00178F 578F CD7345          17      CALL    CALSLT_R
001792 5792 DD217800        14      LD  IX,SETTXT
001796 5796 CD7345          17      CALL    CALSLT_R
       5799                     GETL0:
001799 5799 2ADCF3          16      LD  HL,(CSRY)
00179C 579C 22CAFB          16      LD  (FSTPOS),HL
       579F                     GETL1:
00179F 579F CD9356          17      CALL    _SYS08
0017A2 57A2 FE09             7      CP  9
0017A4 57A4 2008            12      JR  NZ,GETL1V
0017A6 57A6 211FF4          10      LD  HL,KBUF
0017A9 57A9 CD9145          17      CALL    MSX
0017AC 57AC 18F1            12      JR  GETL1
       57AE                     GETL1V:
0017AE 57AE 5F               4      LD  E,A
0017AF 57AF FE08             7      CP  8
0017B1 57B1 CCAA58          17      CALL    Z,CTRL02
0017B4 57B4 FE20             7      CP  020H
0017B6 57B6 D4D658          17      CALL    NC,INSERT
0017B9 57B9 CD5C56          17      CALL    MSGA1
                                
0017BC 57BC 7B               4      LD  A,E
0017BD 57BD FE0D             7      CP  00DH
0017BF 57BF 20DE            12      JR  NZ,GETL1
                                
0017C1 57C1 111FF4          10      LD  DE,KBUF
0017C4 57C4 3AB0F3          13      LD  A,(LINLEN)
0017C7 57C7 47               4      LD  B,A
0017C8 57C8 CD9B5B          17      CALL    ZERO_MEMORY_DE
                                
0017CB 57CB 2ACAFB          16      LD  HL,(FSTPOS)
0017CE 57CE 3ADCF3          13      LD  A,(CSRY)
0017D1 57D1 6F               4      LD  L,A
0017D2 57D2 E5              11      PUSH    HL
0017D3 57D3 CD0759          17      CALL    LOC0
0017D6 57D6 4D               4      LD  C,L
0017D7 57D7 44               4      LD  B,H
0017D8 57D8 E1              10      POP HL
0017D9 57D9 3AB0F3          13      LD  A,(LINLEN)
0017DC 57DC 94               4      SUB H
0017DD 57DD 3D               4      DEC A
0017DE 57DE 5F               4      LD  E,A
0017DF 57DF 211FF4          10      LD  HL,KBUF
       57E2                     GETL2:
0017E2 57E2 CD9A58          17      CALL    _SCRN
0017E5 57E5 03               6      INC BC
0017E6 57E6 77               7      LD  (HL),A
0017E7 57E7 23               6      INC HL
0017E8 57E8 1D               4      DEC E
0017E9 57E9 20F7            12      JR  NZ,GETL2
0017EB 57EB CD7956          17      CALL    MSG_CR
                                
0017EE 57EE FDE1            14      POP IY
0017F0 57F0 DDE1            14      POP IX
       57F2                     GETL3:
0017F2 57F2 2B               6      DEC HL
0017F3 57F3 7E               7      LD  A,(HL)
0017F4 57F4 FE21             7      CP  021H
0017F6 57F6 D0              11      RET NC
0017F7 57F7 3600            10      LD  (HL),0
0017F9 57F9 15               4      DEC D
0017FA 57FA 20F6            12      JR  NZ,GETL3
0017FC 57FC C9              10      RET
                                
       57FD                     _SYS0B:     ;(BDOS)コンソール状態のチェック
       57FD                     CONSTX:
       57FD                     CPM_CONST:
0017FD 57FD C5              11      PUSH    BC
0017FE 57FE D5              11      PUSH    DE
0017FF 57FF E5              11      PUSH    HL
001800 5800 DDE5            15      PUSH    IX
001802 5802 DD219C00        14      LD  IX,CHSNS
001806 5806 CD7345          17      CALL    CALSLT_R
001809 5809 DDE1            14      POP IX
00180B 580B E1              10      POP HL
00180C 580C D1              10      POP DE
00180D 580D C1              10      POP BC
00180E 580E C9              10      RET
                                
       580F                     _SYS2A:     ;(BDOS)日付の獲得
00180F 580F 0E0B             7      LD  C,11        ;年/Year→HL
001811 5811 CD5058          17      CALL    RDCLK_BCD
001814 5814 6F               4      LD  L,A
001815 5815 2600             7      LD  H,0
001817 5817 3AF8FA          13      LD  A,(EXBRSA)
00181A 581A B7               4      OR  A
00181B 581B 2804            12      JR  Z,SX2A1
00181D 581D 11BC07          10      LD  DE,1980     ;1980年～2079年
001820 5820 19              11      ADD HL,DE
       5821                     SX2A1:
001821 5821 0E09             7      LD  C,9     ;月/Month→D
001823 5823 CD5058          17      CALL    RDCLK_BCD
001826 5826 57               4      LD  D,A
                                
001827 5827 0E07             7      LD  C,7     ;日/Day→E
001829 5829 CD5058          17      CALL    RDCLK_BCD
00182C 582C 5F               4      LD  E,A
                                
00182D 582D 0E06             7      LD  C,6     ;曜日/Week→A
       582F                     RDCLK:
00182F 582F DDE5            15      PUSH    IX
001831 5831 DD21F501        14      LD  IX,REDCLK
       5835                     WRCLK1:
001835 5835 3AF8FA          13      LD  A,(EXBRSA)
001838 5838 B7               4      OR  A
001839 5839 280A            12      JR  Z,RDCLK1    ;MSX1
00183B 583B FDE5            15      PUSH    IY
00183D 583D FD67             9      LD  IYH,A
00183F 583F 78               4      LD  A,B
001840 5840 CD1C00          17      CALL    _CALSLT
001843 5843 FDE1            14      POP IY
       5845                     RDCLK1:
001845 5845 DDE1            14      POP IX
001847 5847 C9              10      RET
       5848                     WRCLK:
001848 5848 DDE5            15      PUSH    IX
00184A 584A DD21F901        14      LD  IX,WRTCLK
00184E 584E 18E5            12      JR  WRCLK1
                                
       5850                     RDCLK_BCD:
001850 5850 CD2F58          17      CALL    RDCLK       ;1の位
001853 5853 47               4      LD  B,A
001854 5854 0C               4      INC C
001855 5855 CD2F58          17      CALL    RDCLK       ;10の位
001858 5858 87               4      ADD A,A     ;*2
001859 5859 4F               4      LD  C,A
00185A 585A 87               4      ADD A,A     ;*4
00185B 585B 87               4      ADD A,A     ;*8
00185C 585C 81               4      ADD A,C     ;*10(8+2)
00185D 585D 80               4      ADD A,B     ;1の位
00185E 585E C9              10      RET
                                
       585F                     _SYS2C:     ;(BDOS)時刻の獲得
00185F 585F 011501          10      LD  BC,00115H       ;12時間計/24時間計の設定を24時間計に
001862 5862 CD4858          17      CALL    WRCLK
001865 5865 0E04             7      LD  C,4     ;H=時/Hour
001867 5867 CD5058          17      CALL    RDCLK_BCD
00186A 586A 67               4      LD  H,A
00186B 586B 0E02             7      LD  C,2     ;L=分/Minute
00186D 586D CD5058          17      CALL    RDCLK_BCD
001870 5870 6F               4      LD  L,A
001871 5871 0E00             7      LD  C,0     ;D=秒/Second
001873 5873 CD5058          17      CALL    RDCLK_BCD
001876 5876 57               4      LD  D,A
001877 5877 AF               4      XOR A       ;E=1/100秒
001878 5878 5F               4      LD  E,A
001879 5879 C9              10      RET
                                
       587A                     POS:
00187A 587A F5              11      PUSH    AF
00187B 587B 2ADCF3          16      LD  HL,(CSRY)
00187E 587E 7D               4      LD  A,L
00187F 587F 6C               4      LD  L,H
001880 5880 67               4      LD  H,A
001881 5881 2C               4      INC L
001882 5882 24               4      INC H
001883 5883 F1              10      POP AF
001884 5884 C9              10      RET
                                
       5885                     LOC:
001885 5885 F5              11      PUSH    AF
001886 5886 E5              11      PUSH    HL
001887 5887 7D               4      LD  A,L
001888 5888 6C               4      LD  L,H
001889 5889 67               4      LD  H,A
00188A 588A 2D               4      DEC L
00188B 588B 25               4      DEC H
00188C 588C DDE5            15      PUSH    IX
00188E 588E DD21C600        14      LD  IX,POSIT
001892 5892 CD7345          17      CALL    CALSLT_R
001895 5895 DDE1            14      POP IX
001897 5897 E1              10      POP HL
001898 5898 F1              10      POP AF
001899 5899 C9              10      RET
                                
       589A                     _SCRN:
       589A                     SCRN:
00189A 589A E5              11      PUSH    HL
00189B 589B DDE5            15      PUSH    IX
                                
00189D 589D 69               4      LD  L,C
00189E 589E 60               4      LD  H,B
00189F 589F DD214A00        14      LD  IX,RDVRM
0018A3 58A3 CD7345          17      CALL    CALSLT_R
                                
0018A6 58A6 DDE1            14      POP IX
0018A8 58A8 E1              10      POP HL
0018A9 58A9 C9              10      RET
                                
       58AA                     CTRL02:
0018AA 58AA F5              11      PUSH    AF
0018AB 58AB D5              11      PUSH    DE
0018AC 58AC 2ADCF3          16      LD  HL,(CSRY)
0018AF 58AF 3AB0F3          13      LD  A,(LINLEN)
0018B2 58B2 4F               4      LD  C,A
0018B3 58B3 94               4      SUB H   ;CSRX
0018B4 58B4 C602             7      ADD A,2
0018B6 58B6 47               4      LD  B,A ;カーソルより右の文字数
0018B7 58B7 61               4      LD  H,C ;LINLEN
0018B8 58B8 C5              11      PUSH    BC
0018B9 58B9 CD0759          17      CALL    LOC0
0018BC 58BC C1              10      POP BC
                                
0018BD 58BD 1620             7      LD  D,020H
       58BF                     C8X1:
0018BF 58BF DD214A00        14      LD  IX,RDVRM
0018C3 58C3 CD7345          17      CALL    CALSLT_R
0018C6 58C6 4F               4      LD  C,A
0018C7 58C7 7A               4      LD  A,D
0018C8 58C8 DD214D00        14      LD  IX,WRTVRM
0018CC 58CC CD7345          17      CALL    CALSLT_R
0018CF 58CF 2B               6      DEC HL
0018D0 58D0 51               4      LD  D,C
0018D1 58D1 10EC            13      DJNZ    C8X1
0018D3 58D3 D1              10      POP DE
0018D4 58D4 F1              10      POP AF
0018D5 58D5 C9              10      RET
                                
       58D6                     INSERT:
0018D6 58D6 F5              11      PUSH    AF
0018D7 58D7 D5              11      PUSH    DE
0018D8 58D8 2ADCF3          16      LD  HL,(CSRY)
0018DB 58DB 3AB0F3          13      LD  A,(LINLEN)
0018DE 58DE 4F               4      LD  C,A
0018DF 58DF 94               4      SUB H   ;CSRX
0018E0 58E0 3C               4      INC A
0018E1 58E1 47               4      LD  B,A ;カーソルより右の文字数
0018E2 58E2 C5              11      PUSH    BC
0018E3 58E3 CD0759          17      CALL    LOC0
0018E6 58E6 C1              10      POP BC
                                
0018E7 58E7 1620             7      LD  D,020H
       58E9                     INS1:
0018E9 58E9 DD214A00        14      LD  IX,RDVRM
0018ED 58ED CD7345          17      CALL    CALSLT_R
0018F0 58F0 4F               4      LD  C,A
0018F1 58F1 7A               4      LD  A,D
0018F2 58F2 DD214D00        14      LD  IX,WRTVRM
0018F6 58F6 CD7345          17      CALL    CALSLT_R
0018F9 58F9 23               6      INC HL
0018FA 58FA 51               4      LD  D,C
0018FB 58FB 10EC            13      DJNZ    INS1
0018FD 58FD D1              10      POP DE
0018FE 58FE F1              10      POP AF
0018FF 58FF C9              10      RET
                                
       5900                     CONOUT1:
001900 5900 59               4      LD  E,C
001901 5901 C35256          10      JP  _PRINT
                                
       5904                     GETVRAM:
001904 5904 2ADCF3          16      LD  HL,(CSRY)
       5907                     LOC0:
001907 5907 2D               4      DEC L
001908 5908 25               4      DEC H
001909 5909 4C               4      LD  C,H ;CSRX-1
00190A 590A 5D               4      LD  E,L ;CSRY-1
       590B                     LOC1:
00190B 590B 3AB0F3          13      LD  A,(LINLEN)
00190E 590E 67               4      LD  H,A
00190F 590F 1600             7      LD  D,0
001911 5911 6A               4      LD  L,D ;0
001912 5912 0608             7      LD  B,8
       5914                     LOC2:
001914 5914 29              11      ADD HL,HL
001915 5915 3001            12      JR  NC,LOC3
001917 5917 19              11      ADD HL,DE
       5918                     LOC3:
001918 5918 10FA            13      DJNZ    LOC2
00191A 591A 09              11      ADD HL,BC
00191B 591B C9              10      RET
                                
       591C                     _SYS0C:     ;(BDOS)バージョン番号の獲得
00191C 591C 212200          10      LD  HL,00022H
00191F 591F AF               4      XOR A
001920 5920 7D               4      LD  A,L
001921 5921 C9              10      RET
                                
       5922                     _SYS0D:     ;(BDOS)ディスク・リセット
001922 5922 218000          10      LD  HL,00080H
001925 5925 22D4F2          16      LD  (_DTA),HL
001928 5928 C9              10      RET
                                
       5929                     _SYS0E:     ;(BDOS)カレントドライブの設定
001929 5929 7B               4      LD  A,E
       592A                     _SYS0EX1:
00192A 592A FE08             7      CP  8
00192C 592C 3F               4      CCF
00192D 592D D8              11      RET C
00192E 592E 32EAF2          13      LD  (_DVSW),A
001931 5931 C9              10      RET
                                
       5932                     _SYS0F:     ;(BDOS)ファイルのオープン
001932 5932 D5              11      PUSH    DE
001933 5933 FDE1            14      POP IY
001935 5935 CD705B          17      CALL    INIT_FILE
001938 5938 CDD94D          17      CALL    ROM_OPEN
00193B 593B 385F            12      JR  C,SCF_FF_RET
                                ;               Open(Read)
00193D 593D FD361CFF        19      LD  (IY+28),0FFH
                                ;               FILENAME
001941 5941 FDE5            15      PUSH    IY
001943 5943 D1              10      POP DE
001944 5944 13               6      INC DE
001945 5945 010B00          10      LD  BC,11
001948 5948 EDB0                    LDIR
                                ;               Attribute
00194A 594A 7E               7      LD  A,(HL)
00194B 594B FD770D          19      LD  (IY+13),A
                                ;               TIME
00194E 594E 110B00          10      LD  DE,11
001951 5951 19              11      ADD HL,DE
001952 5952 7E               7      LD  A,(HL)
001953 5953 23               6      INC HL
001954 5954 FD7716          19      LD  (IY+22),A
001957 5957 7E               7      LD  A,(HL)
001958 5958 23               6      INC HL
001959 5959 FD7717          19      LD  (IY+23),A
                                ;               DATE
00195C 595C 7E               7      LD  A,(HL)
00195D 595D 23               6      INC HL
00195E 595E FD7714          19      LD  (IY+20),A
001961 5961 7E               7      LD  A,(HL)
001962 5962 23               6      INC HL
001963 5963 FD7715          19      LD  (IY+21),A
                                ;               First cluster
001966 5966 7E               7      LD  A,(HL)
001967 5967 23               6      INC HL
001968 5968 FD771A          19      LD  (IY+26),A
00196B 596B 7E               7      LD  A,(HL)
00196C 596C 23               6      INC HL
00196D 596D FD771B          19      LD  (IY+27),A
                                ;               SIZE
001970 5970 7E               7      LD  A,(HL)
001971 5971 23               6      INC HL
001972 5972 FD7710          19      LD  (IY+16),A
001975 5975 7E               7      LD  A,(HL)
001976 5976 23               6      INC HL
001977 5977 FD7711          19      LD  (IY+17),A
00197A 597A 7E               7      LD  A,(HL)
00197B 597B 23               6      INC HL
00197C 597C FD7712          19      LD  (IY+18),A
00197F 597F 7E               7      LD  A,(HL)
001980 5980 FD7713          19      LD  (IY+19),A
001983 5983 2AEFF2          16      LD  HL,(DIRENT1)
001986 5986 FD751E          19      LD  (IY+30),L
001989 5989 FD741F          19      LD  (IY+31),H
00198C 598C 3AF1F2          13      LD  A,(_DIR_BANK)
00198F 598F FD771D          19      LD  (IY+29),A
001992 5992 AF               4      XOR A
001993 5993 FD770C          19      LD  (IY+12),A
001996 5996 C9              10      RET
                                
       5997                     _SYS10:     ;(BDOS)ファイルのクローズ
001997 5997 AF               4      XOR A
001998 5998 C9              10      RET
                                
       5999                     S11X1:
001999 5999 FD7119          19      LD  (IY+25),C       ;RootEntCnt
       599C                     SCF_FF_RET:
00199C 599C 37               4      SCF
00199D 599D 9F               4      SBC A,A
00199E 599E C9              10      RET
                                
       599F                     _SYS11:     ;(BDOS)最初のファイルの検索
00199F 599F ED53D7F2        20      LD  (_FCB),DE
0019A3 59A3 D5              11      PUSH    DE
0019A4 59A4 FDE1            14      POP IY
0019A6 59A6 CD705B          17      CALL    INIT_FILE
0019A9 59A9 FD361800        19      LD  (IY+24),0
0019AD 59AD CDA150          17      CALL    GET_DIR_DAT
       59B0                     S12X1:
0019B0 59B0 CD4D4E          17      CALL    FILESE
0019B3 59B3 FD3418          23      INC (IY+24)
0019B6 59B6 30E1            12      JR  NC,S11X1
0019B8 59B8 0D               4      DEC C
0019B9 59B9 FD7119          19      LD  (IY+25),C       ;RootEntCnt
0019BC 59BC FDCB0D66        20      BIT 4,(IY+13)
0019C0 59C0 280A            12      JR  Z,S12X2
0019C2 59C2 E5              11      PUSH    HL
0019C3 59C3 DDE1            14      POP IX
0019C5 59C5 DD7E0B          19      LD  A,(IX+11)
0019C8 59C8 FE0F             7      CP  00FH
0019CA 59CA 2810            12      JR  Z,S11NEXT
       59CC                     S12X2:
0019CC 59CC 012000          10      LD  BC,32
0019CF 59CF ED5BD4F2        20      LD  DE,(_DTA)
0019D3 59D3 FD7E00          19      LD  A,(IY+0)
0019D6 59D6 12               7      LD  (DE),A      ;ドライブ番号
0019D7 59D7 13               6      INC DE
0019D8 59D8 EDB0                    LDIR            ;ディレクトリエントリ
0019DA 59DA AF               4      XOR A
0019DB 59DB C9              10      RET
       59DC                     S11NEXT:
0019DC 59DC CD6C4E          17      CALL    FNEXT
0019DF 59DF 20CF            12      JR  NZ,S12X1
0019E1 59E1 37               4      SCF
0019E2 59E2 9F               4      SBC A,A
0019E3 59E3 C9              10      RET
                                
       59E4                     _SYS12:
0019E4 59E4 FD2AD7F2        20      LD  IY,(_FCB)
0019E8 59E8 FDE5            15      PUSH    IY
0019EA 59EA D1              10      POP DE
0019EB 59EB CD705B          17      CALL    INIT_FILE
       59EE                     S12X3:
0019EE 59EE CDA150          17      CALL    GET_DIR_DAT
0019F1 59F1 FD4618          19      LD  B,(IY+24)
       59F4                     S12X4:
0019F4 59F4 C5              11      PUSH    BC
0019F5 59F5 CD6C4E          17      CALL    FNEXT
0019F8 59F8 C1              10      POP BC
0019F9 59F9 2807            12      JR  Z,S12X5
0019FB 59FB 7E               7      LD  A,(HL)
0019FC 59FC FEE5             7      CP  0E5H
0019FE 59FE 28F4            12      JR  Z,S12X4
001A00 5A00 10F2            13      DJNZ    S12X4
       5A02                     S12X5:
001A02 5A02 FD4E19          19      LD  C,(IY+25)
001A05 5A05 18A9            12      JR  S12X1
                                
       5A07                     _SYS14:     ;(BDOS)シーケンシャルな読み出し
001A07 5A07 CD7850          17      CALL    SET_FCB
001A0A 5A0A CD4650          17      CALL    GETSEQ
001A0D 5A0D CD3350          17      CALL    RB_READ
001A10 5A10 E5              11      PUSH    HL
001A11 5A11 CD5350          17      CALL    SETSEQ
001A14 5A14 E1              10      POP HL
       5A15                     SREAD:
001A15 5A15 C601             7      ADD A,001H
001A17 5A17 D8              11      RET C
                                
001A18 5A18 7D               4      LD  A,L
001A19 5A19 D601             7      SUB 001H
001A1B 5A1B 9F               4      SBC A,A
001A1C 5A1C E603             7      AND 3
001A1E 5A1E 1F               4      RRA
001A1F 5A1F C9              10      RET
                                
       5A20                     _SYS18:     ;(BDOS)ログインベクトルの獲得
       5A20                     _SYS1D:     ;(BDOS)書き込みが禁止されているディスクの調査
001A20 5A20 2AF2F2          16      LD  HL,(_LVECTOR)
001A23 5A23 AF               4      XOR A
001A24 5A24 67               4      LD  H,A
001A25 5A25 C9              10      RET
                                
       5A26                     _SYS19:     ;(BDOS)カレントドライブ番号の獲得
001A26 5A26 3AEAF2          13      LD  A,(_DVSW)
001A29 5A29 A7               4      AND A
001A2A 5A2A C9              10      RET
                                
       5A2B                     _SYS1A:     ;(BDOS)DTAの設定
001A2B 5A2B ED53D4F2        20      LD  (_DTA),DE
001A2F 5A2F AF               4      XOR A
001A30 5A30 C9              10      RET
                                
       5A31                     _SYS1B:     ;(BDOS)ディスク情報の獲得
001A31 5A31 7B               4      LD  A,E
001A32 5A32 D601             7      SUB 1
001A34 5A34 DC265A          17      CALL    C,_SYS19
001A37 5A37 5F               4      LD  E,A
001A38 5A38 CD2F54          17      CALL    IS_BPB
001A3B 5A3B 3827            12      JR  C,S1B_E
001A3D 5A3D F5              11      PUSH    AF
001A3E 5A3E 215EF5          10      LD  HL,SYS1B_DPB
001A41 5A41 3A1560          13      LD  A,(BANK1_ADR+21)    ;BPB_Media
001A44 5A44 47               4      LD  B,A
001A45 5A45 4F               4      LD  C,A
001A46 5A46 3271F5          13      LD  (SYS1B_FAT),A
001A49 5A49 7B               4      LD  A,E
001A4A 5A4A CD4C54          17      CALL    GETDPB
001A4D 5A4D DD215EF5        14      LD  IX,SYS1B_DPB
001A51 5A51 FD2171F5        14      LD  IY,SYS1B_FAT
001A55 5A55 ED4B60F5        20      LD  BC,(SYS1B_DPB+1+1)  ;SECSIZ
001A59 5A59 ED5B6CF5        20      LD  DE,(SYS1B_DPB+1+13) ;MAXCLUS
001A5D 5A5D 1B               6      DEC DE
001A5E 5A5E 1B               6      DEC DE
001A5F 5A5F 210000          10      LD  HL,0            ;書き込み不可なので0を返す
001A62 5A62 F1              10      POP AF
001A63 5A63 C9              10      RET
       5A64                     S1B_E:
001A64 5A64 9F               4      SBC A,A
001A65 5A65 C9              10      RET
                                
       5A66                     _SYS21:     ;(BDOS)ランダムな読み出し
001A66 5A66 CD7850          17      CALL    SET_FCB
                                
001A69 5A69 FD6E21          19      LD  L,(IY+33)   ;(FCB)Random record
001A6C 5A6C FD6622          19      LD  H,(IY+34)
                                
001A6F 5A6F CD3350          17      CALL    RB_READ
001A72 5A72 18A1            12      JR  SREAD
                                
       5A74                     _SYS23:     ;(BDOS)ファイル・サイズの獲得
001A74 5A74 CD3259          17      CALL    _SYS0F
001A77 5A77 D8              11      RET C
                                
001A78 5A78 D5              11      PUSH    DE      ;EX DE,IY
001A79 5A79 FDE3            23      EX  (SP),IY     ;
                                ;   POP DE      ;
                                ;   PUSH    DE      ;DEを破壊しないように注意vv
001A7B 5A7B CD6850          17      CALL    GETSIZE
       5A7E                     _S24X1:
001A7E 5A7E FD7521          19      LD  (IY+33),L   ;(FCB)Random record
001A81 5A81 FD7422          19      LD  (IY+34),H
001A84 5A84 FD362300        19      LD  (IY+35),0
                                ;   POP DE      ;^^^^^^^^^^^^^^^^^^^^^^^^
                                ;   PUSH    DE      ;EX DE,IY
001A88 5A88 FDE3            23      EX  (SP),IY     ;
001A8A 5A8A D1              10      POP DE      ;
                                
001A8B 5A8B AF               4      XOR A
001A8C 5A8C C9              10      RET
                                
       5A8D                     _SYS24:     ;(BDOS)ランダム・レコード・フィールドの設定
001A8D 5A8D E5              11      PUSH    HL
001A8E 5A8E D5              11      PUSH    DE      ;EX DE,IY
001A8F 5A8F FDE3            23      EX  (SP),IY     ;
                                ;   POP DE      ;
                                ;   PUSH    DE      ;DEを破壊しないように注意vv
001A91 5A91 CD4650          17      CALL    GETSEQ
001A94 5A94 18E8            12      JR  _S24X1      ;^^^^^^^^^^^^^^^^^^^^^^^^
                                
       5A96                     _SYS27:     ;(BDOS)ランダムブロック読み込み
001A96 5A96 CD7850          17      CALL    SET_FCB
001A99 5A99 E5              11      PUSH    HL
001A9A 5A9A FD7E00          19      LD  A,(IY+0)
001A9D 5A9D 3200F3          13      LD  (FDRV),A
001AA0 5AA0 FD7E18          19      LD  A,(IY+24)
001AA3 5AA3 32C4F2          13      LD  (_BANK),A
001AA6 5AA6 FD6E21          19      LD  L,(IY+33)
001AA9 5AA9 FD6622          19      LD  H,(IY+34)
001AAC 5AAC 22CAF2          16      LD  (RR_LOW),HL
001AAF 5AAF FD6E23          19      LD  L,(IY+35)
001AB2 5AB2 FD6624          19      LD  H,(IY+36)
001AB5 5AB5 22CCF2          16      LD  (RR_HIGH),HL
001AB8 5AB8 E1              10      POP HL
001AB9 5AB9 CDAF4B          17      CALL    ROM_READ
001ABC 5ABC ED5BCAF2        20      LD  DE,(RR_LOW)
001AC0 5AC0 FD7321          19      LD  (IY+33),E
001AC3 5AC3 FD7222          19      LD  (IY+34),D
001AC6 5AC6 ED5BCCF2        20      LD  DE,(RR_HIGH)
001ACA 5ACA FD7323          19      LD  (IY+35),E
001ACD 5ACD FD7224          19      LD  (IY+36),D
001AD0 5AD0 3AC4F2          13      LD  A,(_BANK)
001AD3 5AD3 FD7718          19      LD  (IY+24),A
001AD6 5AD6 9F               4      SBC A,A
001AD7 5AD7 D8              11      RET C
001AD8 5AD8 3AC3F2          13      LD  A,(_RESULT)
001ADB 5ADB C9              10      RET
                                
       5ADC                     _SYS29:
001ADC 5ADC E5              11      PUSH    HL
001ADD 5ADD 23               6      INC HL
001ADE 5ADE CD265B          17      CALL    _SYS5C
001AE1 5AE1 E3              19      EX  (SP),HL
001AE2 5AE2 79               4      LD  A,C
001AE3 5AE3 CDE05B          17      CALL    LD_HL_A
001AE6 5AE6 010E00          10      LD  BC,14
001AE9 5AE9 09              11      ADD HL,BC
001AEA 5AEA C1              10      POP BC
001AEB 5AEB 03               6      INC BC
001AEC 5AEC 79               4      LD  A,C
001AED 5AED CDE05B          17      CALL    LD_HL_A
001AF0 5AF0 23               6      INC HL
001AF1 5AF1 78               4      LD  A,B
001AF2 5AF2 CDE05B          17      CALL    LD_HL_A
001AF5 5AF5 AF               4      XOR A
001AF6 5AF6 C9              10      RET
                                
       5AF7                     _SYS2F:
001AF7 5AF7 44               4      LD  B,H
001AF8 5AF8 7D               4      LD  A,L
001AF9 5AF9 2AD4F2          16      LD  HL,(_DTA)
001AFC 5AFC C3B453          10      JP  DISKIO
                                
       5AFF                     _SYS59:     ;(BDOS)カレントディレクトリの取得
001AFF 5AFF 78               4      LD  A,B
001B00 5B00 CDC355          17      CALL    GET_CD_CDRV
001B03 5B03 7C               4      LD  A,H
001B04 5B04 B5               4      OR  L
001B05 5B05 2808            12      JR  Z,S59E
001B07 5B07 3E23             7      LD  A,'#'
001B09 5B09 12               7      LD  (DE),A
001B0A 5B0A 13               6      INC DE
001B0B 5B0B CDFA5B          17      CALL    HEXHL
001B0E 5B0E AF               4      XOR A
       5B0F                     S59E:
001B0F 5B0F 12               7      LD  (DE),A
001B10 5B10 C9              10      RET
                                
       5B11                     _SYS5A:     ;(BDOS)カレントディレクトリの変更
001B11 5B11 CDAA5B          17      CALL    GET_PARAM_IX
001B14 5B14 CD6E4C          17      CALL    FILE_BDOS
001B17 5B17 CD5751          17      CALL    ROM_CD
001B1A 5B1A 9F               4      SBC A,A
001B1B 5B1B C9              10      RET
                                
       5B1C                     _SYS5B:     ;(BDOS)パス名の解析(_PARSE)
001B1C 5B1C D5              11      PUSH    DE
001B1D 5B1D CDAA5B          17      CALL    GET_PARAM_IX
001B20 5B20 CD6E4C          17      CALL    FILE_BDOS
001B23 5B23 D1              10      POP DE
001B24 5B24 182C            12      JR  S5B_1
                                
       5B26                     _SYS5C:     ;(BDOS)ファイル名の解析(_PFILE)
001B26 5B26 CDA25B          17      CALL    SPCUT_SL
001B29 5B29 D5              11      PUSH    DE
                                
001B2A 5B2A E5              11      PUSH    HL
001B2B 5B2B AF               4      XOR A
001B2C 5B2C CDC355          17      CALL    GET_CD_CDRV
001B2F 5B2F 22F9F2          16      LD  (_CDX),HL
                                
001B32 5B32 CDAA5B          17      CALL    GET_PARAM_IX
001B35 5B35 CD6E4C          17      CALL    FILE_BDOS
001B38 5B38 E1              10      POP HL
                                
001B39 5B39 060B             7      LD  B,11
001B3B 5B3B 1101F3          10      LD  DE,FNAME
       5B3E                     S5C_1:
001B3E 5B3E 1A               7      LD  A,(DE)
001B3F 5B3F 13               6      INC DE
001B40 5B40 CDE05B          17      CALL    LD_HL_A
001B43 5B43 23               6      INC HL
001B44 5B44 10F8            13      DJNZ    S5C_1
                                
001B46 5B46 DDE5            15      PUSH    IX
001B48 5B48 E1              10      POP HL
001B49 5B49 115EF5          10      LD  DE,BUF
001B4C 5B4C A7               4      AND A
001B4D 5B4D ED52            15      SBC HL,DE
001B4F 5B4F D1              10      POP DE
001B50 5B50 19              11      ADD HL,DE
001B51 5B51 EB               4      EX  DE,HL
       5B52                     S5B_1:
001B52 5B52 2AF9F2          16      LD  HL,(_CDX)
001B55 5B55 3A00F3          13      LD  A,(FDRV)
001B58 5B58 4F               4      LD  C,A
001B59 5B59 AF               4      XOR A
001B5A 5B5A C9              10      RET
                                
       5B5B                     _SYS6F:
001B5B 5B5B 016F00          10      LD  BC,0006FH
001B5E 5B5E 11918A          10      LD  DE,08A91H       ;Tablacus Disk ROM Lite 認識コード
001B61 5B61 AF               4      XOR A
001B62 5B62 C9              10      RET
                                
       5B63                     _SYS68:
001B63 5B63 21F2F2          10      LD  HL,_LVECTOR
001B66 5B66 CBFE            15      SET 7,(HL)
001B68 5B68 78               4      LD  A,B
001B69 5B69 B7               4      OR  A
001B6A 5B6A 3E00             7      LD  A,0
001B6C 5B6C C0              11      RET NZ
001B6D 5B6D CBBE            15      RES 7,(HL)
001B6F 5B6F C9              10      RET
                                
       5B70                     INIT_FILE:
001B70 5B70 EB               4      EX  DE,HL
001B71 5B71 1100F3          10      LD  DE,FDRV
001B74 5B74 010C00          10      LD  BC,1+8+3
       5B77                     INIT_FILE1:
001B77 5B77 EDB0                    LDIR
001B79 5B79 CDE455          17      CALL    GET_DISK_BANK_FDRV
                                #if exists USE_NORMAL32K_OR_ASCII16
                                    LD  (ASCII16_BANK1_SEL),A       ;ASCII-16K
                                #else
001B7C 5B7C 320068          13      LD  (BANK1_SEL),A           ;ASCII-8K/Konami-8K
001B7F 5B7F 320070          13      LD  (KONAMI_SCC_BANK1_SEL),A    ;Konami-8K/Konami-SCC
                                #endif
001B82 5B82 FD6E0E          19      LD  L,(IY+14)
001B85 5B85 FD660F          19      LD  H,(IY+15)
001B88 5B88 7C               4      LD  A,H
001B89 5B89 FE10             7      CP  010H
001B8B 5B8B 3004            12      JR  NC,INIT_FILE1X
001B8D 5B8D B5               4      OR  L
001B8E 5B8E 2B               6      DEC HL
001B8F 5B8F 2006            12      JR  NZ,INIT_FILE2
       5B91                     INIT_FILE1X:
001B91 5B91 FD7E00          19      LD  A,(IY+0)
001B94 5B94 CDC355          17      CALL    GET_CD_CDRV
       5B97                     INIT_FILE2:
001B97 5B97 22F9F2          16      LD  (_CDX),HL           ;カレントディレクトリ
001B9A 5B9A C9              10      RET
                                
       5B9B                     ZERO_MEMORY_DE:
001B9B 5B9B AF               4      XOR A
       5B9C                     FILL_MEMORY_DE:
001B9C 5B9C 12               7      LD  (DE),A
001B9D 5B9D 13               6      INC DE
001B9E 5B9E 10FC            13      DJNZ    FILL_MEMORY_DE
001BA0 5BA0 C9              10      RET
                                
       5BA1                     SS1_SL:
001BA1 5BA1 13               6      INC DE
       5BA2                     SPCUT_SL:               ;スペースをカット
001BA2 5BA2 CDC45B          17      CALL    LD_A_DE
001BA5 5BA5 FE20             7      CP  020H
001BA7 5BA7 28F8            12      JR  Z,SS1_SL
001BA9 5BA9 C9              10      RET
                                
       5BAA                     GET_PARAM_IX:
001BAA 5BAA 0600             7      LD  B,0
001BAC 5BAC 215EF5          10      LD  HL,BUF
001BAF 5BAF E5              11      PUSH    HL
001BB0 5BB0 CDA25B          17      CALL    SPCUT_SL
       5BB3                     GPIX1:
001BB3 5BB3 CDC45B          17      CALL    LD_A_DE
001BB6 5BB6 13               6      INC DE
001BB7 5BB7 77               7      LD  (HL),A
001BB8 5BB8 23               6      INC HL
001BB9 5BB9 B7               4      OR  A
001BBA 5BBA 2804            12      JR  Z,GPIX2
001BBC 5BBC 04               4      INC B
001BBD 5BBD 20F4            12      JR  NZ,GPIX1
001BBF 5BBF 05               4      DEC B
       5BC0                     GPIX2:
001BC0 5BC0 DDE1            14      POP IX
001BC2 5BC2 58               4      LD  E,B
001BC3 5BC3 C9              10      RET
                                
       5BC4                     LD_A_DE:
001BC4 5BC4 1A               7      LD  A,(DE)
001BC5 5BC5 CB7A             8      BIT 7,D
001BC7 5BC7 C0              11      RET NZ
001BC8 5BC8 C5              11      PUSH    BC
001BC9 5BC9 D5              11      PUSH    DE
001BCA 5BCA E5              11      PUSH    HL
001BCB 5BCB EB               4      EX  DE,HL
                                
001BCC 5BCC 0141F3          10      LD  BC,RAMAD0
001BCF 5BCF 7C               4      LD  A,H
001BD0 5BD0 07               4      RLCA
001BD1 5BD1 07               4      RLCA
001BD2 5BD2 E603             7      AND 3
001BD4 5BD4 81               4      ADD A,C
001BD5 5BD5 4F               4      LD  C,A
001BD6 5BD6 0A               7      LD  A,(BC)
                                
001BD7 5BD7 CD0C00          17      CALL    _RDSLT
001BDA 5BDA E1              10      POP HL
001BDB 5BDB D1              10      POP DE
001BDC 5BDC C1              10      POP BC
001BDD 5BDD C9              10      RET
                                
       5BDE                     LD_HL_A_1:
001BDE 5BDE 77               7      LD  (HL),A
001BDF 5BDF C9              10      RET
       5BE0                     LD_HL_A:
001BE0 5BE0 CB7C             8      BIT 7,H
001BE2 5BE2 20FA            12      JR  NZ,LD_HL_A_1
001BE4 5BE4 C5              11      PUSH    BC
001BE5 5BE5 D5              11      PUSH    DE
001BE6 5BE6 E5              11      PUSH    HL
                                
001BE7 5BE7 5F               4      LD  E,A
001BE8 5BE8 0141F3          10      LD  BC,RAMAD0
001BEB 5BEB 7C               4      LD  A,H
001BEC 5BEC 07               4      RLCA
001BED 5BED 07               4      RLCA
001BEE 5BEE E603             7      AND 3
001BF0 5BF0 81               4      ADD A,C
001BF1 5BF1 4F               4      LD  C,A
001BF2 5BF2 0A               7      LD  A,(BC)
                                
001BF3 5BF3 CD1400          17      CALL    _WRSLT
001BF6 5BF6 E1              10      POP HL
001BF7 5BF7 D1              10      POP DE
001BF8 5BF8 C1              10      POP BC
001BF9 5BF9 C9              10      RET
                                
       5BFA                     HEXHL:
001BFA 5BFA 7C               4      LD  A,H
001BFB 5BFB CDFF5B          17      CALL    HEXHX
001BFE 5BFE 7D               4      LD  A,L
       5BFF                     HEXHX:
001BFF 5BFF F5              11      PUSH    AF
001C00 5C00 07               4      RLCA
001C01 5C01 07               4      RLCA
001C02 5C02 07               4      RLCA
001C03 5C03 07               4      RLCA
001C04 5C04 CD085C          17      CALL    HEXA2
001C07 5C07 F1              10      POP AF
       5C08                     HEXA2:
001C08 5C08 CDA645          17      CALL    ASC
001C0B 5C0B 12               7      LD  (DE),A
001C0C 5C0C 13               6      INC DE
001C0D 5C0D C9              10      RET
                                
       5C0E                     HEX:
001C0E 5C0E CDC34D          17      CALL    CAP
001C11 5C11 D630             7      SUB '0'
001C13 5C13 D8              11      RET C
001C14 5C14 FE0A             7      CP  10
001C16 5C16 3F               4      CCF
001C17 5C17 D0              11      RET NC
001C18 5C18 FE11             7      CP  16+1
001C1A 5C1A D8              11      RET C
001C1B 5C1B D607             7      SUB 7
001C1D 5C1D FE10             7      CP  10H
001C1F 5C1F 3F               4      CCF
001C20 5C20 C9              10      RET
                                
       599C                     _SYS03  EQU SCF_FF_RET  ;(BDOS)外部入力
       599C                     _SYS13  EQU SCF_FF_RET  ;(BDOS)ファイルの削除
       599C                     _SYS15  EQU SCF_FF_RET  ;(BDOS)シーケンシャルな書き込み
       599C                     _SYS16  EQU SCF_FF_RET  ;(BDOS)ファイルの作成
       599C                     _SYS17  EQU SCF_FF_RET  ;(BDOS)ファイル名の変更
       599C                     _SYS22  EQU SCF_FF_RET  ;(BDOS)ランダムな書き込み
       599C                     _SYS26  EQU SCF_FF_RET  ;(BDOS)ランダムブロック書き込み
       599C                     _SYS28  EQU SCF_FF_RET  ;(BDOS)ランダムな書き込み・その2
                                
       599C                     _SYS2B  EQU SCF_FF_RET  ;(BDOS)日付の設定
       599C                     _SYS2D  EQU SCF_FF_RET  ;(BDOS)時刻の設定
       599C                     _SYS39  EQU SCF_FF_RET  ;(BDOS)サブディレクトリの作成
       599C                     _SYS3A  EQU SCF_FF_RET  ;(BDOS)サブディレクトリの削除
                                
[EOF:BDOS.ASM:UTF_8]
                                    INCLUDE "SLOT.ASM"
                                #if exists _RAM64K
       5C21                     INT38H_ROM:
001C21 5C21 3AC1FC          13      LD  A,(EXPTBL)  ;メインROMに切り替える
001C24 5C24 CD2D5C          17      CALL    ENASLT_00H
001C27 5C27 CD3800          17      CALL    00038H
001C2A 5C2A 3A41F3          13      LD  A,(RAMAD0)  ;メインRAMに切り替える
                                ;   JP  ENASLT_00H
                                ;
                                ;ページ0専門のENASLT
                                ;in
                                ;A←スロット
                                ;破壊
                                ;ABCHL
                                ;
                                ; ページ1 に配置
       5C2D                     ENASLT_00H:
001C2D 5C2D F3               4      DI
001C2E 5C2E 67               4      LD  H,A
001C2F 5C2F E603             7      AND 3
001C31 5C31 4F               4      LD  C,A
001C32 5C32 DBA8            11      IN  A,(0A8H)
001C34 5C34 06FC             7      LD  B,0FCH  ;ページ0
001C36 5C36 A0               4      AND B
001C37 5C37 B1               4      OR  C
001C38 5C38 CB7C             8      BIT 7,H
001C3A 5C3A CA51F0          10      JP  Z,ENASLT_NOEXT
                                                ;拡張スロットの処理
001C3D 5C3D D5              11      PUSH    DE
001C3E 5C3E CD39F0          17      CALL    ENATBL
001C41 5C41 0F               4      RRCA
001C42 5C42 0F               4      RRCA
001C43 5C43 4F               4      LD  C,A
001C44 5C44 7B               4      LD  A,E
001C45 5C45 CD4B5C          17      CALL    AT_3B
001C48 5C48 73               7      LD  (HL),E
001C49 5C49 D1              10      POP DE
001C4A 5C4A C9              10      RET
                                ;
                                ;   ENASLOTの補助（ページ0・003BH～にも配置）
                                ;
       5C4B                     AT_3B:              ;ENASUB 対象の拡張スロットを切り替えるために基本スロットを切り替える
001C4B 5C4B D3A8            11      OUT (0A8H),A
001C4D 5C4D 3AFFFF          13      LD  A,(0FFFFH)  ;拡張スロットの切り替え
001C50 5C50 2F               4      CPL
001C51 5C51 A0               4      AND B
001C52 5C52 B1               4      OR  C
001C53 5C53 32FFFF          13      LD  (0FFFFH),A
001C56 5C56 5F               4      LD  E,A
                                                ;基本スロットの切り替え
001C57 5C57 7A               4      LD  A,D
001C58 5C58 D3A8            11      OUT (0A8H),A
001C5A 5C5A C9              10      RET
       5C5B                     AT_3B_E:
                                
                                #endif
                                
       5C5B                     AT_GETSLT:
       5C5B                     AT_ISC:
001C5B EF40                         ORG ISC,AT_ISC-RUN
                                ;
                                ; インタースロットコール
                                ; ページ3 に配置
                                
                                ;
                                ;   現在のスロットを知る
                                ;in
                                ;HL←上位2ビットで切り替えるページを指定
                                ;out
                                ;A→スロット
                                ;※ROM、RAMの両方のルーチンを使うため絶対番地を使わない
       EF40                     _GETSLT:
001C5B EF40 E5              11      PUSH    HL
001C5C EF41 DBA8            11      IN  A,(0A8H)
                                
001C5E EF43 CB7C             8      BIT 7,H
001C60 EF45 2032            12      JR  NZ,GETSLT_HIGH
001C62 EF47 CB74             8      BIT 6,H
001C64 EF49 21C1FC          10      LD  HL,EXPTBL
001C67 EF4C 201B            12      JR  NZ,GETSLT_40H
       EF4E                     GETSLT_00H:             ;ページ0
001C69 EF4E E603             7      AND 3
001C6B EF50 85               4      ADD A,L
001C6C EF51 6F               4      LD  L,A
001C6D EF52 CB7E            13      BIT 7,(HL)
001C6F EF54 280F            12      JR  Z,GETSLT_1
001C71 EF56 C604             7      ADD A,SLTTBL-EXPTBL     ;拡張スロットをワークアリアから取得
001C73 EF58 6F               4      LD  L,A
001C74 EF59 7E               7      LD  A,(HL)
       EF5A                     GETSLT_3:
001C75 EF5A 07               4      RLCA
001C76 EF5B 07               4      RLCA
       EF5C                     GETSLT_2:
001C77 EF5C E60C             7      AND 00CH
001C79 EF5E 67               4      LD  H,A
001C7A EF5F 7D               4      LD  A,L
001C7B EF60 D645             7      SUB LOW SLTTBL - 080H
001C7D EF62 B4               4      OR  H
001C7E EF63 E1              10      POP HL
001C7F EF64 C9              10      RET
       EF65                     GETSLT_1:               ;スロットは拡張されていない
001C80 EF65 D6C1             7      SUB LOW EXPTBL
001C82 EF67 E1              10      POP HL
001C83 EF68 C9              10      RET
                                
       EF69                     GETSLT_40H:             ;ページ1
001C84 EF69 0F               4      RRCA
001C85 EF6A 0F               4      RRCA
001C86 EF6B E603             7      AND 3
001C88 EF6D 85               4      ADD A,L
001C89 EF6E 6F               4      LD  L,A
001C8A EF6F CB7E            13      BIT 7,(HL)
001C8C EF71 28F2            12      JR  Z,GETSLT_1
001C8E EF73 C604             7      ADD A,SLTTBL-EXPTBL
001C90 EF75 6F               4      LD  L,A
001C91 EF76 7E               7      LD  A,(HL)
001C92 EF77 18E3            12      JR  GETSLT_2
                                
       EF79                     GETSLT_HIGH:
001C94 EF79 CB74             8      BIT 6,H
001C96 EF7B 21C1FC          10      LD  HL,EXPTBL
001C99 EF7E 2014            12      JR  NZ,GETSLT_C0H
       EF80                     GETSLT_80H:             ;ページ2
001C9B EF80 0F               4      RRCA
001C9C EF81 0F               4      RRCA
001C9D EF82 0F               4      RRCA
001C9E EF83 0F               4      RRCA
001C9F EF84 E603             7      AND 3
001CA1 EF86 85               4      ADD A,L
001CA2 EF87 6F               4      LD  L,A
001CA3 EF88 CB7E            13      BIT 7,(HL)
001CA5 EF8A 28D9            12      JR  Z,GETSLT_1
001CA7 EF8C C604             7      ADD A,SLTTBL-EXPTBL
001CA9 EF8E 6F               4      LD  L,A
001CAA EF8F 7E               7      LD  A,(HL)
001CAB EF90 0F               4      RRCA
001CAC EF91 0F               4      RRCA
001CAD EF92 18C8            12      JR  GETSLT_2
                                
       EF94                     GETSLT_C0H:             ;ページ3
001CAF EF94 07               4      RLCA
001CB0 EF95 07               4      RLCA
001CB1 EF96 E603             7      AND 3
001CB3 EF98 85               4      ADD A,L
001CB4 EF99 6F               4      LD  L,A
001CB5 EF9A CB7E            13      BIT 7,(HL)
001CB7 EF9C 28C7            12      JR  Z,GETSLT_1
001CB9 EF9E C604             7      ADD A,SLTTBL-EXPTBL
001CBB EFA0 6F               4      LD  L,A
001CBC EFA1 7E               7      LD  A,(HL)
001CBD EFA2 07               4      RLCA
001CBE EFA3 07               4      RLCA
001CBF EFA4 18B4            12      JR  GETSLT_3
                                
                                #if exists _RAM64K
       EFA6                     SAME_SLOT_00H:          ;ページ0とページ3のスロットが同一
001CC1 EFA6 D3A8            11      OUT (0A8H),A
001CC3 EFA8 3AFFFF          13      LD  A,(0FFFFH)  ;拡張スロットの切り替え
001CC6 EFAB 2F               4      CPL
001CC7 EFAC E6FC             7      AND 0FCH        ;ページ0マスク
001CC9 EFAE B1               4      OR  C
001CCA EFAF 32FFFF          13      LD  (0FFFFH),A
001CCD EFB2 77               7      LD  (HL),A
001CCE EFB3 C9              10      RET
                                
       EFB4                     ENASLT_HIGH:
001CCF EFB4 CB74             8      BIT 6,H
001CD1 EFB6 C0              11      RET NZ          ;ページ3はスロット切り替え不可
                                ;
                                ;ページ2専門のENASLT
                                ;in
                                ;A←スロット
                                ;破壊
                                ;ABCHL
                                ;
       EFB7                     ENASLT_80H:
001CD2 EFB7 F3               4      DI
001CD3 EFB8 6F               4      LD  L,A
001CD4 EFB9 E603             7      AND 3
001CD6 EFBB 07               4      RLCA
001CD7 EFBC 07               4      RLCA
001CD8 EFBD 07               4      RLCA
001CD9 EFBE 07               4      RLCA
001CDA EFBF 4F               4      LD  C,A
001CDB EFC0 DBA8            11      IN  A,(0A8H)
001CDD EFC2 06CF             7      LD  B,0CFH  ;ページ2マスク
001CDF EFC4 A0               4      AND B
001CE0 EFC5 B1               4      OR  C
001CE1 EFC6 CB7D             8      BIT 7,L
001CE3 EFC8 CA51F0          10      JP  Z,ENASLT_NOEXT
                                            ;拡張スロットの処理
001CE6 EFCB D5              11      PUSH    DE
001CE7 EFCC CD2FF0          17      CALL    ENATBL_BIOS_CHECK
001CEA EFCF 07               4      RLCA
001CEB EFD0 07               4      RLCA
001CEC EFD1 4F               4      LD  C,A
001CED EFD2 7B               4      LD  A,E
001CEE EFD3 CD3B00          17      CALL    ENASUB
001CF1 EFD6 73               7      LD  (HL),E
001CF2 EFD7 D1              10      POP DE
001CF3 EFD8 C9              10      RET
                                ;
                                ;ENASLT
                                ;in
                                ;A←スロット
                                ;HL←上位2ビットで切り替えるページを指定
                                ;破壊
                                ;ABCHL
                                ;
       EFD9                     ENASLT:
001CF4 EFD9 CB7C             8      BIT 7,H
001CF6 EFDB 20D7            12      JR  NZ,ENASLT_HIGH
001CF8 EFDD CB74             8      BIT 6,H
001CFA EFDF 2073            12      JR  NZ,ENASLT_40H
       EFE1                     _ENASLT_00H:
001CFC EFE1 F3               4      DI
001CFD EFE2 67               4      LD  H,A
001CFE EFE3 E603             7      AND 3
001D00 EFE5 4F               4      LD  C,A
001D01 EFE6 DBA8            11      IN  A,(0A8H)
001D03 EFE8 E6FC             7      AND 0FCH    ;ページ0マスク
001D05 EFEA B1               4      OR  C
001D06 EFEB CB7C             8      BIT 7,H
001D08 EFED 2862            12      JR  Z,ENASLT_NOEXT
                                            ;拡張スロットの処理
001D0A EFEF D5              11      PUSH    DE
001D0B EFF0 44               4      LD  B,H
001D0C EFF1 CD39F0          17      CALL    ENATBL
001D0F EFF4 0F               4      RRCA
001D10 EFF5 0F               4      RRCA
001D11 EFF6 4F               4      LD  C,A
001D12 EFF7 7B               4      LD  A,E
001D13 EFF8 BA               4      CP  D
001D14 EFF9 D1              10      POP DE
001D15 EFFA 28AA            12      JR  Z,SAME_SLOT_00H ;ページ0とページ3のスロットが同一の場合
001D17 EFFC 60               4      LD  H,B
       EFFD                     ENASLT_SUB:
001D18 EFFD 7C               4      LD  A,H     ;ページ3でスロットを指定するためにページ1のROMのルーチンを使う
001D19 EFFE DDE5            15      PUSH    IX
001D1B F000 DD212D5C        14      LD  IX,ENASLT_00H
       F004                     INT38H_SUB1:
001D1F F004 FDE5            15      PUSH    IY
001D21 F006 FD2A96F2        20      LD  IY,(ROM_SLT-1)
001D25 F00A CD81F0          17      CALL    CALSLT
001D28 F00D FDE1            14      POP IY
001D2A F00F DDE1            14      POP IX
001D2C F011 C9              10      RET
                                
       F012                     _ENASLT_00H_S:
001D2D F012 ED731DF0        20      LD  (ENASLT_SP1),SP
001D31 F016 315DF5          10      LD  SP,SPBUF
001D34 F019 CDFDEF          17      CALL    ENASLT_SUB
001D37 F01C 310000          10      LD  SP,0
       F01D                     ENASLT_SP1  EQU $-2
001D3A F01F C9              10      RET
                                
       F020                     INT38H_SUB:
001D3B F020 DDE5            15      PUSH    IX
001D3D F022 DD21215C        14      LD  IX,INT38H_ROM
001D41 F026 18DC            12      JR  INT38H_SUB1
                                
       F028                     ENASLT_BIOS:
001D43 F028 D1              10      POP DE
001D44 F029 7D               4      LD  A,L
001D45 F02A CD2400          17      CALL    _ENASLT
001D48 F02D D1              10      POP DE
001D49 F02E C9              10      RET
                                
       F02F                     ENATBL_BIOS_CHECK:
001D4A F02F 57               4      LD  D,A
001D4B F030 3A0000          13      LD  A,(0000H)
001D4E F033 FEF3             7      CP  0F3H    ;0000H が DI の場合はページ0は BIOS とみなす
001D50 F035 28F1            12      JR  Z,ENASLT_BIOS
001D52 F037 65               4      LD  H,L
001D53 F038 7A               4      LD  A,D
       F039                     ENATBL:
001D54 F039 57               4      LD  D,A ;基本スロットに出力する値
                                            ;対象の拡張スロットを切り替えるために基本スロットを切り替える
001D55 F03A 7C               4      LD  A,H
001D56 F03B E603             7      AND 3
001D58 F03D 4F               4      LD  C,A ;C=スロット#
                                
                                    ;スロットテーブル
001D59 F03E 2EC5             7      LD  L,LOW SLTTBL
001D5B F040 85               4      ADD A,L
001D5C F041 6F               4      LD  L,A
                                            ;対象の拡張スロットを切り替えるために基本スロットを切り替える
001D5D F042 79               4      LD  A,C ;C=スロット#
001D5E F043 0F               4      RRCA
001D5F F044 0F               4      RRCA        ;ページ3
001D60 F045 4F               4      LD  C,A
001D61 F046 7A               4      LD  A,D ;基本スロットに出力する値
001D62 F047 E63F             7      AND 03FH    ;ページ3マスク
001D64 F049 B1               4      OR  C
001D65 F04A 5F               4      LD  E,A ;基本スロットでページ3にスロットを割り当てる
001D66 F04B 7C               4      LD  A,H
001D67 F04C E60C             7      AND 00CH
001D69 F04E 26FC             7      LD  H,HIGH SLTTBL
001D6B F050 C9              10      RET
       F051                     ENASLT_NOEXT_00H:
                                
       F051                     ENASLT_NOEXT:               ;スロットが拡張されていない場合
001D6C F051 D3A8            11      OUT (0A8H),A
001D6E F053 C9              10      RET
                                
                                ;
                                ;ページ1専門のENASLT
                                ;in
                                ;A←スロット
                                ;破壊
                                ;ABCHL
                                ;
       F054                     ENASLT_40H:
001D6F F054 F3               4      DI
001D70 F055 6F               4      LD  L,A
001D71 F056 E603             7      AND 3
001D73 F058 07               4      RLCA
001D74 F059 07               4      RLCA
001D75 F05A 4F               4      LD  C,A
001D76 F05B DBA8            11      IN  A,(0A8H)
001D78 F05D 06F3             7      LD  B,0F3H  ;ページ1マスク
001D7A F05F A0               4      AND B
001D7B F060 B1               4      OR  C
001D7C F061 CB7D             8      BIT 7,L
001D7E F063 28EC            12      JR  Z,ENASLT_NOEXT
                                            ;拡張スロットの処理
001D80 F065 D5              11      PUSH    DE
001D81 F066 CD2FF0          17      CALL    ENATBL_BIOS_CHECK
001D84 F069 4F               4      LD  C,A
001D85 F06A 7B               4      LD  A,E
001D86 F06B CD3B00          17      CALL    ENASUB
001D89 F06E 73               7      LD  (HL),E
001D8A F06F D1              10      POP DE
001D8B F070 C9              10      RET
                                
       F071                     CALLF:
001D8C F071 E3              19      EX  (SP),HL
001D8D F072 F5              11      PUSH    AF
001D8E F073 7E               7      LD  A,(HL)
001D8F F074 FD67             9      LD  IYH,A
001D91 F076 23               6      INC HL
001D92 F077 7E               7      LD  A,(HL)
001D93 F078 DD6F             9      LD  IXL,A
001D95 F07A 23               6      INC HL
001D96 F07B 7E               7      LD  A,(HL)
001D97 F07C DD67             9      LD  IXH,A
001D99 F07E 23               6      INC HL
001D9A F07F F1              10      POP AF
001D9B F080 E3              19      EX  (SP),HL
       F081                     CALSLT:
001D9C F081 F3               4      DI
001D9D F082 08               4      EX  AF,AF'
001D9E F083 F5              11      PUSH    AF      ;裏AFを保存
001D9F F084 E5              11      PUSH    HL
001DA0 F085 210280          10      LD  HL,08002H
001DA3 F088 39              11      ADD HL,SP
001DA4 F089 E1              10      POP HL
001DA5 F08A 3007            12      JR  NC,CALSLT_1
001DA7 F08C CDA2F0          17      CALL    CALSLT_2
       F08F                     CALSLT_E:
001DAA F08F 08               4      EX  AF,AF'
001DAB F090 F1              10      POP AF      ;保存した裏AF
001DAC F091 08               4      EX  AF,AF'
001DAD F092 C9              10      RET
       F093                     CALSLT_1:
001DAE F093 ED739EF0        20      LD  (CSSP),SP
001DB2 F097 315DF5          10      LD  SP,SPBUF
001DB5 F09A CDA2F0          17      CALL    CALSLT_2
001DB8 F09D 310000          10      LD  SP,0
       F09E                     CSSP    EQU $-2
001DBB F0A0 18ED            12      JR  CALSLT_E
                                
       F0A2                     CALSLT_2:
001DBD F0A2 E5              11      PUSH    HL
001DBE F0A3 DD7C             9      LD  A,IXH
001DC0 F0A5 67               4      LD  H,A
001DC1 F0A6 CD40EF          17      CALL    _GETSLT
001DC4 F0A9 FDBC            10      CP  IYH
001DC6 F0AB 281E            12      JR  Z,CALSLT_3
001DC8 F0AD C5              11      PUSH    BC
001DC9 F0AE F5              11      PUSH    AF
001DCA F0AF FD7C             9      LD  A,IYH
001DCC F0B1 CDD9EF          17      CALL    ENASLT
001DCF F0B4 F1              10      POP AF
001DD0 F0B5 C1              10      POP BC
001DD1 F0B6 6F               4      LD  L,A
001DD2 F0B7 DD7C             9      LD  A,IXH
001DD4 F0B9 67               4      LD  H,A
001DD5 F0BA E3              19      EX  (SP),HL
001DD6 F0BB 08               4      EX  AF,AF'
001DD7 F0BC CD98F3          17      CALL    JP_IX
001DDA F0BF E3              19      EX  (SP),HL
001DDB F0C0 C5              11      PUSH    BC
001DDC F0C1 08               4      EX  AF,AF'
001DDD F0C2 7D               4      LD  A,L
001DDE F0C3 CDD9EF          17      CALL    ENASLT
001DE1 F0C6 08               4      EX  AF,AF'
001DE2 F0C7 C1              10      POP BC
001DE3 F0C8 E1              10      POP HL
001DE4 F0C9 FB               4      EI
001DE5 F0CA C9              10      RET
                                
       F0CB                     CALSLT_3:
001DE6 F0CB E1              10      POP HL
001DE7 F0CC 08               4      EX  AF,AF'
001DE8 F0CD DDE9             8      JP  (IX)
                                
       F0CF                     RDSLT:
001DEA F0CF F3               4      DI
001DEB F0D0 D5              11      PUSH    DE
001DEC F0D1 57               4      LD  D,A
001DED F0D2 CD40EF          17      CALL    _GETSLT
001DF0 F0D5 BA               4      CP  D
001DF1 F0D6 2812            12      JR  Z,RDSLT1
001DF3 F0D8 5F               4      LD  E,A
001DF4 F0D9 7A               4      LD  A,D
001DF5 F0DA E5              11      PUSH    HL
001DF6 F0DB CDD9EF          17      CALL    ENASLT
001DF9 F0DE E1              10      POP HL
001DFA F0DF 46               7      LD  B,(HL)
001DFB F0E0 C5              11      PUSH    BC
001DFC F0E1 7B               4      LD  A,E
001DFD F0E2 E5              11      PUSH    HL
001DFE F0E3 CDD9EF          17      CALL    ENASLT
001E01 F0E6 E1              10      POP HL
001E02 F0E7 F1              10      POP AF
001E03 F0E8 D1              10      POP DE
001E04 F0E9 C9              10      RET
       F0EA                     RDSLT1:
001E05 F0EA 7E               7      LD  A,(HL)
001E06 F0EB D1              10      POP DE
001E07 F0EC C9              10      RET
                                
       F0ED                     WRSLT:
001E08 F0ED F3               4      DI
001E09 F0EE D5              11      PUSH    DE
001E0A F0EF 57               4      LD  D,A
001E0B F0F0 CD40EF          17      CALL    _GETSLT
001E0E F0F3 BA               4      CP  D
001E0F F0F4 2810            12      JR  Z,WRSLT1
001E11 F0F6 F5              11      PUSH    AF
001E12 F0F7 E5              11      PUSH    HL
001E13 F0F8 7A               4      LD  A,D
001E14 F0F9 CDD9EF          17      CALL    ENASLT
001E17 F0FC E1              10      POP HL
001E18 F0FD 73               7      LD  (HL),E
001E19 F0FE F1              10      POP AF
001E1A F0FF E5              11      PUSH    HL
001E1B F100 CDD9EF          17      CALL    ENASLT
001E1E F103 E1              10      POP HL
001E1F F104 D1              10      POP DE
001E20 F105 C9              10      RET
                                
       F106                     WRSLT1:
001E21 F106 73               7      LD  (HL),E
001E22 F107 D1              10      POP DE
001E23 F108 C9              10      RET
                                
       F109                     INT38H:
001E24 F109 F3               4      DI
001E25 F10A F5              11      PUSH    AF
001E26 F10B C5              11      PUSH    BC
001E27 F10C E5              11      PUSH    HL
001E28 F10D 210280          10      LD  HL,08002H
001E2B F110 39              11      ADD HL,SP
001E2C F111 380E            12      JR  C,INT38H1
001E2E F113 ED731EF1        20      LD  (INTSP),SP  ;スタックポインタ保存
001E32 F117 315DF5          10      LD  SP,SPBUF
001E35 F11A CD20F0          17      CALL    INT38H_SUB
001E38 F11D 310000          10      LD  SP,0
       F11E                     INTSP   EQU $-2
001E3B F120 AF               4      XOR A
       F121                     INT38H1:
001E3C F121 DC20F0          17      CALL    C,INT38H_SUB
001E3F F124 E1              10      POP HL
001E40 F125 C1              10      POP BC
001E41 F126 F1              10      POP AF
001E42 F127 FB               4      EI
001E43 F128 C9              10      RET
                                ;
                                ;   ページ1のディスクの読み込み補助
                                ;
       F129                     LDIR_PAGE1_RAM:
001E44 F129 CD54F0          17      CALL    ENASLT_40H
001E47 F12C C1              10      POP BC
001E48 F12D D1              10      POP DE
001E49 F12E 215EF5          10      LD  HL,BUF
001E4C F131 EDB0                    LDIR
001E4E F133 3A97F2          13      LD  A,(ROM_SLT)
001E51 F136 CD54F0          17      CALL    ENASLT_40H
001E54 F139 C34346          10      JP  LDIR_PAGE1_ROM
                                ;
                                ;   フック関数を呼び出す
                                ;
       F13C                     CALL_RF:
001E57 F13C E1              10      POP HL
001E58 F13D 7E               7      LD  A,(HL)
001E59 F13E DD6F             9      LD  IXL,A
001E5B F140 23               6      INC HL
001E5C F141 7E               7      LD  A,(HL)
001E5D F142 DD67             9      LD  IXH,A
001E5F F144 FD2A96F2        20      LD  IY,(ROM_SLT-1)
001E63 F148 CD1C00          17      CALL    _CALSLT
001E66 F14B D8              11      RET C
001E67 F14C F1              10      POP AF
001E68 F14D C9              10      RET
       F14E                     ISC_E:
                                #endif
001E69 5E69                         ORG $$+RUN,$$   ;$DEPHASE
       5E69                     AT_ISCB:
001E69 F280                         ORG ISCB,AT_ISCB-RUN
                                
       F280                     REPLACE_COMMAND:
001E69 F280 FEB7             7      CP  0B7H            ;FILES
001E6B F282 CC7BFE          17      CALL    Z,H_FILE
001E6E F285 FEB5             7      CP  0B5H            ;LOAD
001E70 F287 CA71FE          10      JP  Z,H_BINS
001E73 F28A FE8A             7      CP  08AH            ;RUN
001E75 F28C CA76FE          10      JP  Z,H_BINL
001E78 F28F FED6             7      CP  0D6H            ;COPY
001E7A F291 2813            12      JR  Z,FIX_COPY
001E7C F293 FECF             7      CP  0CFH            ;BLOAD
001E7E F295 C0              11      RET NZ
       F296                     FIX_BLOAD:
001E7F F296 F7              12      RST 30H
       F297                     ROM_SLT:
001E80 F297 00                      DB  0
001E81 F298 0A48                    DW  ROM_BLOAD
001E83 F29A F5              11      PUSH    AF
001E84 F29B E5              11      PUSH    HL
001E85 F29C CDA5F2          17      CALL    BLOAD_RET
       F29D                     SWC_BLOAD   EQU $-2
001E88 F29F E1              10      POP HL
001E89 F2A0 F1              10      POP AF
001E8A F2A1 FECF             7      CP  0CFH            ;BLOAD
       F2A3                     SWC_BLOAD_M:
001E8C F2A3 28DB            12      JR  Z,REPLACE_COMMAND
       F2A5                     BLOAD_RET:
001E8E F2A5 C9              10      RET
       F2A6                     FIX_COPY:
001E8F F2A6 F7              12      RST 30H
       F2A7                     ROM_SLT_COPY:
001E90 F2A7 00                      DB  0
001E91 F2A8 8749                    DW  ROM_COPY
001E93 F2AA C9              10      RET
       F2AB                     RAMUSE1:
001E94 F2AB 3A42F3          13      LD  A,(RAMAD1)
001E97 F2AE 180E            12      JR  _ENASLT_40H
       F2B0                     CAL_MP:
001E99 F2B0 2640             7      LD  H,040H
001E9B F2B2 3AC1FC          13      LD  A,(EXPTBL)
001E9E F2B5 CD2400          17      CALL    _ENASLT
001EA1 F2B8 CD1C00          17      CALL    _CALSLT
       F2BB                     ROMUSE1:
001EA4 F2BB 3A97F2          13      LD  A,(ROM_SLT)
       F2BE                     _ENASLT_40H:
001EA7 F2BE 2640             7      LD  H,040H
001EA9 F2C0 C32400          10      JP  _ENASLT
                                
       F2C3                     _RESULT:
001EAC F2C3 00                      DB  0
       F2C4                     _BANK:
001EAD F2C4 00                      DB  0
       F2C5                     _BANK1:
001EAE F2C5 00                      DB  0
       F2C6                     CLSZ:               ;クラスタサイズ
001EAF F2C6 0004                    DW  1024
       F2C7                     CLSZ_H  EQU $-1     ;クラスタサイズ上位8ビット
       F2C8                     SECSZ:              ;セクタサイズ
001EB1 F2C8 0002                    DW  512
       F2C9                     SECSZ_H EQU $-1     ;セクタサイズ上位8ビット
       F2CA                     RR_LOW:
001EB3 F2CA 0000                    DW  0
       F2CB                     RR_MID  EQU $-1
       F2CC                     RR_HIGH:
001EB5 F2CC 0000                    DW  0
       F2CE                     _CLPS:
001EB7 F2CE 0000                    DW  0
       F2D0                     _LEFT:
001EB9 F2D0 0000                    DW  0
       F2D2                     _DTPS:
001EBB F2D2 0000                    DW  0
       F2D4                     _DTA:
001EBD F2D4 0000                    DW  0
       F2D6                     FLG_LDIR:
001EBF F2D6 00                      DB  0
       F2D7                     _FCB:
001EC0 F2D7 0000                    DW  0
       F2D9                     _BUF:
       F2D9                     _BUF_LO:        ;LOGICAL OPERATION
001EC2 F2D9 00                      DB  0
       F2DA                     _BUF_ST:
001EC3 F2DA 0000                    DW  0
       F2DC                     _BUF_EN:
001EC5 F2DC 0000                    DW  0
       F2DE                     _BUF_EX:
       F2DE                     _BUF_W:
001EC7 F2DE 0000                    DW  0
       F2E0                     _BUF_H:
001EC9 F2E0 0000                    DW  0
       F2E2                     _BUF_X:
001ECB F2E2 0000                    DW  0
       F2E4                     _BUF_Y:
001ECD F2E4 00                      DB  0
       F2E5                     _BUF_P:
001ECE F2E5 00                      DB  0
       F2E6                     _BUF_O:
001ECF F2E6 00                      DB  0
       F2E7                     DTAX:
001ED0 F2E7 0000                    DW  0
       F2E9                     B_DRIVE:
001ED2 F2E9 00                      DB  0
       F2EA                     _DVSW:          ;カレントドライブ
001ED3 F2EA 00                      DB  0
       F2EB                     _CD_A:          ;カレントディレクトリ A:
001ED4 F2EB 0000                    DW  0
       F2ED                     _CD_B:          ;カレントディレクトリ B:
001ED6 F2ED 0000                    DW  0
       F2EF                     DIRENT1:
001ED8 F2EF 0000                    DW  0
       F2F1                     _DIR_BANK:
001EDA F2F1 00                      DB  0
       F2F2                     _LVECTOR:
001EDB F2F2 01                      DB  1
       F2F3                     LEFTX:
001EDC F2F3 0000                    DW  0
       F2F5                     PARAM0:
001EDE F2F5 0000                    DW  0
       F2F7                     PARAM1:
001EE0 F2F7 0000                    DW  0
       F2F9                     _CDX:
001EE2 F2F9 0000                    DW  0
       F2FB                     _CHKSP:
001EE4 F2FB 1F                      DB  01FH
       F2FC                     _HL:
001EE5 F2FC 0000                    DW  0
       F2FE                     _SP:
001EE7 F2FE 0000                    DW  0
       F2FF                     _SP_H   EQU $-1
       F300                     FDRV:
001EE9 F300 00                      DB  0
       F301                     FNAME:
001EEA F301                         DS  8+3
       F30C                     IS_BIOS:            ;C-BIOSの場合は0
001EF5 F30C FF                      DB  0FFH
                                
       F30D                     ISCB_E:
[EOF:SLOT.ASM:UTF_8]
       1EF6                     LAST    EQU $$
001EF6 F30D                         DS  01FFFH-LAST
001FFF F416 00                      DB  0
                                
                                    END
[EOF:DISKROM.ASM:UTF_8]
[EOF:DISKROM64K.ASM:UTF_8]
