                                ;*** AILZ80ASM *** Z-80 Assembler, version 1.0.31.0, LST:Full:4
                                ;   Tablacus DISK ROM Lite for MSX
                                ;   Programmed by
                                ;   Gaku (Lovers/Tablacus)
                                ;
       0001                     _RAM64K     EQU 1   ;メインRAM 64KB使用可能
       0001                     USE_NORMAL32K_OR_ASCII16        EQU 1   ;ノーマル32KB/ASCII-16K ROMを作成する
                                
                                    INCLUDE "DISKROM.ASM"
                                ;   Tablacus DISK ROM Lite for MSX
                                ;   Programmed by
                                ;   Gaku (Lovers/Tablacus)
                                
                                    INCLUDE "DEF.ASM"
                                
                                ;   LSX-Dodgers DEF
                                ;   MSX
                                
       4000                     RUN EQU 04000H
                                
       0006                     RDVDP   EQU 0006H
       0007                     WRVDP   EQU 0007H
                                
       000C                     _RDSLT  EQU 0000CH
       0014                     _WRSLT  EQU 00014H
       001C                     _CALSLT EQU 0001CH
       0024                     _ENASLT EQU 00024H
       0030                     _CALLF  EQU 00030H
       004A                     RDVRM   EQU 0004AH
       004D                     WRTVRM  EQU 0004DH
       005C                     LDIRVM  EQU 0005CH
       006C                     INITXT  EQU 0006CH
       0078                     SETTXT  EQU 00078H
       009C                     CHSNS   EQU 0009CH
       009F                     CHGET   EQU 0009FH
       00A2                     CHPUT   EQU 000A2H
       00AE                     PLININ  EQU 000AEH
       00B7                     BREAKX  EQU 000B7H
       00C6                     POSIT   EQU 000C6H
       0138                     RSLREG  EQU 00138H
       0156                     KILBUF  EQU 00156H
       0159                     CALBAS  EQU 00159H
       01F5                     REDCLK  EQU 001F5H  ;SUB
       01F9                     WRTCLK  EQU 001F9H  ;SUB
                                
       269A                     DECADD  EQU 0269AH
       27E6                     DECMUL  EQU 027E6H
       2F8A                     FRCINT  EQU 02F8AH
                                
       303A                     FRCDBL  EQU 0303AH
                                
       406F                     ERRHAND EQU 0406FH
       409B                     READYR  EQU 0409BH
       42B2                     CRUNCH  EQU 042B2H
       4601                     NEWSTT  EQU 04601H
       4C64                     FRMEVL  EQU 04C64H
       542F                     FRMQNT  EQU 0542FH
       67D0                     FRESTR  EQU 067D0H
       7D17                     ST_BAS  EQU 07D17H
                                
       F323                     DISKVE  EQU 0F323H
       F331                     H_BDOS  EQU 0F331H
       F340                     REBOOT  EQU 0F340H
       F341                     RAMAD0  EQU 0F341H
       F342                     RAMAD1  EQU 0F342H
       F343                     RAMAD2  EQU 0F343H
       F344                     RAMAD3  EQU 0F344H
       F348                     MASTERS EQU 0F348H
       F368                     ROMUSE  EQU 0F368H
       F36B                     RAMUSE  EQU 0F36BH
       F37D                     BDOS    EQU 0F37DH
       F398                     JP_IX   EQU 0F398H
       F38C                     CLPRIM  EQU 0F38CH
       F3B0                     LINLEN  EQU 0F3B0H
       F3B9                     TXTATR  EQU 0F3B9H
       F3BB                     TXTPAT  EQU 0F3BBH
       F3D3                     MLTCOL  EQU 0F3D3H
       F3DC                     CSRY    EQU 0F3DCH
       F3DD                     CSRX    EQU 0F3DDH
       F3F8                     PUTPNT  EQU 0F3F8H
       F3FA                     GETPNT  EQU 0F3FAH
       F3FC                     CS120   EQU 0F3FCH
                                
       F41F                     KBUF    EQU 0F41FH
                                
       F55E                     BUF EQU 0F55EH
                                
       F663                     VALTYP  EQU 0F663H
       F672                     MEMSIZ  EQU 0F672H
       F674                     STKTOP  EQU 0F674H
       F676                     TXTTAB  EQU 0F676H
       F69B                     FRETOP  EQU 0F69BH
       F6B1                     SAVSTK  EQU 0F6B1H
       F6C2                     VARTAB  EQU 0F6C2H
       F6C4                     ARYTAB  EQU 0F6C4H
       F6C6                     STREND  EQU 0F6C6H
                                
       F7F6                     DAC EQU 0F7F6H
                                
                                ;FBUFFR EQU 0F7C5H
                                
       F847                     ARG EQU 0F847H
       F860                     FILTAB  EQU 0F860H
       F862                     NULBUF  EQU 0F862H
       F864                     PTRFIL  EQU 0F864H
       F866                     RUNFLG  EQU 0F866H
       F866                     FILNAM  EQU 0F866H
                                ;FILNM2 EQU 0F871H
                                
       FAF6                     ACPAGE  EQU 0FAF6H
       FAF8                     EXBRSA  EQU 0FAF8H
                                
       FB03                     RSTMP   EQU 0FB03H
       FB20                     HOKVLD  EQU 0FB20H
       FB21                     DRVTBL  EQU 0FB21H
       FBB1                     BASROM  EQU 0FBB1H
       FBCA                     FSTPOS  EQU 0FBCAH
       FBF0                     KEYBUF  EQU 0FBF0H
                                
       FC48                     BOTTOM  EQU 0FC48H
       FC4A                     HIMEM   EQU 0FC4AH
       FCC1                     EXPTBL  EQU 0FCC1H
       FCC5                     SLTTBL  EQU 0FCC5H
       FCC9                     SLTATR  EQU 0FCC9H
       FCAF                     SCRMOD  EQU 0FCAFH
       FCBE                     RUNBNF  EQU 0FCBEH
       FCBF                     SAVENT  EQU 0FCBFH
                                
       FD89                     PROCNM  EQU 0FD89H
       FD99                     DEVICE  EQU 0FD99H
                                
       FDDB                     H_PINL  EQU 0FDDBH
       FE12                     H_DSKF  EQU 0FE12H
       FE30                     H_MKI   EQU 0FE30H
       FE3F                     H_CVI   EQU 0FE3FH
       FE71                     H_BINS  EQU 0FE71H
       FE76                     H_BINL  EQU 0FE76H
       FE7B                     H_FILE  EQU 0FE7BH
       FFA7                     H_PHYD  EQU 0FFA7H
       FF43                     H_GONE  EQU 0FF43H
       FFCA                     EXTBIO  EQU 0FFCAH
                                
       C000                     FD_BOOT_START   EQU 0C000H
       C01E                     FD_BOOT_EXEC    EQU 0C01EH
                                
                                #if exists USE_NORMAL32K_OR_ASCII16
                                            ;ASCII-16K
       6000                     ASCII16_BANK0_SEL EQU 06000H    ;6000-67FF
       7000                     ASCII16_BANK1_SEL EQU 07000H    ;7000-77FF
                                #else
                                            ;ASCII-8K
                                BANK0_SEL EQU   06000H  ;6000-67FF
                                BANK1_SEL EQU   06800H  ;6800-6FFF
                                BANK2_SEL EQU   07000H  ;7000-77FF
                                BANK3_SEL EQU   07800H  ;7800-7FFF
                                            ;Konami-8K
                                KONAMI_BANK1_SEL EQU    06000H  ;6000-7FFF
                                KONAMI_BANK2_SEL EQU    08000H  ;8000-9FFF
                                KONAMI_BANK3_SEL EQU    0A000H  ;A000-BFFF
                                                ;Konami-SCC
                                KONAMI_SCC_BANK0_SEL EQU    05000H  ;5000-57FF
                                KONAMI_SCC_BANK1_SEL EQU    07000H  ;7000-77FF
                                KONAMI_SCC_BANK2_SEL EQU    09000H  ;9000-97FF
                                KONAMI_SCC_BANK3_SEL EQU    0B000H  ;B000-B7FF
                                #endif
                                
       EF40                     ISC EQU 0EF40H
       F280                     ISCB    EQU 0F280H
                                
                                #if exists _RAM64K
       EF40                     NEW_HIMEM   EQU ISC
                                #else
                                NEW_HIMEM   EQU ISCB
                                #endif
                                
       0001                     DISK_BANK   EQU 1       ;ドライブAが始まるバンク#
       6000                     BANK1_ADR   EQU 06000H      ;バンク1の開始アドレス
                                
       F7F8                     DACDAT  EQU DAC+2
       F55D                     SPBUF   EQU KBUF+318    ;ページ3にスタックがない場合はKBUFを一時的に使う
                                
       003B                     ENASUB  EQU 0003BH
       F55E                     SYS1B_DPB   EQU BUF
       F571                     SYS1B_FAT   EQU SYS1B_DPB+19
                                
       FB03                     TMP_DIRENT  EQU RSTMP
[EOF:DEF.ASM:UTF_8]
000000 4000                         ORG RUN
                                
                                ; MSX ROM header
000000 4000 4142                    DB  "AB"        ; ID for auto-executable ROM
000002 4002 0041                    DW  INIT_ROM    ; Main program execution address.
000004 4004 9C51                    DW  STATEMENT   ; STATEMENT
000006 4006 DF52                    DW  DEVICE_ENTRY    ; DEVICE
000008 4008 0000                    DW  0       ; TEXT
00000A 400A 000000000000            DW  0,0,0       ; Reserved
                                
000010 4010 C37B54          10      JP  DISKIO
000013 4013 C3C854          10      JP  DSKCHG
000016 4016 C31E55          10      JP  GETDPB
000019 4019 C31156          10      JP  CHOICE
00001C 401C C31556          10      JP  DSKFMT
00001F 401F C31756          10      JP  DSKSTP
000022 4022 C31856          10      JP  BASENT
000025 4025 37               4      SCF
000026 4026 C31556          10      JP  DSKFMT
000029 4029 C31756          10      JP  DSKSTP
00002C 402C 00               4      NOP
00002D 402D C37F56          10      JP  GETSLT
000030 4030 2A4BF3          16      LD  HL,(0F34BH)
000033 4033 C9              10      RET
                                
00007F 407F                         ORG 0407FH
00007F 407F C9              10      RET
                                ; Version
000080 4080 5461626C61637573        DB  "Tablacus DISK ROM Lite"
            204449534B20524F    
            4D204C697465        
000096 4096                         ALIGN   32
0000A0 40A0 76302E372E342E32        DB  "v0.7.4.2"
0000A8 40A8                         ALIGN   32
       40C0                     MSG_ERROR_ROM_MODE:
                                #if exists USE_NORMAL32K_OR_ASCII16
0000C0 40C0 4E6F726D616C2052        DB  "Normal ROM/ASCII-16K only!",13,10
            4F4D2F4153434949    
            2D31364B206F6E6C    
            79210D0A            
                                #else
                                    DB  "ASCII-8K/Konami-8K/Konami-SCC only!",13,10
                                #endif
000100 4100                         ORG 04100H
       4100                     INIT_ROM:
000100 4100 AF               4      XOR A
000101 4101 2100F3          10      LD  HL,0F300H
000104 4104 0668             7      LD  B,068H
000106 4106 CDEA4D          17      CALL    FILL_MEMORY
                                
000109 4109 3E01             7      LD  A,1
00010B 410B 3221FB          13      LD  (DRVTBL),A
                                
00010E 410E 2A4AFC          16      LD  HL,(HIMEM)
000111 4111 1140EF          10      LD  DE,NEW_HIMEM
000114 4114 A7               4      AND A
000115 4115 ED52            15      SBC HL,DE
000117 4117 382D            12      JR  C,INIT1
000119 4119 EB               4      EX  DE,HL
00011A 411A 2A74F6          16      LD  HL,(STKTOP)
00011D 411D ED52            15      SBC HL,DE
00011F 411F 2274F6          16      LD  (STKTOP),HL ;起動時の空き容量表示の為
000122 4122 F9               6      LD  SP,HL
000123 4123 2A72F6          16      LD  HL,(MEMSIZ)
000126 4126 7C               4      LD  A,H
000127 4127 B5               4      OR  L
000128 4128 320CF3          13      LD  (IS_BIOS),A
00012B 412B 2006            12      JR  NZ,GENUINE
00012D 412D 2180F1          10      LD  HL,0F180H   ;C-BIOSの場合に補正する
000130 4130 229BF6          16      LD  (FRETOP),HL
       4133                     GENUINE:
000133 4133 ED52            15      SBC HL,DE
000135 4135 2272F6          16      LD  (MEMSIZ),HL
000138 4138 2A9BF6          16      LD  HL,(FRETOP)
00013B 413B ED52            15      SBC HL,DE
00013D 413D 229BF6          16      LD  (FRETOP),HL
000140 4140 2140EF          10      LD  HL,NEW_HIMEM
000143 4143 224AFC          16      LD  (HIMEM),HL
       4146                     INIT1:
000146 4146 AF               4      XOR A
000147 4147 32EAF2          13      LD  (_DVSW),A
00014A 414A 3D               4      DEC A       ;0FFH
00014B 414B 3299FD          13      LD  (DEVICE),A
                                #if exists _RAM64K
00014E 414E 21275D          10      LD  HL,AT_ISC
000151 4151 1140EF          10      LD  DE,ISC
000154 4154 010E02          10      LD  BC,ISC_E-ISC
000157 4157 EDB0                    LDIR
                                #endif
000159 4159 C30043          10      JP  INIT_300
                                
0001BD 41BD                         ORG 041BDH
0001BD 41BD C9              10      RET
                                
                                    ;MBR_Partition1 (2DDのデータ)
0001BE 41BE 00                      DB  0       ;ブートフラグ
0001BF 41BF 000000                  DB  0,0,0       ;パーティションの最初のセクタ番号(CHS方式)
0001C2 41C2 01                      DB  1       ;識別子(FAT12)
0001C3 41C3 000000                  DB  0,0,0       ;パーティションの最後のセクタ番号(CHS方式)
0001C6 41C6 10000000                DW  16,0        ;パーティションの最初のセクタ番号(LBA方式)
0001CA 41CA A0050000                DW  1440,0      ;パーティション内のセクタ数(LBA方式)
                                
                                #if exists USE_NORMAL32K_OR_ASCII16
                                #else
                                    ;MBR_Partition2 (2DDのデータ)
                                    DB  0       ;ブートフラグ
                                    DB  0,0,0       ;パーティションの最初のセクタ番号(CHS方式)
                                    DB  1       ;識別子(FAT12)
                                    DB  0,0,0       ;パーティションの最後のセクタ番号(CHS方式)
                                    DW  16+1440,0   ;パーティションの最初のセクタ番号(LBA方式)
                                    DW  1440,0      ;パーティション内のセクタ数(LBA方式)
                                #endif
                                
0001FE 41FE                         ORG 041FEH
0001FE 41FE 55AA                    DB  055H,0AAH   ;MBR_Sig
                                
                                    INCLUDE "TABLE.ASM"
       4200                     STABLE:
                                ;0
000200 4200 0F57245755576B5A        DW  _ERROR,_SYS01,_SYS02,_SYS03
000208 4208 0F570F575A57A957        DW  _ERROR,_ERROR,_SYS06,_SYS07
000210 4210 62579B57F557CC58        DW  _SYS08,_SYS09,_SYS0A,_SYS0B
000218 4218 EB59F159F859015A        DW  _SYS0C,_SYS0D,_SYS0E,_SYS0F
                                ;1
000220 4220 665A6E5AB35A6B5A        DW  _SYS10,_SYS11,_SYS12,_SYS13
000228 4228 D65A6B5A6B5A6B5A        DW  _SYS14,_SYS15,_SYS16,_SYS17
000230 4230 EF5AF55AFA5A005B        DW  _SYS18,_SYS19,_SYS1A,_SYS1B
000238 4238 0F57EF5A0F570F57        DW  _ERROR,_SYS1D,_ERROR,_ERROR
                                ;2
000240 4240 0F57355B6B5A435B        DW  _ERROR,_SYS21,_SYS22,_SYS23
000248 4248 5C5B0F576B5A655B        DW  _SYS24,_ERROR,_SYS26,_SYS27
000250 4250 6B5AAB5BDE586B5A        DW  _SYS28,_SYS29,_SYS2A,_SYS2B
000258 4258 2E596B5A0F57C65B        DW  _SYS2C,_SYS2D,_ERROR,_SYS2F
                                ;3
000260 4260 0F570F570F570F57        DW  _ERROR,_ERROR,_ERROR,_ERROR
000268 4268 0F570F570F570F57        DW  _ERROR,_ERROR,_ERROR,_ERROR
000270 4270 0F576B5A6B5A0F57        DW  _ERROR,_SYS39,_SYS3A,_ERROR
000278 4278 0F570F570F570F57        DW  _ERROR,_ERROR,_ERROR,_ERROR
                                ;4
000280 4280 0F570F570F570F57        DW  _ERROR,_ERROR,_ERROR,_ERROR
000288 4288 0F570F570F570F57        DW  _ERROR,_ERROR,_ERROR,_ERROR
000290 4290 0F570F570F570F57        DW  _ERROR,_ERROR,_ERROR,_ERROR
000298 4298 0F570F570F570F57        DW  _ERROR,_ERROR,_ERROR,_ERROR
                                ;5
0002A0 42A0 0F570F570F570F57        DW  _ERROR,_ERROR,_ERROR,_ERROR
0002A8 42A8 0F570F570F570F57        DW  _ERROR,_ERROR,_ERROR,_ERROR
0002B0 42B0 0F57CE5BE05BEB5B        DW  _ERROR,_SYS59,_SYS5A,_SYS5B
0002B8 42B8 F55B0F570F570F57        DW  _SYS5C,_ERROR,_ERROR,_ERROR
                                ;6
0002C0 42C0 0F570F570F570F57        DW  _ERROR,_ERROR,_ERROR,_ERROR
0002C8 42C8 0F570F570F570F57        DW  _ERROR,_ERROR,_ERROR,_ERROR
0002D0 42D0 325C0F570F570F57        DW  _SYS68,_ERROR,_ERROR,_ERROR
0002D8 42D8 0F570F570F572A5C        DW  _ERROR,_ERROR,_ERROR,_SYS6F
                                ;7
0002E0 42E0 0F570F570F570F57        DW  _ERROR,_ERROR,_ERROR,_ERROR
0002E8 42E8 0F570F570F570F57        DW  _ERROR,_ERROR,_ERROR,_ERROR
0002F0 42F0 0F570F570F570F57        DW  _ERROR,_ERROR,_ERROR,_ERROR
0002F8 42F8 0F570F570F570F57        DW  _ERROR,_ERROR,_ERROR,_ERROR
[EOF:TABLE.ASM:UTF_8]
                                    INCLUDE "INIT.ASM"
                                
                                ;   Tablacus DISK ROM - INIT
                                ;
       4300                     INIT_300:
000300 4300 3A0CF3          13      LD  A,(IS_BIOS)
000303 4303 21355F          10      LD  HL,AT_ISCB
000306 4306 1180F2          10      LD  DE,ISCB
000309 4309 018D00          10      LD  BC,ISCB_E-ISCB
00030C 430C EDB0                    LDIR
00030E 430E 320CF3          13      LD  (IS_BIOS),A
000311 4311 2AB1F6          16      LD  HL,(SAVSTK)
000314 4314 224BF3          16      LD  (0F34BH),HL
                                
000317 4317 3EC3             7      LD  A,0C3H      ;JP
000319 4319 3243FF          13      LD  (H_GONE),A
00031C 431C 327DF3          13      LD  (BDOS),A
00031F 431F 326BF3          13      LD  (RAMUSE),A
000322 4322 3268F3          13      LD  (ROMUSE),A
000325 4325 2180F2          10      LD  HL,REPLACE_COMMAND
000328 4328 2244FF          16      LD  (H_GONE+1),HL
00032B 432B 2131F3          10      LD  HL,H_BDOS
00032E 432E 227EF3          16      LD  (BDOS+1),HL
000331 4331 21ABF2          10      LD  HL,RAMUSE1
000334 4334 226CF3          16      LD  (RAMUSE+1),HL
000337 4337 21BBF2          10      LD  HL,ROMUSE1
00033A 433A 2269F3          16      LD  (ROMUSE+1),HL
                                
00033D 433D 3E                      DB  03EH
00033E 433E F7              12      RST 30H
00033F 433F 3271FE          13      LD  (H_BINS),A
000342 4342 3276FE          13      LD  (H_BINL),A
000345 4345 327BFE          13      LD  (H_FILE),A
000348 4348 3231F3          13      LD  (H_BDOS),A
00034B 434B 32A7FF          13      LD  (H_PHYD),A
                                
00034E 434E 2640             7      LD  H,040H
000350 4350 CD275D          17      CALL    AT_GETSLT
000353 4353 3297F2          13      LD  (ROM_SLT),A
000356 4356 32A7F2          13      LD  (ROM_SLT_COPY),A
000359 4359 3272FE          13      LD  (H_BINS+1),A
00035C 435C 3277FE          13      LD  (H_BINL+1),A
00035F 435F 327CFE          13      LD  (H_FILE+1),A
000362 4362 3232F3          13      LD  (H_BDOS+1),A
000365 4365 32A8FF          13      LD  (H_PHYD+1),A
000368 4368 3222FB          13      LD  (DRVTBL+1),A
00036B 436B 3248F3          13      LD  (MASTERS),A
00036E 436E 21CA47          10      LD  HL,ROM_LOAD
000371 4371 2273FE          16      LD  (H_BINS+2),HL
000374 4374 217A49          10      LD  HL,ROM_RUN
000377 4377 2278FE          16      LD  (H_BINL+2),HL
00037A 437A 218849          10      LD  HL,ROM_FILES
00037D 437D 227DFE          16      LD  (H_FILE+2),HL
000380 4380 211257          10      LD  HL,ROM_BDOS
000383 4383 2233F3          16      LD  (H_BDOS+2),HL
000386 4386 217B54          10      LD  HL,DISKIO
000389 4389 22A9FF          16      LD  (H_PHYD+2),HL
                                
00038C 438C 3E                      DB  03EH
00038D 438D C9              10      RET
00038E 438E 327FFE          13      LD  (H_FILE+4),A
000391 4391 3275FE          13      LD  (H_BINS+4),A
000394 4394 327AFE          13      LD  (H_BINL+4),A
000397 4397 3235F3          13      LD  (H_BDOS+4),A
00039A 439A 32DFFD          13      LD  (H_PINL+4),A
00039D 439D 32ABFF          13      LD  (H_PHYD+4),A
                                #if exists _RAM64K
0003A0 43A0 3ECD             7      LD  A,0CDH      ;CALL
0003A2 43A2 3230FE          13      LD  (H_MKI),A
0003A5 43A5 323FFE          13      LD  (H_CVI),A
0003A8 43A8 3212FE          13      LD  (H_DSKF),A
                                
0003AB 43AB 213CF1          10      LD  HL,CALL_RF
0003AE 43AE 2231FE          16      LD  (H_MKI+1),HL
0003B1 43B1 2240FE          16      LD  (H_CVI+1),HL
0003B4 43B4 2213FE          16      LD  (H_DSKF+1),HL
                                
0003B7 43B7 210354          10      LD  HL,ROM_MKI
0003BA 43BA 2233FE          16      LD  (H_MKI+3),HL
0003BD 43BD 212154          10      LD  HL,ROM_CVI
0003C0 43C0 2242FE          16      LD  (H_CVI+3),HL
0003C3 43C3 213454          10      LD  HL,ROM_DSKF
0003C6 43C6 2215FE          16      LD  (H_DSKF+3),HL
                                #endif
0003C9 43C9 AF               4      XOR A
                                #if exists USE_NORMAL32K_OR_ASCII16
0003CA 43CA 320060          13      LD  (ASCII16_BANK0_SEL),A       ;似非RAM対策でバンク0を設定
0003CD 43CD 320070          13      LD  (ASCII16_BANK1_SEL),A       ;ASCII-16K
                                #else
                                    LD  (BANK0_SEL),A           ;似非RAM対策でバンク0を設定
                                    LD  (BANK1_SEL),A           ;ASCII-8K/Konami-8K
                                    LD  (KONAMI_SCC_BANK1_SEL),A    ;Konami-8K/Konami-SCC
                                #endif
0003D0 43D0 3A0060          13      LD  A,(BANK1_ADR)
0003D3 43D3 FE41             7      CP  'A'
                                #if exists USE_NORMAL32K_OR_ASCII16
0003D5 43D5 CAE044          10      JP  Z,NOT_BANK_TYPE
0003D8 43D8 3E01             7      LD  A,DISK_BANK
0003DA 43DA 320070          13      LD  (ASCII16_BANK1_SEL),A       ;ASCII-16K
                                #else
                                    JP  NZ,NOT_BANK_TYPE
                                    LD  A,DISK_BANK
                                    LD  (BANK1_SEL),A           ;ASCII-8K/Konami-8K
                                    LD  (KONAMI_SCC_BANK1_SEL),A    ;Konami-8K/Konami-SCC
                                #endif
0003DD 43DD 26C0             7      LD  H,0C0H
0003DF 43DF CD275D          17      CALL    AT_GETSLT
0003E2 43E2 3244F3          13      LD  (RAMAD3),A
0003E5 43E5 2680             7      LD  H,080H
0003E7 43E7 CD275D          17      CALL    AT_GETSLT
0003EA 43EA CDED44          17      CALL    CHK_RAM
0003ED 43ED 3243F3          13      LD  (RAMAD2),A
       43F0                     RAMCHK2:
0003F0 43F0 3A44F3          13      LD  A,(RAMAD3)
0003F3 43F3 2640             7      LD  H,040H
0003F5 43F5 CDED44          17      CALL    CHK_RAM
0003F8 43F8 3242F3          13      LD  (RAMAD1),A
       43FB                     RAMCHK1:
0003FB 43FB 3A44F3          13      LD  A,(RAMAD3)
0003FE 43FE 2600             7      LD  H,00H
000400 4400 CDED44          17      CALL    CHK_RAM
000403 4403 3241F3          13      LD  (RAMAD0),A
       4406                     RAMCHK0:
000406 4406 2A1360          16      LD  HL,(BANK1_ADR+19)   ;BPB_TotSec16
000409 4409 010F00          10      LD  BC,0000FH       ;切り上げ
00040C 440C 09              11      ADD HL,BC
00040D 440D 7D               4      LD  A,L
                                
00040E 440E 0604             7      LD  B,4
       4410                     B_DRIVE1:
000410 4410 CB3C             8      SRL H
000412 4412 1F               4      RRA
000413 4413 10FB            13      DJNZ    B_DRIVE1
                                
000415 4415 C601             7      ADD A,DISK_BANK     ;A=(TotSec16/16)+DISK_BANK
000417 4417 32E9F2          13      LD  (B_DRIVE),A
                                
                                #if exists FIX_DRIVE
                                    LD  A,(B_DRIVE)
                                    CP  FIX_DRIVE
                                    JR  Z,OK_FIX_DRIVE
                                    LD  HL,MSG_ERROR_DRIVE
                                    CALL    MSX
                                    LD  A,(B_DRIVE)
                                    CALL    PRTHX
                                    LD  IX,CHGET
                                    CALL    CALSLT_R
                                    LD  HL,MSG_CRLF
                                    CALL    MSX
                                OK_FIX_DRIVE:
                                #endif
                                    ;拡張スロットの選択を設定する
00041A 441A 3A97F2          13      LD  A,(ROM_SLT)
00041D 441D 57               4      LD  D,A
00041E 441E E60C             7      AND 00CH
000420 4420 5F               4      LD  E,A
000421 4421 7A               4      LD  A,D
000422 4422 E603             7      AND 3
000424 4424 87               4      ADD A,A
000425 4425 87               4      ADD A,A
000426 4426 87               4      ADD A,A
000427 4427 37               4      SCF
000428 4428 8F               4      ADC A,A
000429 4429 B3               4      OR  E
00042A 442A 5F               4      LD  E,A
00042B 442B 1600             7      LD  D,0
00042D 442D 21C9FC          10      LD  HL,SLTATR
000430 4430 19              11      ADD HL,DE
000431 4431 3660            10      LD  (HL),060H
                                
000433 4433 3E01             7      LD  A,1
000435 4435 CD0155          17      CALL    IS_BPB
000438 4438 9F               4      SBC A,A
000439 4439 E602             7      AND 2
00043B 443B EE03             7      XOR 3
00043D 443D 32F2F2          13      LD  (_LVECTOR),A
                                    ;CTRL+STOPを抑制する
000440 4440 3E01             7      LD  A,1
000442 4442 32B1FB          13      LD  (BASROM),A
                                
000445 4445 3ACAFF          13      LD  A,(EXTBIO)
000448 4448 FEF7             7      CP  0F7H        ;RST 30H
00044A 444A 280A            12      JR  Z,EXTBIO_OK
00044C 444C 3E                      DB  03EH
00044D 444D C9              10      RET
00044E 444E 21CAFF          10      LD  HL,EXTBIO
000451 4451 061D             7      LD  B,29
000453 4453 CDEA4D          17      CALL    FILL_MEMORY
       4456                     EXTBIO_OK:
000456 4456 AF               4      XOR A
000457 4457 3240F3          13      LD  (REBOOT),A
00045A 445A 2A48FC          16      LD  HL,(BOTTOM)
00045D 445D 110040          10      LD  DE,16384
000460 4460 19              11      ADD HL,DE
000461 4461 DADD44          10      JP  C,BOOT1     ;RAM16KB以下の場合はブートセクタを実行しない
                                
                                ;   LD  E,A     ;すでにE=0
000464 4464 57               4      LD  D,A
000465 4465 0601             7      LD  B,1
000467 4467 2100C0          10      LD  HL,FD_BOOT_START
00046A 446A CD7B54          17      CALL    DISKIO
00046D 446D DA1856          10      JP  C,BASENT
                                
000470 4470 1168F3          10      LD  DE,ROMUSE
000473 4473 2123F3          10      LD  HL,DISKVE
000476 4476 AF               4      XOR A
000477 4477 CD1EC0          17      CALL    FD_BOOT_EXEC
                                #if exists _RAM64K
                                                ;64K版の場合はページ0をRAMに切り替えRAM側にインタースロットコールを入れる
00047A 447A 3A41F3          13      LD  A,(RAMAD0)  ;ページ0をRAMに切り替える
00047D 447D CDF95C          17      CALL    ENASLT_00H
                                
000480 4480 AF               4      XOR A
000481 4481 47               4      LD  B,A
000482 4482 67               4      LD  H,A
000483 4483 6F               4      LD  L,A
000484 4484 CDEA4D          17      CALL    FILL_MEMORY
                                
000487 4487 3EC3             7      LD  A,0C3H      ;JP
                                                ;インタースロットコール
000489 4489 21CFF0          10      LD  HL,RDSLT
00048C 448C 320C00          13      LD  (_RDSLT),A
00048F 448F 220D00          16      LD  (_RDSLT+1),HL
                                
000492 4492 21EDF0          10      LD  HL,WRSLT
000495 4495 321400          13      LD  (_WRSLT),A
000498 4498 221500          16      LD  (_WRSLT+1),HL
                                
00049B 449B 2181F0          10      LD  HL,CALSLT
00049E 449E 321C00          13      LD  (_CALSLT),A
0004A1 44A1 221D00          16      LD  (_CALSLT+1),HL
                                
0004A4 44A4 21D9EF          10      LD  HL,ENASLT
0004A7 44A7 322400          13      LD  (_ENASLT),A
0004AA 44AA 222500          16      LD  (_ENASLT+1),HL
                                
0004AD 44AD 2171F0          10      LD  HL,CALLF
0004B0 44B0 323000          13      LD  (_CALLF),A
0004B3 44B3 223100          16      LD  (_CALLF+1),HL
                                                ;割り込み
0004B6 44B6 2109F1          10      LD  HL,INT38H
0004B9 44B9 323800          13      LD  (00038H),A
0004BC 44BC 223900          16      LD  (00038H+1),HL
                                                ;インタースロットコールの補助
0004BF 44BF 21175D          10      LD  HL,AT_3B
0004C2 44C2 113B00          10      LD  DE,ENASUB
0004C5 44C5 011000          10      LD  BC,AT_3B_E-AT_3B
0004C8 44C8 EDB0                    LDIR
                                
0004CA 44CA 2A0D00          16      LD  HL,(_RDSLT+1)
0004CD 44CD 11CFF0          10      LD  DE,RDSLT
0004D0 44D0 AF               4      XOR A
0004D1 44D1 ED52            15      SBC HL,DE
0004D3 44D3 1168F3          10      LD  DE,ROMUSE
0004D6 44D6 2123F3          10      LD  HL,DISKVE
0004D9 44D9 37               4      SCF
0004DA 44DA CC1EC0          17      CALL    Z,FD_BOOT_EXEC
                                #endif
       44DD                     BOOT1:
0004DD 44DD C31856          10      JP  BASENT
                                
       44E0                     NOT_BANK_TYPE:
                                                ;ROMのタイプが違う
0004E0 44E0 21C040          10      LD  HL,MSG_ERROR_ROM_MODE
0004E3 44E3 CD8B45          17      CALL    MSX
0004E6 44E6 DD219F00        14      LD  IX,CHGET
0004EA 44EA C36D45          10      JP  CALSLT_R
                                
       44ED                     CHK_RAM:
0004ED 44ED E5              11      PUSH    HL
0004EE 44EE CD4445          17      CALL    CHK_RAM0
0004F1 44F1 E1              10      POP HL
0004F2 44F2 C8              11      RET Z
0004F3 44F3 3AC1FC          13      LD  A,(EXPTBL)      ;スロット#0
0004F6 44F6 E680             7      AND 080H
0004F8 44F8 CD1945          17      CALL    CHK_RAM_SLT
0004FB 44FB C8              11      RET Z
0004FC 44FC 3AC2FC          13      LD  A,(EXPTBL+1)        ;スロット#1
0004FF 44FF E680             7      AND 080H
000501 4501 C601             7      ADD A,1
000503 4503 CD1945          17      CALL    CHK_RAM_SLT
000506 4506 C8              11      RET Z
000507 4507 3AC3FC          13      LD  A,(EXPTBL+2)        ;スロット#2
00050A 450A E680             7      AND 080H
00050C 450C C602             7      ADD A,2
00050E 450E CD1945          17      CALL    CHK_RAM_SLT
000511 4511 C8              11      RET Z
000512 4512 3AC4FC          13      LD  A,(EXPTBL+3)        ;スロット#3
000515 4515 E680             7      AND 080H
000517 4517 C603             7      ADD A,3
       4519                     CHK_RAM_SLT:
000519 4519 E5              11      PUSH    HL
00051A 451A CD4445          17      CALL    CHK_RAM0        ;スロット#X or X-0
00051D 451D E1              10      POP HL
00051E 451E C8              11      RET Z
00051F 451F CB79             8      BIT 7,C
000521 4521 281C            12      JR  Z,CHK_RAM_E     ;スロットは拡張されていない
000523 4523 79               4      LD  A,C
000524 4524 F604             7      OR  4           ;スロット#X-1
000526 4526 E5              11      PUSH    HL
000527 4527 CD4445          17      CALL    CHK_RAM0
00052A 452A E1              10      POP HL
00052B 452B C8              11      RET Z
00052C 452C 79               4      LD  A,C
00052D 452D F60C             7      OR  00CH            ;スロット#X-3
00052F 452F E5              11      PUSH    HL
000530 4530 CD4445          17      CALL    CHK_RAM0
000533 4533 E1              10      POP HL
000534 4534 C8              11      RET Z
000535 4535 79               4      LD  A,C
000536 4536 E6F3             7      AND 0F3H            ;スロット#X-2
000538 4538 F608             7      OR  8
00053A 453A E5              11      PUSH    HL
00053B 453B CD4445          17      CALL    CHK_RAM0
00053E 453E E1              10      POP HL
       453F                     CHK_RAM_E:
00053F 453F AF               4      XOR A
000540 4540 3C               4      INC A           ;ZF=0にする
000541 4541 3E00             7      LD  A,0
000543 4543 C9              10      RET
                                
       4544                     CHK_RAM0:
000544 4544 4F               4      LD  C,A
000545 4545 2E00             7      LD  L,0
       4547                     CHK_RAM1:
000547 4547 79               4      LD  A,C
000548 4548 CDBD45          17      CALL    RDSLTX
00054B 454B C6E5             7      ADD A,0E5H
00054D 454D 47               4      LD  B,A
00054E 454E 5F               4      LD  E,A
00054F 454F 79               4      LD  A,C
000550 4550 C5              11      PUSH    BC
000551 4551 CD1400          17      CALL    _WRSLT
000554 4554 C1              10      POP BC
000555 4555 79               4      LD  A,C
000556 4556 CDBD45          17      CALL    RDSLTX
000559 4559 B8               4      CP  B
00055A 455A C0              11      RET NZ
00055B 455B D6E5             7      SUB 0E5H
00055D 455D 79               4      LD  A,C
00055E 455E 5F               4      LD  E,A
00055F 455F C5              11      PUSH    BC
000560 4560 CD1400          17      CALL    _WRSLT
000563 4563 C1              10      POP BC
000564 4564 24               4      INC H
000565 4565 7D               4      LD  A,L
000566 4566 C604             7      ADD A,4
000568 4568 6F               4      LD  L,A
000569 4569 20DC            12      JR  NZ,CHK_RAM1
00056B 456B 79               4      LD  A,C     ;ZF=1のハズ
00056C 456C C9              10      RET
                                
       456D                     CALSLT_R:
00056D 456D C5              11      PUSH    BC
00056E 456E E5              11      PUSH    HL
00056F 456F CD7545          17      CALL    CALSLT_BIOS_PAGE0
000572 4572 E1              10      POP HL
000573 4573 C1              10      POP BC
000574 4574 C9              10      RET
                                
       4575                     CALSLT_BIOS_PAGE0:
000575 4575 F5              11      PUSH    AF
000576 4576 3A0000          13      LD  A,(0000H)
000579 4579 FEF3             7      CP  0F3H        ;0000H が DI の場合はページ0を BIOS ROM とみなす
00057B 457B 2808            12      JR  Z,CALSLT_R2
00057D 457D F1              10      POP AF
       457E                     CALSLT_BIOS:
00057E 457E FD2AC0FC        20      LD  IY,(EXPTBL-1) ;メインROMスロット
000582 4582 C31C00          10      JP  _CALSLT
       4585                     CALSLT_R2:
000585 4585 F1              10      POP AF
000586 4586 DDE9             8      JP  (IX)
                                
       4588                     MSX1:
000588 4588 CD2B57          17      CALL    MSGA1
       458B                     MSX:
00058B 458B 7E               7      LD  A,(HL)
00058C 458C 23               6      INC HL
00058D 458D B7               4      OR  A
00058E 458E 20F8            12      JR  NZ,MSX1
000590 4590 C9              10      RET
                                
       4591                     PRTHX:
000591 4591 F5              11      PUSH    AF
000592 4592 07               4      RLCA
000593 4593 07               4      RLCA
000594 4594 07               4      RLCA
000595 4595 07               4      RLCA
000596 4596 CD9A45          17      CALL    PRTA2
000599 4599 F1              10      POP AF
       459A                     PRTA2:
00059A 459A CDA045          17      CALL    ASC
00059D 459D C32757          10      JP  MSG_A
                                
       45A0                     ASC:
0005A0 45A0 E60F             7      AND 0FH
0005A2 45A2 C630             7      ADD A,'0'
0005A4 45A4 FE3A             7      CP  '9'+1
0005A6 45A6 D8              11      RET C
0005A7 45A7 C607             7      ADD A,7
0005A9 45A9 C9              10      RET
                                
       45AA                     MSN:
                                #if exists USE_NORMAL32K_OR_ASCII16
0005AA 45AA CDB645          17      CALL    RDSLT_ROM
                                #else
                                    LD  A,(HL)
                                #endif
0005AD 45AD 23               6      INC HL
0005AE 45AE CD2757          17      CALL    MSG_A
0005B1 45B1 10F7            13      DJNZ    MSN
0005B3 45B3 C9              10      RET
                                
       45B4                     RDSLT_ROM3:
0005B4 45B4 7E               7      LD  A,(HL)
0005B5 45B5 C9              10      RET
       45B6                     RDSLT_ROM:
0005B6 45B6 CB7C             8      BIT 7,H
0005B8 45B8 28FA            12      JR  Z,RDSLT_ROM3
       45BA                     RDSLT_ROM2:
0005BA 45BA 3A97F2          13      LD  A,(ROM_SLT)
       45BD                     RDSLTX:
0005BD 45BD C5              11      PUSH    BC
0005BE 45BE D5              11      PUSH    DE
0005BF 45BF CD0C00          17      CALL    _RDSLT
0005C2 45C2 D1              10      POP DE
0005C3 45C3 C1              10      POP BC
0005C4 45C4 C9              10      RET
                                
[EOF:INIT.ASM:UTF_8]
                                    INCLUDE "FILE.ASM"
                                ;
                                ;   ディスクからメモリへの転送
                                ;
       45C5                     ROM_LDIR:
0005C5 45C5 3AD6F2          13      LD  A,(FLG_LDIR)
0005C8 45C8 B7               4      OR  A
0005C9 45C9 2069            12      JR  NZ,ROM_LDIRVM
0005CB 45CB CB7A             8      BIT 7,D
0005CD 45CD CA6046          10      JP  Z,ROM_LDIRSLT
                                ;
                                ;   ページ2/ページ3
                                ;
                                #if exists USE_NORMAL32K_OR_ASCII16
0005D0 45D0 F3               4      DI
0005D1 45D1 ED73FEF2        20      LD  (_SP),SP
0005D5 45D5 3AFFF2          13      LD  A,(_SP_H)
0005D8 45D8 FEC0             7      CP  0C0H
0005DA 45DA 3003            12      JR  NC,SPJ1
0005DC 45DC 315DF5          10      LD  SP,SPBUF
       45DF                     SPJ1:
       45DF                     LDIR_PAGE2_1:
0005DF 45DF 78               4      LD  A,B
0005E0 45E0 B1               4      OR  C
0005E1 45E1 284C            12      JR  Z,LDIRE
                                
0005E3 45E3 C5              11      PUSH    BC
0005E4 45E4 D5              11      PUSH    DE
0005E5 45E5 E5              11      PUSH    HL
0005E6 45E6 3A97F2          13      LD  A,(ROM_SLT)
0005E9 45E9 2680             7      LD  H,080H
0005EB 45EB CD2400          17      CALL    _ENASLT
0005EE 45EE E1              10      POP HL
0005EF 45EF D1              10      POP DE
0005F0 45F0 C1              10      POP BC
       45F1                     LDIR_PAGE2_2:
0005F1 45F1 CB72             8      BIT 6,D
0005F3 45F3 202C            12      JR  NZ,LDIR_PAGE2_4
                                
0005F5 45F5 C5              11      PUSH    BC
0005F6 45F6 D5              11      PUSH    DE
0005F7 45F7 115EF5          10      LD  DE,BUF
                                
0005FA 45FA 78               4      LD  A,B
0005FB 45FB B7               4      OR  A
0005FC 45FC 2803            12      JR  Z,LDIR_PAGE2_3
0005FE 45FE 010001          10      LD  BC,00100H       ;B != 0 の場合は256バイトずつ転送
       4601                     LDIR_PAGE2_3:
000601 4601 C5              11      PUSH    BC
000602 4602 EDB0                    LDIR
000604 4604 22FCF2          16      LD  (_HL),HL
                                
000607 4607 3A43F3          13      LD  A,(RAMAD2)
00060A 460A 2680             7      LD  H,080H
00060C 460C CD2400          17      CALL    _ENASLT
                                
00060F 460F C1              10      POP BC
000610 4610 D1              10      POP DE
000611 4611 215EF5          10      LD  HL,BUF
000614 4614 EDB0                    LDIR
                                
000616 4616 2AFCF2          16      LD  HL,(_HL)
000619 4619 C1              10      POP BC
00061A 461A 78               4      LD  A,B
00061B 461B B7               4      OR  A
00061C 461C 2811            12      JR  Z,LDIRE
00061E 461E 05               4      DEC B
00061F 461F 18BE            12      JR  LDIR_PAGE2_1
       4621                     LDIR_PAGE2_4:               ;ページ3
                                #endif
000621 4621 EDB0                    LDIR
                                
                                #if exists USE_NORMAL32K_OR_ASCII16
       4623                     LDIRE2:
000623 4623 D5              11      PUSH    DE
000624 4624 E5              11      PUSH    HL
000625 4625 3A43F3          13      LD  A,(RAMAD2)
000628 4628 2680             7      LD  H,080H
00062A 462A CD2400          17      CALL    _ENASLT
00062D 462D E1              10      POP HL
00062E 462E D1              10      POP DE
       462F                     LDIRE:
00062F 462F ED7BFEF2        20      LD  SP,(_SP)
                                #else
                                LDIRE2:
                                #endif
000633 4633 C9              10      RET
                                ;
                                ;   ディスクからV-RAMへの転送
                                ;
       4634                     ROM_LDIRVM:
                                #if exists USE_NORMAL32K_OR_ASCII16
000634 4634 F3               4      DI
000635 4635 ED73FEF2        20      LD  (_SP),SP
000639 4639 3AFFF2          13      LD  A,(_SP_H)
00063C 463C FEC0             7      CP  0C0H
00063E 463E 3003            12      JR  NC,SPJ2
000640 4640 315DF5          10      LD  SP,SPBUF
       4643                     SPJ2:
000643 4643 C5              11      PUSH    BC
000644 4644 D5              11      PUSH    DE
000645 4645 E5              11      PUSH    HL
000646 4646 3A97F2          13      LD  A,(ROM_SLT)
000649 4649 2680             7      LD  H,080H
00064B 464B CD2400          17      CALL    _ENASLT
00064E 464E E1              10      POP HL
00064F 464F D1              10      POP DE
000650 4650 C1              10      POP BC
                                #endif
000651 4651 C5              11      PUSH    BC
000652 4652 D5              11      PUSH    DE
000653 4653 DD215C00        14      LD  IX,LDIRVM
000657 4657 CD7545          17      CALL    CALSLT_BIOS_PAGE0
00065A 465A E1              10      POP HL
00065B 465B C1              10      POP BC
00065C 465C 09              11      ADD HL,BC
00065D 465D EB               4      EX  DE,HL
                                #if exists USE_NORMAL32K_OR_ASCII16
00065E 465E 18C3            12      JR  LDIRE2
                                #else
                                    RET
                                #endif
                                ;
                                ;   ページ0/ページ1
                                ;
       4660                     ROM_LDIRSLT:
                                #if exists USE_NORMAL32K_OR_ASCII16
000660 4660 F3               4      DI
000661 4661 ED73FEF2        20      LD  (_SP),SP
000665 4665 3AFFF2          13      LD  A,(_SP_H)
000668 4668 FEC0             7      CP  0C0H
00066A 466A 3003            12      JR  NC,SPJ3
00066C 466C 315DF5          10      LD  SP,SPBUF
       466F                     SPJ3:
00066F 466F C5              11      PUSH    BC
000670 4670 D5              11      PUSH    DE
000671 4671 E5              11      PUSH    HL
000672 4672 3A97F2          13      LD  A,(ROM_SLT)
000675 4675 2680             7      LD  H,080H
000677 4677 CD2400          17      CALL    _ENASLT
00067A 467A E1              10      POP HL
00067B 467B D1              10      POP DE
00067C 467C C1              10      POP BC
                                #endif
                                                ;ページ0
00067D 467D 3A0000          13      LD  A,(0000H)
000680 4680 FEF3             7      CP  0F3H        ;0000H が DI じゃない場合はページ0は RAM とみなす
000682 4682 280C            12      JR  Z,LDIR_PAGE0_SLT
       4684                     LDIR_PAGE0_1:
000684 4684 CB72             8      BIT 6,D
000686 4686 2026            12      JR  NZ,LDIR_PAGE1
000688 4688 EDA0            16      LDI         ;ページ0 直接転送
00068A 468A EA8446          10      JP  PE,LDIR_PAGE0_1
                                #if exists USE_NORMAL32K_OR_ASCII16
00068D 468D C32346          10      JP  LDIRE2
                                #else
                                    RET
                                #endif
                                
       4690                     LDIR_PAGE0_SLT:     ;ページ0 WRSLTを使用
000690 4690 EB               4      EX  DE,HL       ;転送方向(DE)→(HL)
       4691                     LDIR_PAGE0_SLT1:
000691 4691 CB74             8      BIT 6,H
000693 4693 2018            12      JR  NZ,LDIR_PAGE1_DEHL
000695 4695 1A               7      LD  A,(DE)
000696 4696 13               6      INC DE
000697 4697 D5              11      PUSH    DE
000698 4698 5F               4      LD  E,A
000699 4699 E5              11      PUSH    HL
00069A 469A C5              11      PUSH    BC
00069B 469B 3A41F3          13      LD  A,(RAMAD0)
00069E 469E CD1400          17      CALL    _WRSLT
0006A1 46A1 C1              10      POP BC
0006A2 46A2 E1              10      POP HL
0006A3 46A3 D1              10      POP DE
0006A4 46A4 EDA1            16      CPI         ;HL=HL+1 BC=BC-1 BCが0の場合にP/V=0
0006A6 46A6 EA9146          10      JP  PE,LDIR_PAGE0_SLT1
0006A9 46A9 EB               4      EX  DE,HL       ;転送方向(HL)→(DE)
                                #if exists USE_NORMAL32K_OR_ASCII16
0006AA 46AA C32346          10      JP  LDIRE2
                                #else
                                    RET
                                #endif
                                
                                #if exists _RAM64K
       46AD                     LDIR_PAGE1_DEHL:
0006AD 46AD EB               4      EX  DE,HL       ;転送方向(HL)→(DE)
       46AE                     LDIR_PAGE1:         ;ページ1
0006AE 46AE 78               4      LD  A,B
0006AF 46AF B1               4      OR  C
0006B0 46B0 CA2346          10      JP  Z,LDIRE2
                                
0006B3 46B3 7A               4      LD  A,D
0006B4 46B4 FE7F             7      CP  07FH        ;ページ2と被る可能性？($7FXX)
0006B6 46B6 380F            12      JR  C,LDIR_PAGE1_2
0006B8 46B8 87               4      ADD A,A
0006B9 46B9 DADF45          10      JP  C,LDIR_PAGE2_1  ;ページ2へ
0006BC 46BC 78               4      LD  A,B
0006BD 46BD B7               4      OR  A
0006BE 46BE 7B               4      LD  A,E
0006BF 46BF 2803            12      JR  Z,LDIR_PAGE1_1
0006C1 46C1 B7               4      OR  A           ;B != 0 の場合は256バイト転送
0006C2 46C2 2027            12      JR  NZ,LDIR_PAGE1_SLT_HLDE  ;被る
       46C4                     LDIR_PAGE1_1:
0006C4 46C4 81               4      ADD A,C
0006C5 46C5 3824            12      JR  C,LDIR_PAGE1_SLT_HLDE   ;被る
       46C7                     LDIR_PAGE1_2:
0006C7 46C7 C5              11      PUSH    BC
0006C8 46C8 D5              11      PUSH    DE
0006C9 46C9 115EF5          10      LD  DE,BUF
                                
0006CC 46CC 78               4      LD  A,B
0006CD 46CD B7               4      OR  A
0006CE 46CE 2803            12      JR  Z,LDIR_PAGE1_3
0006D0 46D0 010001          10      LD  BC,00100H       ;B != 0 の場合は256バイトずつ転送
       46D3                     LDIR_PAGE1_3:
0006D3 46D3 C5              11      PUSH    BC
0006D4 46D4 EDB0                    LDIR
0006D6 46D6 22FCF2          16      LD  (_HL),HL
                                
0006D9 46D9 3A42F3          13      LD  A,(RAMAD1)
0006DC 46DC C329F1          10      JP  LDIR_PAGE1_RAM      ;ページ1をRAMにする処理はページ3にある
       46DF                     LDIR_PAGE1_ROM:
0006DF 46DF 2AFCF2          16      LD  HL,(_HL)
0006E2 46E2 C1              10      POP BC
0006E3 46E3 78               4      LD  A,B
0006E4 46E4 B7               4      OR  A
0006E5 46E5 CA2346          10      JP  Z,LDIRE2
0006E8 46E8 05               4      DEC B
0006E9 46E9 18C3            12      JR  LDIR_PAGE1
                                
       46EB                     LDIR_PAGE1_SLT_HLDE:
0006EB 46EB EB               4      EX  DE,HL       ;転送方向(DE)→(HL)
                                #else
                                LDIR_PAGE1:         ;ページ1 WRSLTを使用
                                LDIR_PAGE1_HLDE:
                                    EX  DE,HL       ;転送方向(DE)→(HL)
                                LDIR_PAGE1_DEHL:
                                #endif
       46EC                     LDIR_PAGE1_SLT1:
0006EC 46EC CB7C             8      BIT 7,H
0006EE 46EE 2018            12      JR  NZ,LDIR_PAGE2_HLDE
0006F0 46F0 1A               7      LD  A,(DE)
0006F1 46F1 13               6      INC DE
0006F2 46F2 D5              11      PUSH    DE
0006F3 46F3 5F               4      LD  E,A
0006F4 46F4 E5              11      PUSH    HL
0006F5 46F5 C5              11      PUSH    BC
0006F6 46F6 3A42F3          13      LD  A,(RAMAD1)
0006F9 46F9 CD1400          17      CALL    _WRSLT
0006FC 46FC C1              10      POP BC
0006FD 46FD E1              10      POP HL
0006FE 46FE D1              10      POP DE
0006FF 46FF EDA1            16      CPI         ;HL=HL+1 BC=BC-1 BCが0の場合にP/V=0
000701 4701 EAEC46          10      JP  PE,LDIR_PAGE1_SLT1
000704 4704 EB               4      EX  DE,HL       ;転送方向(HL)→(DE)
                                #if exists USE_NORMAL32K_OR_ASCII16
000705 4705 C32346          10      JP  LDIRE2
       4708                     LDIR_PAGE2_HLDE:            ;ページ2
000708 4708 EB               4      EX  DE,HL       ;転送方向(HL)→(DE)
000709 4709 C3DF45          10      JP  LDIR_PAGE2_1
                                #else
                                    RET
                                LDIR_PAGE2_HLDE:            ;ページ2
                                    EX  DE,HL       ;転送方向(HL)→(DE)
                                LDIR_PAGE2_1:
                                    LDIR
                                    RET
                                #endif
                                ;
                                ;   BASIC関連
                                ;
       470C                     END_OF_LINE:
00070C 470C 215EF5          10      LD  HL,BUF
       470F                     EOL1:
00070F 470F 7E               7      LD  A,(HL)
000710 4710 C8              11      RET Z
000711 4711 FE0D             7      CP  00DH
000713 4713 2807            12      JR  Z,EOLE
000715 4715 FE0A             7      CP  00AH
000717 4717 2803            12      JR  Z,EOLE
000719 4719 23               6      INC HL
00071A 471A 18F3            12      JR  EOL1
       471C                     EOLE:
00071C 471C 3600            10      LD  (HL),0
00071E 471E 23               6      INC HL
00071F 471F 7E               7      LD  A,(HL)
000720 4720 FE0A             7      CP  00AH
000722 4722 C0              11      RET NZ
000723 4723 23               6      INC HL
000724 4724 C9              10      RET
                                ;
                                ;   アスキー形式のファイルを読み込む
                                ;
       4725                     ROM_LOAD_ASCII:
000725 4725 210000          10      LD  HL,0
000728 4728 22DAF2          16      LD  (_BUF_ST),HL    ;読み出し位置
00072B 472B 2A76F6          16      LD  HL,(TXTTAB)
00072E 472E 22DCF2          16      LD  (_BUF_EN),HL    ;書き出し位置
                                
000731 4731 215EF5          10      LD  HL,BUF
000734 4734 22D4F2          16      LD  (_DTA),HL
       4737                     RLOAD_A1:
000737 4737 2ADAF2          16      LD  HL,(_BUF_ST)
00073A 473A 22CAF2          16      LD  (RR_LOW),HL
00073D 473D 210201          10      LD  HL,258
000740 4740 CD514C          17      CALL    ROM_READ
000743 4743 7C               4      LD  A,H
000744 4744 B5               4      OR  L
000745 4745 2875            12      JR  Z,RLOAD_AEND
000747 4747 015EF5          10      LD  BC,BUF
00074A 474A 09              11      ADD HL,BC
00074B 474B 3600            10      LD  (HL),0
00074D 474D CD0C47          17      CALL    END_OF_LINE
000750 4750 015EF5          10      LD  BC,BUF
000753 4753 A7               4      AND A
000754 4754 ED42            15      SBC HL,BC
000756 4756 2810            12      JR  Z,RLOAD_A2
000758 4758 4D               4      LD  C,L
000759 4759 44               4      LD  B,H
00075A 475A ED5BDAF2        20      LD  DE,(_BUF_ST)
00075E 475E 19              11      ADD HL,DE
00075F 475F 22DAF2          16      LD  (_BUF_ST),HL
000762 4762 3A5EF5          13      LD  A,(BUF)
000765 4765 B7               4      OR  A
000766 4766 28CF            12      JR  Z,RLOAD_A1
       4768                     RLOAD_A2:
000768 4768 115EF5          10      LD  DE,BUF
00076B 476B CD254E          17      CALL    SPCUTEX
00076E 476E 1A               7      LD  A,(DE)
00076F 476F B7               4      OR  A
000770 4770 284A            12      JR  Z,RLOAD_AEND
000772 4772 CD374E          17      CALL    GETNUM
000775 4775 7C               4      LD  A,H
000776 4776 B5               4      OR  L
000777 4777 CA9348          10      JP  Z,ERROR_DIRECT_IN_FILE
00077A 477A DD2ADCF2        20      LD  IX,(_BUF_EN)
00077E 477E DD7502          19      LD  (IX+2),L
000781 4781 DD7403          19      LD  (IX+3),H
                                
000784 4784 CD1E4E          17      CALL    SPCUT
000787 4787 EB               4      EX  DE,HL
000788 4788 DDE5            15      PUSH    IX
00078A 478A DD21B242        14      LD  IX,CRUNCH
00078E 478E CD7E45          17      CALL    CALSLT_BIOS
000791 4791 DDE1            14      POP IX
000793 4793 EB               4      EX  DE,HL
000794 4794 111FF4          10      LD  DE,KBUF
000797 4797 37               4      SCF
000798 4798 ED52            15      SBC HL,DE
00079A 479A CA9348          10      JP  Z,ERROR_DIRECT_IN_FILE
00079D 479D DA9348          10      JP  C,ERROR_DIRECT_IN_FILE
0007A0 47A0 4D               4      LD  C,L
0007A1 47A1 44               4      LD  B,H
0007A2 47A2 2ADCF2          16      LD  HL,(_BUF_EN)
0007A5 47A5 110400          10      LD  DE,4
0007A8 47A8 19              11      ADD HL,DE
0007A9 47A9 111FF4          10      LD  DE,KBUF
                                
0007AC 47AC EB               4      EX  DE,HL
0007AD 47AD EDB0                    LDIR
0007AF 47AF EB               4      EX  DE,HL
                                
0007B0 47B0 DD7500          19      LD  (IX+0),L
0007B3 47B3 DD7401          19      LD  (IX+1),H
0007B6 47B6 22DCF2          16      LD  (_BUF_EN),HL
0007B9 47B9 C33747          10      JP  RLOAD_A1
                                
       47BC                     RLOAD_AEND:
0007BC 47BC 2ADCF2          16      LD  HL,(_BUF_EN)
0007BF 47BF AF               4      XOR A
0007C0 47C0 77               7      LD  (HL),A
0007C1 47C1 23               6      INC HL
0007C2 47C2 77               7      LD  (HL),A
0007C3 47C3 23               6      INC HL
0007C4 47C4 22DCF2          16      LD  (_BUF_EN),HL
0007C7 47C7 C35648          10      JP  RLOAD_END1
                                
       47CA                     ROM_LOAD:
0007CA 47CA CDF849          17      CALL    INIT_PARAM
0007CD 47CD 7E               7      LD  A,(HL)
0007CE 47CE FE2C             7      CP  ','
0007D0 47D0 2003            12      JR  NZ,ROM_LOAD0
0007D2 47D2 23               6      INC HL
0007D3 47D3 7E               7      LD  A,(HL)
0007D4 47D4 2B               6      DEC HL
       47D5                     ROM_LOAD0:
0007D5 47D5 32BEFC          13      LD  (RUNBNF),A
0007D8 47D8 CDF24C          17      CALL    FILE_B
0007DB 47DB 3A01F3          13      LD  A,(FNAME)
0007DE 47DE FE20             7      CP  020H
0007E0 47E0 CAED4C          10      JP  Z,ROM_ORG
                                
0007E3 47E3 CD8E4E          17      CALL    ROM_OPEN
0007E6 47E6 DA9F48          10      JP  C,ERROR_FILE_NOT_FOUND
       47E9                     ROM_LOAD1:
0007E9 47E9 21D9F2          10      LD  HL,_BUF
0007EC 47EC 22D4F2          16      LD  (_DTA),HL
0007EF 47EF 210100          10      LD  HL,1            ;ヘッダを1バイト読み込む
0007F2 47F2 CD514C          17      CALL    ROM_READ
0007F5 47F5 3AD9F2          13      LD  A,(_BUF)
0007F8 47F8 3C               4      INC A
0007F9 47F9 C22547          10      JP  NZ,ROM_LOAD_ASCII
0007FC 47FC 2A76F6          16      LD  HL,(TXTTAB)
0007FF 47FF 22D4F2          16      LD  (_DTA),HL
000802 4802 EB               4      EX  DE,HL
000803 4803 2100FF          10      LD  HL,-256
000806 4806 39              11      ADD HL,SP
000807 4807 ED52            15      SBC HL,DE
000809 4809 CD514C          17      CALL    ROM_READ
00080C 480C ED5BD4F2        20      LD  DE,(_DTA)
000810 4810 19              11      ADD HL,DE
000811 4811 E5              11      PUSH    HL
000812 4812 2A76F6          16      LD  HL,(TXTTAB)
       4815                     ROM_LOAD2:          ;リンクポインタをFIX
000815 4815 E5              11      PUSH    HL
000816 4816 DDE1            14      POP IX
000818 4818 7E               7      LD  A,(HL)      ;リンクポインタL
000819 4819 23               6      INC HL
00081A 481A B6               7      OR  (HL)        ;リンクポインタH
00081B 481B 23               6      INC HL
00081C 481C 2837            12      JR  Z,RLOAD_END0
00081E 481E 23               6      INC HL      ;行番号
00081F 481F 23               6      INC HL      ;行番号
       4820                     ROM_LOAD3:
000820 4820 7E               7      LD  A,(HL)
000821 4821 23               6      INC HL
000822 4822 FE0B             7      CP  00BH        ;8進数(&O)
000824 4824 2822            12      JR  Z,INC_HL2
000826 4826 FE0C             7      CP  00CH        ;16進数(&H)
000828 4828 281E            12      JR  Z,INC_HL2
00082A 482A FE0D             7      CP  00DH        ;行番号(RUN後)
00082C 482C 281A            12      JR  Z,INC_HL2
00082E 482E FE0E             7      CP  00EH        ;行番号(RUN前)
000830 4830 2816            12      JR  Z,INC_HL2
000832 4832 FE0F             7      CP  00FH        ;10～255の整数(%)
000834 4834 2813            12      JR  Z,INC_HL1
000836 4836 FE1C             7      CP  01CH        ;256～65535の整数(%)
000838 4838 280E            12      JR  Z,INC_HL2
00083A 483A FE1D             7      CP  01DH        ;単精度実数(!)
00083C 483C 2808            12      JR  Z,INC_HL4
00083E 483E FE1F             7      CP  01FH        ;倍制度実数(#)
000840 4840 2008            12      JR  NZ,INC_HL0
000842 4842 23               6      INC HL
000843 4843 23               6      INC HL
000844 4844 23               6      INC HL
000845 4845 23               6      INC HL
       4846                     INC_HL4:
000846 4846 23               6      INC HL
000847 4847 23               6      INC HL
       4848                     INC_HL2:
000848 4848 23               6      INC HL
       4849                     INC_HL1:
000849 4849 23               6      INC HL
       484A                     INC_HL0:
00084A 484A B7               4      OR  A
00084B 484B 20D3            12      JR  NZ,ROM_LOAD3
00084D 484D DD7500          19      LD  (IX+0),L
000850 4850 DD7401          19      LD  (IX+1),H
000853 4853 18C0            12      JR  ROM_LOAD2
       4855                     RLOAD_END0:
000855 4855 E1              10      POP HL
       4856                     RLOAD_END1:
000856 4856 22C2F6          16      LD  (VARTAB),HL
000859 4859 22C4F6          16      LD  (ARYTAB),HL
00085C 485C 22C6F6          16      LD  (STREND),HL
                                
00085F 485F 3ABEFC          13      LD  A,(RUNBNF)
000862 4862 CD784E          17      CALL    CAP
000865 4865 FE52             7      CP  'R'
000867 4867 280E            12      JR  Z,RLOAD_END2
000869 4869 AF               4      XOR A
00086A 486A 21DCF2          10      LD  HL,_BUF+3
00086D 486D 77               7      LD  (HL),A      ;3
00086E 486E 2B               6      DEC HL
00086F 486F 77               7      LD  (HL),A      ;2
000870 4870 2B               6      DEC HL
000871 4871 77               7      LD  (HL),A      ;1
000872 4872 2B               6      DEC HL
000873 4873 3E8F             7      LD  A,08FH      ;REM
000875 4875 77               7      LD  (HL),A      ;0
000876 4876 C9              10      RET
       4877                     RLOAD_END2:
000877 4877 D5              11      PUSH    DE
000878 4878 ED5B76F6        20      LD  DE,(TXTTAB)
00087C 487C 1B               6      DEC DE
00087D 487D AF               4      XOR A
00087E 487E 21DFF2          10      LD  HL,_BUF+6
000881 4881 77               7      LD  (HL),A      ;6
000882 4882 2B               6      DEC HL
000883 4883 77               7      LD  (HL),A      ;5
000884 4884 2B               6      DEC HL
000885 4885 77               7      LD  (HL),A      ;4
000886 4886 2B               6      DEC HL
000887 4887 72               7      LD  (HL),D      ;3 行番号H
000888 4888 2B               6      DEC HL
000889 4889 73               7      LD  (HL),E      ;2 行番号L
00088A 488A 2B               6      DEC HL
00088B 488B 360D            10      LD  (HL),00DH   ;1 行番号(RUN後)
00088D 488D 2B               6      DEC HL
00088E 488E 3E89             7      LD  A,089H      ;GOTO
000890 4890 77               7      LD  (HL),A      ;0
000891 4891 D1              10      POP DE
000892 4892 C9              10      RET
                                
       4893                     ERROR_DIRECT_IN_FILE:
000893 4893 1E39             7      LD  E,57            ;Direct statement in file
000895 4895 01                      DB  1           ;LD BC,
       4896                     ERROR_DEVICE_IO_ERROR:
000896 4896 1E13             7      LD  E,19            ;Device I/O error
000898 4898 01                      DB  1           ;LD BC,
       4899                     ERROR_INTERNAL_ERROR:
000899 4899 1E33             7      LD  E,51            ;Internal error
00089B 489B 01                      DB  1           ;LD BC,
       489C                     ERROR_FILE_NOT_OPEN:
00089C 489C 1E3B             7      LD  E,59            ;File not OPEN
00089E 489E 01                      DB  1           ;LD BC,
       489F                     ERROR_FILE_NOT_FOUND:
00089F 489F 1E35             7      LD  E,53            ;File not found
       48A1                     ERROR:
0008A1 48A1 DD216F40        14      LD  IX,ERRHAND
0008A5 48A5 C37E45          10      JP  CALSLT_BIOS
                                
       48A8                     ROM_BLOAD:
0008A8 48A8 CDF849          17      CALL    INIT_PARAM
0008AB 48AB CDF24C          17      CALL    FILE_B
0008AE 48AE CD8E4E          17      CALL    ROM_OPEN
0008B1 48B1 38EC            12      JR  C,ERROR_FILE_NOT_FOUND
                                
0008B3 48B3 21D9F2          10      LD  HL,_BUF
0008B6 48B6 22D4F2          16      LD  (_DTA),HL
0008B9 48B9 210700          10      LD  HL,7            ;ヘッダを7バイト読み込む
0008BC 48BC CD514C          17      CALL    ROM_READ
0008BF 48BF 3AD9F2          13      LD  A,(_BUF)
0008C2 48C2 FEFE             7      CP  0FEH
0008C4 48C4 20D6            12      JR  NZ,ERROR_FILE_NOT_OPEN
                                
0008C6 48C6 21A5F2          10      LD  HL,BLOAD_RET
0008C9 48C9 229DF2          16      LD  (SWC_BLOAD),HL
                                
0008CC 48CC 2AF7F2          16      LD  HL,(PARAM1)
0008CF 48CF 7E               7      LD  A,(HL)
0008D0 48D0 FE2C             7      CP  ','
0008D2 48D2 204C            12      JR  NZ,RBREAD_MEM
0008D4 48D4 23               6      INC HL
0008D5 48D5 7E               7      LD  A,(HL)
0008D6 48D6 CD784E          17      CALL    CAP
0008D9 48D9 32BEFC          13      LD  (RUNBNF),A
0008DC 48DC FE52             7      CP  'R'     ;R,Sスイッチじゃ無い場合はオフセット値として処理する
0008DE 48DE 2808            12      JR  Z,RBOS1
0008E0 48E0 FE53             7      CP  'S'
0008E2 48E2 2804            12      JR  Z,RBOS1
0008E4 48E4 FE2C             7      CP  ','
0008E6 48E6 200D            12      JR  NZ,RBOS2
       48E8                     RBOS1:
0008E8 48E8 7E               7      LD  A,(HL)
0008E9 48E9 23               6      INC HL
0008EA 48EA B7               4      OR  A
0008EB 48EB 2820            12      JR  Z,RBREAD_OSE
0008ED 48ED FE3A             7      CP  ':'
0008EF 48EF 281C            12      JR  Z,RBREAD_OSE
0008F1 48F1 FE2C             7      CP  ','     ;次のパラメータを探す
0008F3 48F3 20F3            12      JR  NZ,RBOS1
       48F5                     RBOS2:              ;オフセット
0008F5 48F5 22F7F2          16      LD  (PARAM1),HL
0008F8 48F8 7E               7      LD  A,(HL)
0008F9 48F9 B7               4      OR  A
0008FA 48FA 2811            12      JR  Z,RBREAD_OSE
0008FC 48FC DD212F54        14      LD  IX,FRMQNT
000900 4900 CD7E45          17      CALL    CALSLT_BIOS
000903 4903 22F7F2          16      LD  (PARAM1),HL
000906 4906 2ADAF2          16      LD  HL,(_BUF_ST)
000909 4909 19              11      ADD HL,DE
00090A 490A 22DAF2          16      LD  (_BUF_ST),HL
       490D                     RBREAD_OSE:
00090D 490D 3ABEFC          13      LD  A,(RUNBNF)
000910 4910 FE53             7      CP  'S'
000912 4912 200C            12      JR  NZ,RBREAD_MEM
000914 4914 3A2D00          13      LD  A,(0002DH)  ;MSX version number
000917 4917 B7               4      OR  A       ;A=0 MSX1
000918 4918 C4DF4B          17      CALL    NZ,WAIT_VDP ;MSX2以上はVDPのBUSYを待つ (MSX1は無限ループになってしまう)
00091B 491B 3E01             7      LD  A,1
00091D 491D 32D6F2          13      LD  (FLG_LDIR),A
       4920                     RBREAD_MEM:
000920 4920 2ADAF2          16      LD  HL,(_BUF_ST)
000923 4923 22BFFC          16      LD  (SAVENT),HL
000926 4926 22D4F2          16      LD  (_DTA),HL
000929 4929 21FFFF          10      LD  HL,0FFFFH
00092C 492C CD514C          17      CALL    ROM_READ
00092F 492F AF               4      XOR A
000930 4930 32D6F2          13      LD  (FLG_LDIR),A
000933 4933 3ABEFC          13      LD  A,(RUNBNF)
000936 4936 FE52             7      CP  'R'
000938 4938 2006            12      JR  NZ,RBREAD1
00093A 493A 2ADEF2          16      LD  HL,(_BUF_EX)
00093D 493D 229DF2          16      LD  (SWC_BLOAD),HL
       4940                     RBREAD1:
       4940                     ROM_NEXT:
000940 4940 2AF7F2          16      LD  HL,(PARAM1)
000943 4943 7E               7      LD  A,(HL)
000944 4944 2B               6      DEC HL
000945 4945 B7               4      OR  A
000946 4946 2805            12      JR  Z,ROM_NEXT1
000948 4948 FE3A             7      CP  ':'
00094A 494A 2801            12      JR  Z,ROM_NEXT1
00094C 494C 23               6      INC HL
       494D                     ROM_NEXT1:
00094D 494D 5D               4      LD  E,L
00094E 494E 54               4      LD  D,H
                                
00094F 494F CD4E4E          17      CALL    SEARCH_END
000952 4952 B7               4      OR  A
000953 4953 2821            12      JR  Z,REM
       4955                     RN3:                    ;マルチステートメントの処理
000955 4955 7E               7      LD  A,(HL)
                                
000956 4956 FEB5             7      CP  0B5H            ;LOAD
000958 4958 CACA47          10      JP  Z,ROM_LOAD
00095B 495B FE8A             7      CP  08AH            ;RUN
00095D 495D 281B            12      JR  Z,ROM_RUN
00095F 495F FEB7             7      CP  0B7H            ;FILES
000961 4961 2825            12      JR  Z,ROM_FILES
000963 4963 FED6             7      CP  0D6H            ;COPY
000965 4965 CA294A          10      JP  Z,ROM_COPY
000968 4968 FE20             7      CP  020H
00096A 496A 2807            12      JR  Z,RN_SP
                                
00096C 496C 3E28             7      LD  A,028H          ;JR Z,
00096E 496E 32A3F2          13      LD  (SWC_BLOAD_M),A
000971 4971 7E               7      LD  A,(HL)
000972 4972 C9              10      RET
       4973                     RN_SP:
000973 4973 23               6      INC HL
000974 4974 18DF            12      JR  RN3
                                
       4976                     REM:
000976 4976 EB               4      EX  DE,HL
000977 4977 3E8F             7      LD  A,08FH          ;REM
000979 4979 C9              10      RET
                                
       497A                     ROM_RUN:
00097A 497A 23               6      INC HL
00097B 497B 7E               7      LD  A,(HL)
00097C 497C 2B               6      DEC HL
00097D 497D B7               4      OR  A
00097E 497E C4CA47          17      CALL    NZ,ROM_LOAD
000981 4981 FE8F             7      CP  08FH            ;REM
000983 4983 3E8A             7      LD  A,08AH          ;RUN
000985 4985 C0              11      RET NZ
000986 4986 77               7      LD  (HL),A
000987 4987 C9              10      RET
                                
       4988                     ROM_FILES:
000988 4988 CDF849          17      CALL    INIT_PARAM
00098B 498B CDF24C          17      CALL    FILE_B
00098E 498E CDB656          17      CALL    GET_DISK_BANK_FDRV
000991 4991 3AC9F2          13      LD  A,(SECSZ_H)
000994 4994 CD1355          17      CALL    IS_BPB1
000997 4997 DA9648          10      JP  C,ERROR_DEVICE_IO_ERROR
00099A 499A 3A01F3          13      LD  A,(FNAME)
00099D 499D FE21             7      CP  021H
00099F 499F 3005            12      JR  NC,RFILES0
0009A1 49A1 060B             7      LD  B,11
0009A3 49A3 CDDE4D          17      CALL    FILE10
       49A6                     RFILES0:
0009A6 49A6 CD5151          17      CALL    GET_DIR_DAT
       49A9                     RFILES1:
0009A9 49A9 CD024F          17      CALL    FILESE
0009AC 49AC 3045            12      JR  NC,RFILES_NOT_MATCH
       49AE                     RFILES_DISP:
0009AE 49AE E5              11      PUSH    HL
0009AF 49AF 110B00          10      LD  DE,0000BH   ;属性
0009B2 49B2 19              11      ADD HL,DE
                                #if exists USE_NORMAL32K_OR_ASCII16
0009B3 49B3 CDB645          17      CALL    RDSLT_ROM
                                #else
                                    LD  A,(HL)
                                #endif
0009B6 49B6 E1              10      POP HL
0009B7 49B7 CB4F             8      BIT 1,A     ;不可視属性
0009B9 49B9 2035            12      JR  NZ,RFILES_NEXT
0009BB 49BB E5              11      PUSH    HL
0009BC 49BC 0608             7      LD  B,8
0009BE 49BE CDAA45          17      CALL    MSN
                                #if exists USE_NORMAL32K_OR_ASCII16
0009C1 49C1 CDB645          17      CALL    RDSLT_ROM
                                #else
                                    LD  A,(HL)
                                #endif
0009C4 49C4 FE20             7      CP  020H
0009C6 49C6 F5              11      PUSH    AF
0009C7 49C7 3E2E             7      LD  A,'.'
0009C9 49C9 C42757          17      CALL    NZ,MSG_A
0009CC 49CC 0603             7      LD  B,3
0009CE 49CE CDAA45          17      CALL    MSN
0009D1 49D1 F1              10      POP AF
0009D2 49D2 CC2757          17      CALL    Z,MSG_A
0009D5 49D5 3ADDF3          13      LD  A,(CSRX)
0009D8 49D8 47               4      LD  B,A
0009D9 49D9 3AB0F3          13      LD  A,(LINLEN)
0009DC 49DC 90               4      SUB B
0009DD 49DD FE0C             7      CP  12
0009DF 49DF 3009            12      JR  NC,RFILES2
0009E1 49E1 3E0D             7      LD  A,00DH      ;改行
0009E3 49E3 CD2757          17      CALL    MSG_A
0009E6 49E6 3E0A             7      LD  A,00AH
0009E8 49E8 1802            12      JR  RFILES3
       49EA                     RFILES2:
0009EA 49EA 3E20             7      LD  A,020H
       49EC                     RFILES3:
0009EC 49EC CD2757          17      CALL    MSG_A
0009EF 49EF E1              10      POP HL
       49F0                     RFILES_NEXT:
0009F0 49F0 CD204F          17      CALL    FNEXT
       49F3                     RFILES_NOT_MATCH:
0009F3 49F3 20B4            12      JR  NZ,RFILES1
0009F5 49F5 C34049          10      JP  ROM_NEXT
                                
       49F8                     INIT_PARAM:
0009F8 49F8 22F5F2          16      LD  (PARAM0),HL
0009FB 49FB 22F7F2          16      LD  (PARAM1),HL
0009FE 49FE EB               4      EX  DE,HL
0009FF 49FF 32BEFC          13      LD  (RUNBNF),A
000A02 4A02 3263F6          13      LD  (VALTYP),A
000A05 4A05 E5              11      PUSH    HL
000A06 4A06 3AEAF2          13      LD  A,(_DVSW)
000A09 4A09 CD9856          17      CALL    GET_CD
000A0C 4A0C 22F9F2          16      LD  (_CDX),HL
000A0F 4A0F E1              10      POP HL
000A10 4A10 13               6      INC DE
000A11 4A11 CD1E4E          17      CALL    SPCUT
000A14 4A14 1A               7      LD  A,(DE)
000A15 4A15 B7               4      OR  A
000A16 4A16 C8              11      RET Z
000A17 4A17 FE3A             7      CP  ':'
000A19 4A19 C8              11      RET Z
000A1A 4A1A FE28             7      CP  '('
000A1C 4A1C C8              11      RET Z
000A1D 4A1D EB               4      EX  DE,HL
000A1E 4A1E DD21644C        14      LD  IX,FRMEVL
000A22 4A22 CD7E45          17      CALL    CALSLT_BIOS
000A25 4A25 22F7F2          16      LD  (PARAM1),HL
000A28 4A28 C9              10      RET
                                
       4A29                     ROM_COPY:
000A29 4A29 CDF849          17      CALL    INIT_PARAM
000A2C 4A2C 3A63F6          13      LD  A,(VALTYP)
000A2F 4A2F FE03             7      CP  3       ;string
000A31 4A31 C2ED4C          10      JP  NZ,ROM_ORG  ;最初の引数が文字列ではない場合はオリジナルを実行する
                                
000A34 4A34 CDF24C          17      CALL    FILE_B
000A37 4A37 CD8E4E          17      CALL    ROM_OPEN
000A3A 4A3A DA9F48          10      JP  C,ERROR_FILE_NOT_FOUND
                                
000A3D 4A3D 21DEF2          10      LD  HL,_BUF_W
000A40 4A40 22D4F2          16      LD  (_DTA),HL
000A43 4A43 210400          10      LD  HL,4            ;ヘッダを4バイト読み込む
000A46 4A46 CD514C          17      CALL    ROM_READ
                                
000A49 4A49 AF               4      XOR A
000A4A 4A4A 32D9F2          13      LD  (_BUF_LO),A     ;PSET
000A4D 4A4D 32E6F2          13      LD  (_BUF_O),A      ;向き
                                
000A50 4A50 2AF7F2          16      LD  HL,(PARAM1)
       4A53                     RCP_PARAM1:
000A53 4A53 7E               7      LD  A,(HL)
000A54 4A54 23               6      INC HL
000A55 4A55 B7               4      OR  A
000A56 4A56 CA4D49          10      JP  Z,ROM_NEXT1
000A59 4A59 FE3A             7      CP  ':'
000A5B 4A5B CA4D49          10      JP  Z,ROM_NEXT1
000A5E 4A5E FE2C             7      CP  ','
000A60 4A60 200E            12      JR  NZ,RCP_PARAM1_
                                
000A62 4A62 DD212F54        14      LD  IX,FRMQNT
000A66 4A66 CD7E45          17      CALL    CALSLT_BIOS
000A69 4A69 7B               4      LD  A,E
000A6A 4A6A 87               4      ADD A,A
000A6B 4A6B 87               4      ADD A,A
000A6C 4A6C 32E6F2          13      LD  (_BUF_O),A
000A6F 4A6F 7E               7      LD  A,(HL)
       4A70                     RCP_PARAM1_:
000A70 4A70 FE28             7      CP  '('
000A72 4A72 20DF            12      JR  NZ,RCP_PARAM1
000A74 4A74 DD212F54        14      LD  IX,FRMQNT
000A78 4A78 CD7E45          17      CALL    CALSLT_BIOS
                                
000A7B 4A7B ED53E2F2        20      LD  (_BUF_X),DE
                                
       4A7F                     RCP_PARAM2:
000A7F 4A7F 23               6      INC HL
000A80 4A80 7E               7      LD  A,(HL)
000A81 4A81 FE20             7      CP  020H
000A83 4A83 28FA            12      JR  Z,RCP_PARAM2
000A85 4A85 FE2C             7      CP  ','
000A87 4A87 28F6            12      JR  Z,RCP_PARAM2
                                
000A89 4A89 DD212F54        14      LD  IX,FRMQNT
000A8D 4A8D CD7E45          17      CALL    CALSLT_BIOS
                                
000A90 4A90 3AF6FA          13      LD  A,(ACPAGE)
000A93 4A93 57               4      LD  D,A
000A94 4A94 ED53E4F2        20      LD  (_BUF_Y),DE
       4A98                     RCP_PARAM3:
000A98 4A98 23               6      INC HL
000A99 4A99 7E               7      LD  A,(HL)
000A9A 4A9A FE20             7      CP  020H
000A9C 4A9C 28FA            12      JR  Z,RCP_PARAM3
000A9E 4A9E FE29             7      CP  ')'
000AA0 4AA0 28F6            12      JR  Z,RCP_PARAM3
000AA2 4AA2 FE2C             7      CP  ','
000AA4 4AA4 2047            12      JR  NZ,RCP_ST
                                
000AA6 4AA6 23               6      INC HL
000AA7 4AA7 DD212F54        14      LD  IX,FRMQNT
000AAB 4AAB CD7E45          17      CALL    CALSLT_BIOS
                                
000AAE 4AAE 7B               4      LD  A,E
000AAF 4AAF 32E5F2          13      LD  (_BUF_P),A
                                
       4AB2                     RCP_PARAM4:
000AB2 4AB2 7E               7      LD  A,(HL)
000AB3 4AB3 23               6      INC HL
000AB4 4AB4 FE20             7      CP  020H
000AB6 4AB6 28FA            12      JR  Z,RCP_PARAM4
                                
000AB8 4AB8 FE2C             7      CP  ','
000ABA 4ABA 2031            12      JR  NZ,RCP_ST
                                
000ABC 4ABC 7E               7      LD  A,(HL)
000ABD 4ABD 0604             7      LD  B,4
000ABF 4ABF FE54             7      CP  'T'
000AC1 4AC1 2004            12      JR  NZ,RCP_NT:
000AC3 4AC3 23               6      INC HL
000AC4 4AC4 7E               7      LD  A,(HL)
000AC5 4AC5 060C             7      LD  B,8 + 4
       4AC7                     RCP_NT:
000AC7 4AC7 FEC3             7      CP  0C3H        ;PRESET
000AC9 4AC9 281E            12      JR  Z,RCP_LO
000ACB 4ACB FED9             7      CP  0D9H        ;TOR
000ACD 4ACD 2814            12      JR  Z,RCP_TOR
000ACF 4ACF FEFF             7      CP  0FFH        ;TAND
000AD1 4AD1 2814            12      JR  Z,RCP_TAND
000AD3 4AD3 05               4      DEC B       ;3
000AD4 4AD4 D6F8             7      SUB 0F8H        ;XOR
000AD6 4AD6 2811            12      JR  Z,RCP_LO
000AD8 4AD8 05               4      DEC B       ;2
000AD9 4AD9 3C               4      INC A       ;OR
000ADA 4ADA 280D            12      JR  Z,RCP_LO
000ADC 4ADC 05               4      DEC B       ;1
000ADD 4ADD 3C               4      INC A       ;AND
000ADE 4ADE 2809            12      JR  Z,RCP_LO
000AE0 4AE0 05               4      DEC B       ;0
                                                ;PSET
000AE1 4AE1 1806            12      JR  RCP_LO:
       4AE3                     RCP_TOR:
000AE3 4AE3 060A             7      LD  B,00AH
000AE5 4AE5 2802            12      JR  Z,RCP_LO
       4AE7                     RCP_TAND:
000AE7 4AE7 0609             7      LD  B,9
       4AE9                     RCP_LO:
000AE9 4AE9 78               4      LD  A,B
000AEA 4AEA 32D9F2          13      LD  (_BUF_LO),A
       4AED                     RCP_ST:
000AED 4AED 2AC6F6          16      LD  HL,(STREND)
000AF0 4AF0 22D4F2          16      LD  (_DTA),HL
000AF3 4AF3 EB               4      EX  DE,HL
000AF4 4AF4 2100FE          10      LD  HL,-512
000AF7 4AF7 39              11      ADD HL,SP
000AF8 4AF8 AF               4      XOR A
000AF9 4AF9 ED52            15      SBC HL,DE
000AFB 4AFB 3008            12      JR  NC,RCP0
000AFD 4AFD 215EF5          10      LD  HL,BUF
000B00 4B00 22D4F2          16      LD  (_DTA),HL
000B03 4B03 6F               4      LD  L,A ;0
000B04 4B04 67               4      LD  H,A ;0
       4B05                     RCP0:
000B05 4B05 24               4      INC H
000B06 4B06 22DCF2          16      LD  (_BUF_EN),HL
       4B09                     RCP1:
000B09 4B09 F3               4      DI
000B0A 4B0A CDDF4B          17      CALL    WAIT_VDP
                                
000B0D 4B0D 3A0700          13      LD  A,(WRVDP)
000B10 4B10 4F               4      LD  C,A
000B11 4B11 0C               4      INC C       ;C := PORT#1's address(WR)
000B12 4B12 3E24             7      LD  A,36
000B14 4B14 ED79            12      OUT (C),A
000B16 4B16 3E91             7      LD  A,080H+17
000B18 4B18 ED79            12      OUT (C),A       ;R#17 := 36
                                
000B1A 4B1A 0C               4      INC C
000B1B 4B1B 0C               4      INC C       ;C := PORT#3's address(WR)
000B1C 4B1C 2AE2F2          16      LD  HL,(_BUF_X)
000B1F 4B1F ED69            12      OUT (C),L       ;R#36 DX
000B21 4B21 ED61            12      OUT (C),H       ;R#37
000B23 4B23 2AE4F2          16      LD  HL,(_BUF_Y)
000B26 4B26 ED69            12      OUT (C),L       ;R#38 DY
000B28 4B28 ED61            12      OUT (C),H       ;R#39
000B2A 4B2A 2ADEF2          16      LD  HL,(_BUF_W)
000B2D 4B2D ED69            12      OUT (C),L       ;R#40 NX
000B2F 4B2F ED61            12      OUT (C),H       ;R#41
000B31 4B31 2AE0F2          16      LD  HL,(_BUF_H)
000B34 4B34 ED69            12      OUT (C),L       ;R#42 NY
000B36 4B36 ED61            12      OUT (C),H       ;R#43
                                
000B38 4B38 DD2AAFFC        20      LD  IX,(SCRMOD)
000B3C 4B3C 3AD9F2          13      LD  A,(_BUF_LO) ;LOGICAL OPERATION
000B3F 4B3F B7               4      OR  A
000B40 4B40 2022            12      JR  NZ,USE_LMMC ;PSETじゃない場合はLMMC
                                
000B42 4B42 DD7D             9      LD  A,IXL
000B44 4B44 FE08             7      CP  8
000B46 4B46 2817            12      JR  Z,USE_HMMC8 ;スクリーン8でPSET
000B48 4B48 FE06             7      CP  6
000B4A 4B4A 2AE2F2          16      LD  HL,(_BUF_X)
000B4D 4B4D 3ADEF2          13      LD  A,(_BUF_W)
000B50 4B50 2005            12      JR  NZ,SCR57
000B52 4B52 B5               4      OR  L       ;スクリーン6
000B53 4B53 E603             7      AND 3
000B55 4B55 200D            12      JR  NZ,USE_LMMC
       4B57                     SCR57:              ;スクリーン5,7
000B57 4B57 B5               4      OR  L
000B58 4B58 E601             7      AND 1
000B5A 4B5A 2008            12      JR  NZ,USE_LMMC
       4B5C                     USE_HMMC:
000B5C 4B5C DD2E08          10      LD  IXL,8
       4B5F                     USE_HMMC8:
000B5F 4B5F 3EF0             7      LD  A,0F0H      ;R#46 HMMC command
000B61 4B61 32D9F2          13      LD  (_BUF_LO),A
       4B64                     USE_LMMC:
000B64 4B64 110000          10      LD  DE,0
000B67 4B67 06FF             7      LD  B,-1
000B69 4B69 CD0A4C          17      CALL    GET_PIXEL
000B6C 4B6C ED79            12      OUT (C),A       ;R#44 first DATA
000B6E 4B6E 3AE6F2          13      LD  A,(_BUF_O)
000B71 4B71 ED79            12      OUT (C),A       ;R#45 DIX and DIY
                                
000B73 4B73 3AD9F2          13      LD  A,(_BUF_LO) ;LOGICAL OPERATION
000B76 4B76 F6B0             7      OR  0B0H        ;R#46 LMMC command
000B78 4B78 ED79            12      OUT (C),A
                                
000B7A 4B7A FD69             9      LD  IYL,C       ;IYL := PORT#3's address(WR)
000B7C 4B7C 0D               4      DEC C
000B7D 4B7D 0D               4      DEC C       ;C := PORT#1's address(WR)
000B7E 4B7E 3EAC             7      LD  A,080H+44
000B80 4B80 ED79            12      OUT (C),A
000B82 4B82 3E91             7      LD  A,080H+17
000B84 4B84 ED79            12      OUT (C),A       ;R#17 := 44
                                
000B86 4B86 3A0600          13      LD  A,(RDVDP)
000B89 4B89 3C               4      INC A
000B8A 4B8A FD67             9      LD  IYH,A       ;IYX := PORT#1's address(RD)
000B8C 4B8C 3E02             7      LD  A,2
000B8E 4B8E ED79            12      OUT (C),A
000B90 4B90 3E8F             7      LD  A,08FH
000B92 4B92 ED79            12      OUT (C),A
000B94 4B94 3AD9F2          13      LD  A,(_BUF_LO) ;LOGICAL OPERATION
000B97 4B97 E640             7      AND 040H
000B99 4B99 201C            12      JR  NZ,LOOP_HMMC
       4B9B                     LOOP_COPY:
000B9B 4B9B CD0A4C          17      CALL    GET_PIXEL
000B9E 4B9E 08               4      EX  AF,AF'
000B9F 4B9F FD4C             9      LD  C,IYH
       4BA1                     LOOP_COPY1:
000BA1 4BA1 ED78            12      IN  A,(C)
000BA3 4BA3 0F               4      RRCA            ;RRCAではサインフラグは変化しない
000BA4 4BA4 300A            12      JR  NC,EXIT_COPY    ;check CE bit
000BA6 4BA6 F2A14B          10      JP  P,LOOP_COPY1    ;check TR bit
000BA9 4BA9 08               4      EX  AF,AF'
000BAA 4BAA FD4D             9      LD  C,IYL       ;IYL := PORT#3's address(WR)
000BAC 4BAC ED79            12      OUT (C),A
000BAE 4BAE 18EB            12      JR  LOOP_COPY
                                
       4BB0                     EXIT_COPY:
000BB0 4BB0 CDE74B          17      CALL    GET_STATUS_0
000BB3 4BB3 FB               4      EI
000BB4 4BB4 C34049          10      JP  ROM_NEXT
                                
       4BB7                     LOOP_HMMC:
000BB7 4BB7 F3               4      DI          ;必要
000BB8 4BB8 FD4D             9      LD  C,IYL       ;IYL := PORT#3's address(WR)
000BBA 4BBA 43               4      LD  B,E
000BBB 4BBB 7B               4      LD  A,E
000BBC 4BBC B7               4      OR  A
000BBD 4BBD 2802            12      JR  Z,LOOP_HMMC1
000BBF 4BBF EDB3                    OTIR
       4BC1                     LOOP_HMMC1:
000BC1 4BC1 14               4      INC D
       4BC2                     LOOP_HMMC2:
000BC2 4BC2 15               4      DEC D
000BC3 4BC3 2805            12      JR  Z,LOOP_HMMC3
000BC5 4BC5 EDB3                    OTIR
000BC7 4BC7 C3C24B          10      JP  LOOP_HMMC2
       4BCA                     LOOP_HMMC3:
000BCA 4BCA ED78            12      IN  A,(C)
000BCC 4BCC 0F               4      RRCA
000BCD 4BCD 30E1            12      JR  NC,EXIT_COPY    ;check CE bit
000BCF 4BCF 2ADCF2          16      LD  HL,(_BUF_EN)
000BD2 4BD2 CD514C          17      CALL    ROM_READ
000BD5 4BD5 EB               4      EX  DE,HL
000BD6 4BD6 2AD4F2          16      LD  HL,(_DTA)
000BD9 4BD9 7A               4      LD  A,D
000BDA 4BDA B3               4      OR  E
000BDB 4BDB 20DA            12      JR  NZ,LOOP_HMMC
000BDD 4BDD 18C2            12      JR  LOOP_COPY1
                                
       4BDF                     WAIT_VDP:
000BDF 4BDF 3E02             7      LD  A,2
000BE1 4BE1 CDE84B          17      CALL    GET_STATUS
000BE4 4BE4 0F               4      RRCA
000BE5 4BE5 38F8            12      JR  C,WAIT_VDP
       4BE7                     GET_STATUS_0:
000BE7 4BE7 AF               4      XOR A
       4BE8                     GET_STATUS:
000BE8 4BE8 C5              11      PUSH    BC
000BE9 4BE9 ED4B0600        20      LD  BC,(RDVDP)
000BED 4BED 0C               4      INC C
000BEE 4BEE ED79            12      OUT (C),A
000BF0 4BF0 3E8F             7      LD  A,08FH
000BF2 4BF2 ED79            12      OUT (C),A
000BF4 4BF4 ED78            12      IN  A,(C)
000BF6 4BF6 C1              10      POP BC
000BF7 4BF7 C9              10      RET
                                
       4BF8                     GET_PIXEL256:
000BF8 4BF8 7A               4      LD  A,D
000BF9 4BF9 B3               4      OR  E
000BFA 4BFA 200A            12      JR  NZ,GET_PIXEL1
000BFC 4BFC 2ADCF2          16      LD  HL,(_BUF_EN)
000BFF 4BFF CD514C          17      CALL    ROM_READ
000C02 4C02 EB               4      EX  DE,HL
000C03 4C03 2AD4F2          16      LD  HL,(_DTA)
       4C06                     GET_PIXEL1:
000C06 4C06 7E               7      LD  A,(HL)
000C07 4C07 23               6      INC HL
000C08 4C08 1B               6      DEC DE
000C09 4C09 C9              10      RET
                                
       4C0A                     GET_PIXEL:
000C0A 4C0A DD7D             9      LD  A,IXL
000C0C 4C0C FE08             7      CP  8
000C0E 4C0E 28E8            12      JR  Z,GET_PIXEL256
000C10 4C10 04               4      INC B
000C11 4C11 FE06             7      CP  6
000C13 4C13 282E            12      JR  Z,GET_PIXEL4
                                
000C15 4C15 CB40             8      BIT 0,B
000C17 4C17 20ED            12      JR  NZ,GET_PIXEL1
                                
000C19 4C19 7A               4      LD  A,D
000C1A 4C1A B3               4      OR  E
000C1B 4C1B 200A            12      JR  NZ,GET_PIXEL2
                                
000C1D 4C1D 2ADCF2          16      LD  HL,(_BUF_EN)
000C20 4C20 CD514C          17      CALL    ROM_READ
000C23 4C23 EB               4      EX  DE,HL
000C24 4C24 2AD4F2          16      LD  HL,(_DTA)
                                
       4C27                     GET_PIXEL2:
000C27 4C27 7E               7      LD  A,(HL)
000C28 4C28 0F               4      RRCA
000C29 4C29 0F               4      RRCA
000C2A 4C2A 0F               4      RRCA
000C2B 4C2B 0F               4      RRCA
000C2C 4C2C C9              10      RET
                                
       4C2D                     GET_PIXEL3:
000C2D 4C2D 7A               4      LD  A,D
000C2E 4C2E B3               4      OR  E
000C2F 4C2F 200A            12      JR  NZ,GET_PIXEL5
                                
000C31 4C31 2ADCF2          16      LD  HL,(_BUF_EN)
000C34 4C34 CD514C          17      CALL    ROM_READ
000C37 4C37 EB               4      EX  DE,HL
000C38 4C38 2AD4F2          16      LD  HL,(_DTA)
       4C3B                     GET_PIXEL5:
000C3B 4C3B 7E               7      LD  A,(HL)
000C3C 4C3C 0F               4      RRCA
000C3D 4C3D 0F               4      RRCA
000C3E 4C3E 0F               4      RRCA
000C3F 4C3F 0F               4      RRCA
000C40 4C40 0F               4      RRCA
000C41 4C41 0F               4      RRCA
000C42 4C42 C9              10      RET
                                
       4C43                     GET_PIXEL4:
000C43 4C43 78               4      LD  A,B
000C44 4C44 E603             7      AND 3   ;+0
000C46 4C46 28E5            12      JR  Z,GET_PIXEL3
000C48 4C48 3D               4      DEC A   ;+1
000C49 4C49 28DC            12      JR  Z,GET_PIXEL2
000C4B 4C4B 3D               4      DEC A   ;+2
000C4C 4C4C 7E               7      LD  A,(HL)
000C4D 4C4D C0              11      RET NZ
000C4E 4C4E 0F               4      RRCA        ;+3
000C4F 4C4F 0F               4      RRCA
000C50 4C50 C9              10      RET
                                
       4C51                     ROM_READ:
000C51 4C51 E5              11      PUSH    HL
000C52 4C52 D5              11      PUSH    DE
000C53 4C53 C5              11      PUSH    BC
000C54 4C54 FDE5            15      PUSH    IY
000C56 4C56 22F3F2          16      LD  (LEFTX),HL
000C59 4C59 2AD4F2          16      LD  HL,(_DTA)
000C5C 4C5C 22E7F2          16      LD  (DTAX),HL
000C5F 4C5F 2AF3F2          16      LD  HL,(LEFTX)
                                
000C62 4C62 CD674F          17      CALL    RBX1
000C65 4C65 3870            12      JR  C,RBRERR1
000C67 4C67 79               4      LD  A,C
000C68 4C68 EB               4      EX  DE,HL
000C69 4C69 ED52            15      SBC HL,DE       ;CP 0HL,CDE
000C6B 4C6B 19              11      ADD HL,DE
000C6C 4C6C DE00             7      SBC A,000H
000C6E 4C6E 3801            12      JR  C,RBR1
000C70 4C70 EB               4      EX  DE,HL
       4C71                     RBR1:
000C71 4C71 9F               4      SBC A,A
000C72 4C72 E601             7      AND 1
000C74 4C74 32C3F2          13      LD  (_RESULT),A
000C77 4C77 7C               4      LD  A,H
000C78 4C78 B5               4      OR  L
000C79 4C79 CACD4C          10      JP  Z,RBREND0
                                
000C7C 4C7C 22D0F2          16      LD  (_LEFT),HL  ;Read record byte
000C7F 4C7F 22F3F2          16      LD  (LEFTX),HL
                                
000C82 4C82 CD9A4F          17      CALL    RBX2
000C85 4C85 281A            12      JR  Z,RBRB
                                                ;先頭の端数
000C87 4C87 CDAD4F          17      CALL    RBXA
000C8A 4C8A DAE34C          10      JP  C,RBRERR
000C8D 4C8D C5              11      PUSH    BC
000C8E 4C8E CDC545          17      CALL    ROM_LDIR
000C91 4C91 ED53E7F2        20      LD  (DTAX),DE
000C95 4C95 2AF3F2          16      LD  HL,(LEFTX)
000C98 4C98 D1              10      POP DE
000C99 4C99 A7               4      AND A
000C9A 4C9A ED52            15      SBC HL,DE
000C9C 4C9C 22F3F2          16      LD  (LEFTX),HL
000C9F 4C9F 2829            12      JR  Z,RBREND
                                
       4CA1                     RBRB:
000CA1 4CA1 CDE64F          17      CALL    RBXB
000CA4 4CA4 2818            12      JR  Z,RBRC
       4CA6                     RBRB1:
000CA6 4CA6 C5              11      PUSH    BC
000CA7 4CA7 D5              11      PUSH    DE
000CA8 4CA8 CD9750          17      CALL    CLUST
000CAB 4CAB EB               4      EX  DE,HL
000CAC 4CAC ED4BC6F2        20      LD  BC,(CLSZ)       ;1クラスタのサイズ
000CB0 4CB0 CDC545          17      CALL    ROM_LDIR
000CB3 4CB3 EB               4      EX  DE,HL
000CB4 4CB4 D1              10      POP DE
000CB5 4CB5 C1              10      POP BC
000CB6 4CB6 CD7450          17      CALL    GNCL
000CB9 4CB9 DAE34C          10      JP  C,RBRERR
000CBC 4CBC 10E8            13      DJNZ    RBRB1
       4CBE                     RBRC:
000CBE 4CBE CDFE4F          17      CALL    RBXC
000CC1 4CC1 2807            12      JR  Z,RBREND
                                
000CC3 4CC3 CD9750          17      CALL    CLUST
000CC6 4CC6 EB               4      EX  DE,HL
000CC7 4CC7 CDC545          17      CALL    ROM_LDIR
       4CCA                     RBREND:
000CCA 4CCA CD0A50          17      CALL    RBXEND
       4CCD                     RBREND0:
000CCD 4CCD FDE1            14      POP IY
000CCF 4CCF C1              10      POP BC
000CD0 4CD0 D1              10      POP DE
000CD1 4CD1 F1              10      POP AF  ;(HL)
000CD2 4CD2 AF               4      XOR A
000CD3 4CD3 3AC3F2          13      LD  A,(_RESULT)
000CD6 4CD6 C9              10      RET
                                
       4CD7                     RBRERR1:
000CD7 4CD7 3E01             7      LD  A,001H
       4CD9                     RBRERR2:
000CD9 4CD9 FDE1            14      POP IY
000CDB 4CDB C1              10      POP BC
000CDC 4CDC D1              10      POP DE
000CDD 4CDD E1              10      POP HL
000CDE 4CDE 37               4      SCF
000CDF 4CDF 210000          10      LD  HL,0
000CE2 4CE2 C9              10      RET
       4CE3                     RBRERR:
000CE3 4CE3 3EFF             7      LD  A,0FFH
000CE5 4CE5 18F2            12      JR  RBRERR2
                                
       4CE7                     FILE_DD:
000CE7 4CE7 E1              10      POP HL
000CE8 4CE8 3E                      DB  03EH
000CE9 4CE9 C9              10      RET
000CEA 4CEA 32A3F2          13      LD  (SWC_BLOAD_M),A
       4CED                     ROM_ORG:
000CED 4CED 2AF5F2          16      LD  HL,(PARAM0)
000CF0 4CF0 7E               7      LD  A,(HL)
000CF1 4CF1 C9              10      RET
       4CF2                     FILE_B:
000CF2 4CF2 1E00             7      LD  E,0
000CF4 4CF4 3A63F6          13      LD  A,(VALTYP)
000CF7 4CF7 FE03             7      CP  3       ;string
000CF9 4CF9 C29B4D          10      JP  NZ,FILED
                                
000CFC 4CFC DD21D067        14      LD  IX,FRESTR
000D00 4D00 CD7E45          17      CALL    CALSLT_BIOS
000D03 4D03 5E               7      LD  E,(HL)
000D04 4D04 23               6      INC HL
000D05 4D05 7E               7      LD  A,(HL)
000D06 4D06 DD6F             9      LD  IXL,A
000D08 4D08 23               6      INC HL
000D09 4D09 7E               7      LD  A,(HL)
000D0A 4D0A DD67             9      LD  IXH,A
000D0C 4D0C 3E1F             7      LD  A,01FH
000D0E 4D0E 1802            12      JR  FILE_BAS
       4D10                     FILE_BDOS:
000D10 4D10 3E20             7      LD  A,020H
       4D12                     FILE_BAS:
000D12 4D12 32FBF2          13      LD  (_CHKSP),A
000D15 4D15 AF               4      XOR A
000D16 4D16 3200F3          13      LD  (FDRV),A
000D19 4D19 7B               4      LD  A,E
000D1A 4D1A FE04             7      CP  4
000D1C 4D1C 3808            12      JR  C,FILEB1
000D1E 4D1E DD7E03          19      LD  A,(IX+3)
000D21 4D21 FE3A             7      CP  ':'
000D23 4D23 28C2            12      JR  Z,FILE_DD
000D25 4D25 7B               4      LD  A,E
       4D26                     FILEB1:
000D26 4D26 FE02             7      CP  2
000D28 4D28 3820            12      JR  C,DEVI1
000D2A 4D2A DD7E01          19      LD  A,(IX+1)
000D2D 4D2D FE3A             7      CP  ':'
000D2F 4D2F 2019            12      JR  NZ,DEVI1
000D31 4D31 DD7E00          19      LD  A,(IX+0)        ;DRIVE
000D34 4D34 CD784E          17      CALL    CAP
000D37 4D37 D640             7      SUB '@'
000D39 4D39 DD23            10      INC IX
000D3B 4D3B DD23            10      INC IX
000D3D 4D3D 1D               4      DEC E
000D3E 4D3E 1D               4      DEC E
000D3F 4D3F 3200F3          13      LD  (FDRV),A
000D42 4D42 F5              11      PUSH    AF
000D43 4D43 CD9556          17      CALL    GET_CD_CDRV
000D46 4D46 22F9F2          16      LD  (_CDX),HL
000D49 4D49 E1              10      POP HL
       4D4A                     DEVI1:
000D4A 4D4A DD7E00          19      LD  A,(IX+0)
000D4D 4D4D D65C             7      SUB 05CH        ;\
000D4F 4D4F 2008            12      JR  NZ,NOROOT
000D51 4D51 6F               4      LD  L,A
000D52 4D52 67               4      LD  H,A
000D53 4D53 22F9F2          16      LD  (_CDX),HL
000D56 4D56 DD23            10      INC IX
000D58 4D58 1D               4      DEC E
       4D59                     NOROOT:
                                
       4D59                     SETDIR:
000D59 4D59 CD9B4D          17      CALL    FILED
000D5C 4D5C DD7E00          19      LD  A,(IX+0)
000D5F 4D5F FE5C             7      CP  05CH        ;\
000D61 4D61 C0              11      RET NZ
000D62 4D62 DD23            10      INC IX
000D64 4D64 1D               4      DEC E
000D65 4D65 3A01F3          13      LD  A,(FNAME)
000D68 4D68 FE20             7      CP  020H        ;. の処理
000D6A 4D6A 28ED            12      JR  Z,SETDIR
                                
000D6C 4D6C CD8E4E          17      CALL    ROM_OPEN
000D6F 4D6F B7               4      OR  A
000D70 4D70 C0              11      RET NZ
                                
                                #if exists USE_NORMAL32K_OR_ASCII16
000D71 4D71 D5              11      PUSH    DE
000D72 4D72 2AEFF2          16      LD  HL,(DIRENT1)
000D75 4D75 110B00          10      LD  DE,0000BH   ;属性(アトリビュート)
000D78 4D78 19              11      ADD HL,DE
000D79 4D79 CDB645          17      CALL    RDSLT_ROM
000D7C 4D7C D1              10      POP DE
000D7D 4D7D CB67             8      BIT 4,A     ;ディレクトリ
                                #else
                                    LD  IY,(DIRENT1)
                                    BIT 4,(IY+00BH) ;属性(アトリビュート) ディレクトリ
                                #endif
000D7F 4D7F C8              11      RET Z
000D80 4D80 CDE24D          17      CALL    FILEI
                                #if exists USE_NORMAL32K_OR_ASCII16
000D83 4D83 D5              11      PUSH    DE
000D84 4D84 2AEFF2          16      LD  HL,(DIRENT1)
000D87 4D87 111A00          10      LD  DE,0001AH   ;ファイルの先頭クラスタ
000D8A 4D8A 19              11      ADD HL,DE
000D8B 4D8B CDB645          17      CALL    RDSLT_ROM
000D8E 4D8E 23               6      INC HL
000D8F 4D8F 5F               4      LD  E,A
000D90 4D90 CDB645          17      CALL    RDSLT_ROM
000D93 4D93 57               4      LD  D,A
000D94 4D94 EB               4      EX  DE,HL
000D95 4D95 D1              10      POP DE
                                #else
                                    LD  L,(IY+01AH) ;ファイルの先頭クラスタ
                                    LD  H,(IY+01BH)
                                #endif
000D96 4D96 22F9F2          16      LD  (_CDX),HL
000D99 4D99 18BE            12      JR  SETDIR
                                
       4D9B                     FILED:
000D9B 4D9B CDE24D          17      CALL    FILEI
000D9E 4D9E 2101F3          10      LD  HL,FNAME
                                
000DA1 4DA1 0608             7      LD  B,8
       4DA3                     FILE2:
000DA3 4DA3 CDEF4D          17      CALL    CCHKF
000DA6 4DA6 C8              11      RET Z
000DA7 4DA7 FE2A             7      CP  '*'
000DA9 4DA9 282E            12      JR  Z,FILE9
000DAB 4DAB FE2E             7      CP  '.'
000DAD 4DAD 280C            12      JR  Z,FILE4
000DAF 4DAF 77               7      LD  (HL),A
000DB0 4DB0 23               6      INC HL
000DB1 4DB1 10F0            13      DJNZ    FILE2
                                
       4DB3                     FILE3:
000DB3 4DB3 CDEF4D          17      CALL    CCHKF
000DB6 4DB6 C8              11      RET Z
000DB7 4DB7 FE2E             7      CP  '.'
000DB9 4DB9 20F8            12      JR  NZ,FILE3
                                
       4DBB                     FILE4:
000DBB 4DBB 2109F3          10      LD  HL,FNAME+8
000DBE 4DBE 0603             7      LD  B,3
                                
       4DC0                     FILE4L:
000DC0 4DC0 CDEF4D          17      CALL    CCHKF
000DC3 4DC3 C8              11      RET Z
000DC4 4DC4 FE2E             7      CP  '.'
000DC6 4DC6 2008            12      JR  NZ,FILE12
000DC8 4DC8 3201F3          13      LD  (FNAME),A   ;Parent directory(..)
000DCB 4DCB 3202F3          13      LD  (FNAME+1),A
000DCE 4DCE 3E20             7      LD  A,020H
       4DD0                     FILE12:
000DD0 4DD0 FE2A             7      CP  '*'
000DD2 4DD2 280A            12      JR  Z,FILE10
000DD4 4DD4 77               7      LD  (HL),A
000DD5 4DD5 23               6      INC HL
000DD6 4DD6 10E8            13      DJNZ    FILE4L
000DD8 4DD8 C9              10      RET
                                
       4DD9                     FILE9:              ;名前の*処理、名前の残りを?で埋める
000DD9 4DD9 CDDE4D          17      CALL    FILE10
000DDC 4DDC 18D5            12      JR  FILE3
                                
       4DDE                     FILE10:
000DDE 4DDE 3E3F             7      LD  A,'?'
000DE0 4DE0 1808            12      JR  FILL_MEMORY
       4DE2                     FILEI:              ;名前＋拡張子をスペースで初期化
000DE2 4DE2 3E20             7      LD  A,020H
000DE4 4DE4 01000B          10      LD  BC,11*256   ;C=0にしておく
000DE7 4DE7 2101F3          10      LD  HL,FNAME
       4DEA                     FILL_MEMORY:            ;HLからBバイトAで埋める
000DEA 4DEA 77               7      LD  (HL),A
000DEB 4DEB 23               6      INC HL
000DEC 4DEC 10FC            13      DJNZ    FILL_MEMORY
000DEE 4DEE C9              10      RET
                                
       4DEF                     CCHKF:
000DEF 4DEF 7B               4      LD  A,E
000DF0 4DF0 B7               4      OR  A
000DF1 4DF1 C8              11      RET Z
000DF2 4DF2 DD7E00          19      LD  A,(IX+0)
000DF5 4DF5 CDFC4D          17      CALL    CCHK2
000DF8 4DF8 C8              11      RET Z
000DF9 4DF9 C3634E          10      JP  FKAN
                                
       4DFC                     CCHK2:
000DFC 4DFC 0C               4      INC C
000DFD 4DFD 0D               4      DEC C
000DFE 4DFE C0              11      RET NZ
       4DFF                     CCHK3:              ;ZF=1 で使えない文字
000DFF 4DFF FE2B             7      CP  '+'
000E01 4E01 C8              11      RET Z
000E02 4E02 FE2C             7      CP  ','
000E04 4E04 C8              11      RET Z
000E05 4E05 FE2F             7      CP  '/'
000E07 4E07 C8              11      RET Z
000E08 4E08 FE3A             7      CP  ':'
000E0A 4E0A C8              11      RET Z
000E0B 4E0B FE3B             7      CP  ';'
000E0D 4E0D C8              11      RET Z
000E0E 4E0E FE3D             7      CP  '='
000E10 4E10 C8              11      RET Z
000E11 4E11 FE5C             7      CP  05CH    ;\
000E13 4E13 C8              11      RET Z
000E14 4E14 E5              11      PUSH    HL
000E15 4E15 2AFBF2          16      LD  HL,(_CHKSP)
000E18 4E18 BD               4      CP  L
000E19 4E19 E1              10      POP HL
000E1A 4E1A D0              11      RET NC
000E1B 4E1B BF               4      CP  A       ;Z=1
000E1C 4E1C C9              10      RET
                                
       4E1D                     SS1:
000E1D 4E1D 13               6      INC DE
       4E1E                     SPCUT:              ;スペースをカット
000E1E 4E1E 1A               7      LD  A,(DE)
000E1F 4E1F FE20             7      CP  020H
000E21 4E21 28FA            12      JR  Z,SS1
000E23 4E23 C9              10      RET
                                
       4E24                     SCREOF1:
000E24 4E24 13               6      INC DE
       4E25                     SPCUTEX:            ;スペース改行などをカット
000E25 4E25 1A               7      LD  A,(DE)
000E26 4E26 FE20             7      CP  020H
000E28 4E28 28FA            12      JR  Z,SCREOF1
000E2A 4E2A FE0D             7      CP  00DH
000E2C 4E2C 28F6            12      JR  Z,SCREOF1
000E2E 4E2E FE0A             7      CP  00AH
000E30 4E30 28F2            12      JR  Z,SCREOF1
000E32 4E32 FE1A             7      CP  01AH
000E34 4E34 28EE            12      JR  Z,SCREOF1
000E36 4E36 C9              10      RET
                                
       4E37                     GETNUM:
000E37 4E37 210000          10      LD  HL,0
       4E3A                     GETNUM1:
000E3A 4E3A 1A               7      LD  A,(DE)
000E3B 4E3B 13               6      INC DE
000E3C 4E3C D630             7      SUB '0'
000E3E 4E3E D8              11      RET C
000E3F 4E3F FE0A             7      CP  10
000E41 4E41 D0              11      RET NC
000E42 4E42 4D               4      LD  C,L
000E43 4E43 44               4      LD  B,H
000E44 4E44 29              11      ADD HL,HL   ;*2
000E45 4E45 29              11      ADD HL,HL   ;*4
000E46 4E46 09              11      ADD HL,BC   ;*5
000E47 4E47 29              11      ADD HL,HL   ;*10
000E48 4E48 4F               4      LD  C,A
000E49 4E49 0600             7      LD  B,0
000E4B 4E4B 09              11      ADD HL,BC
000E4C 4E4C 18EC            12      JR  GETNUM1
                                
       4E4E                     SEARCH_END:
000E4E 4E4E 7E               7      LD  A,(HL)
       4E4F                     SEARCH_END1:
000E4F 4E4F 23               6      INC HL
000E50 4E50 B7               4      OR  A
000E51 4E51 C8              11      RET Z
000E52 4E52 FE3A             7      CP  ':'
000E54 4E54 20F8            12      JR  NZ,SEARCH_END
000E56 4E56 7E               7      LD  A,(HL)
000E57 4E57 FE3A             7      CP  ':'
000E59 4E59 28F4            12      JR  Z,SEARCH_END1
000E5B 4E5B C9              10      RET
                                
       4E5C                     FKANC:
000E5C 4E5C CB41             8      BIT 0,C
000E5E 4E5E CC814E          17      CALL    Z,CAP2
000E61 4E61 1803            12      JR  FKANX
       4E63                     FKAN:           ;漢字チェック
000E63 4E63 DD23            10      INC IX
000E65 4E65 1D               4      DEC E
       4E66                     FKANX:
000E66 4E66 CB41             8      BIT 0,C
000E68 4E68 CB81             8      RES 0,C
000E6A 4E6A C0              11      RET NZ
000E6B 4E6B FE80             7      CP  080H
000E6D 4E6D D8              11      RET C
000E6E 4E6E FEA0             7      CP  0A0H
000E70 4E70 3803            12      JR  C,FKAN1
000E72 4E72 FEE0             7      CP  0E0H
000E74 4E74 D8              11      RET C
       4E75                     FKAN1:
000E75 4E75 0C               4      INC C
000E76 4E76 A7               4      AND A
000E77 4E77 C9              10      RET
                                
       4E78                     CAP:
000E78 4E78 FE61             7      CP  'a'
000E7A 4E7A D8              11      RET C
000E7B 4E7B FE7B             7      CP  'z'+1
000E7D 4E7D D0              11      RET NC
000E7E 4E7E D620             7      SUB 020H
000E80 4E80 C9              10      RET
       4E81                     CAP2:
000E81 4E81 CD784E          17      CALL    CAP
       4E84                     CAP3:               ;
000E84 4E84 FE05             7      CP  5
000E86 4E86 2803            12      JR  Z,CAP4
000E88 4E88 FE21             7      CP  021H
000E8A 4E8A C9              10      RET
       4E8B                     CAP4:
000E8B 4E8B 3EE5             7      LD  A,0E5H
000E8D 4E8D C9              10      RET
                                
       4E8E                     ROM_OPEN:
000E8E 4E8E CDB656          17      CALL    GET_DISK_BANK_FDRV
                                
000E91 4E91 CD5151          17      CALL    GET_DIR_DAT
000E94 4E94 D5              11      PUSH    DE
000E95 4E95 CD024F          17      CALL    FILESE
000E98 4E98 D1              10      POP DE
000E99 4E99 300F            12      JR  NC,ROM_OPEN_C
       4E9B                     ROM_OPEN_OK:
000E9B 4E9B 22EFF2          16      LD  (DIRENT1),HL
000E9E 4E9E E5              11      PUSH    HL
000E9F 4E9F AF               4      XOR A
000EA0 4EA0 6F               4      LD  L,A
000EA1 4EA1 67               4      LD  H,A
000EA2 4EA2 22CAF2          16      LD  (RR_LOW),HL
000EA5 4EA5 22CCF2          16      LD  (RR_HIGH),HL
000EA8 4EA8 E1              10      POP HL
000EA9 4EA9 C9              10      RET
                                
       4EAA                     ROM_OPEN_C:         ;#XXXX 形式のサブディスク
000EAA 4EAA 3A01F3          13      LD  A,(FNAME)
000EAD 4EAD FE23             7      CP  '#'
000EAF 4EAF 37               4      SCF
000EB0 4EB0 C0              11      RET NZ
000EB1 4EB1 D5              11      PUSH    DE
000EB2 4EB2 2100F3          10      LD  HL,FDRV
000EB5 4EB5 1103FB          10      LD  DE,TMP_DIRENT
000EB8 4EB8 010C00          10      LD  BC,1+8+3
000EBB 4EBB EDB0                    LDIR
000EBD 4EBD 0614             7      LD  B,32-(1+8+3)
000EBF 4EBF CD675C          17      CALL    ZERO_MEMORY_DE
000EC2 4EC2 3E10             7      LD  A,010H          ;ディレクトリ属性
000EC4 4EC4 320EFB          13      LD  (TMP_DIRENT+0000BH),A   ;属性(アトリビュート)
000EC7 4EC7 3A02F3          13      LD  A,(FNAME+1)
000ECA 4ECA CDDA5C          17      CALL    HEX
000ECD 4ECD 3830            12      JR  C,POPDE_SCF
000ECF 4ECF 87               4      ADD A,A
000ED0 4ED0 87               4      ADD A,A
000ED1 4ED1 87               4      ADD A,A
000ED2 4ED2 87               4      ADD A,A
000ED3 4ED3 5F               4      LD  E,A
000ED4 4ED4 3A03F3          13      LD  A,(FNAME+2)
000ED7 4ED7 CDDA5C          17      CALL    HEX
000EDA 4EDA 3823            12      JR  C,POPDE_SCF
000EDC 4EDC B3               4      OR  E
000EDD 4EDD 321EFB          13      LD  (TMP_DIRENT+0001BH),A       ;ファイルの先頭クラスタ
000EE0 4EE0 3A04F3          13      LD  A,(FNAME+3)
000EE3 4EE3 CDDA5C          17      CALL    HEX
000EE6 4EE6 3817            12      JR  C,POPDE_SCF
000EE8 4EE8 87               4      ADD A,A
000EE9 4EE9 87               4      ADD A,A
000EEA 4EEA 87               4      ADD A,A
000EEB 4EEB 87               4      ADD A,A
000EEC 4EEC 5F               4      LD  E,A
000EED 4EED 3A05F3          13      LD  A,(FNAME+4)
000EF0 4EF0 CDDA5C          17      CALL    HEX
000EF3 4EF3 380A            12      JR  C,POPDE_SCF
000EF5 4EF5 B3               4      OR  E
000EF6 4EF6 321DFB          13      LD  (TMP_DIRENT+0001AH),A       ;ファイルの先頭クラスタ
000EF9 4EF9 D1              10      POP DE
000EFA 4EFA 2103FB          10      LD  HL,TMP_DIRENT
000EFD 4EFD 189C            12      JR  ROM_OPEN_OK
       4EFF                     POPDE_SCF:
000EFF 4EFF D1              10      POP DE
000F00 4F00 37               4      SCF
000F01 4F01 C9              10      RET
                                
       4F02                     FILESE:
       4F02                     FILESE0:
                                #if exists USE_NORMAL32K_OR_ASCII16
000F02 4F02 CDB645          17      CALL    RDSLT_ROM
                                #else
                                    LD  A,(HL)
                                #endif
000F05 4F05 B7               4      OR  A
000F06 4F06 C8              11      RET Z       ;END:ZF=1 CF=0
000F07 4F07 FEE5             7      CP  0E5H
000F09 4F09 280D            12      JR  Z,FILESE1
000F0B 4F0B 1101F3          10      LD  DE,FNAME
000F0E 4F0E E5              11      PUSH    HL
000F0F 4F0F CD3E4F          17      CALL    CPFILE
000F12 4F12 CC614F          17      CALL    Z,CPFILE2
000F15 4F15 E1              10      POP HL
000F16 4F16 37               4      SCF
000F17 4F17 C8              11      RET Z       ;!!!:(ZF=1) CF=1
       4F18                     FILESE1:
000F18 4F18 CD204F          17      CALL    FNEXT
000F1B 4F1B 20E5            12      JR  NZ,FILESE0
000F1D 4F1D F6FF             7      OR  0FFH        ;ZF=0 CF=0
000F1F 4F1F C9              10      RET
                                
       4F20                     FNEXT:
000F20 4F20 112000          10      LD  DE,020H
000F23 4F23 19              11      ADD HL,DE
000F24 4F24 ED5BF9F2        20      LD  DE,(_CDX)
000F28 4F28 7A               4      LD  A,D
000F29 4F29 B3               4      OR  E
000F2A 4F2A 2002            12      JR  NZ,FNEXT_SUBDIR
000F2C 4F2C 0D               4      DEC C
                                #if exists USE_NORMAL32K_OR_ASCII16
                                #else
                                CHECK_DIR_PAGE:         ;ディレクトリが2ページ目に跨るかチェックする
                                    PUSH    AF      ;※フラグを保存する必要あり
                                    BIT 7,H
                                    JR  Z,CHECK_DIR_PAGE1
                                    LD  A,H
                                    SUB 020H
                                    LD  H,A
                                    LD  A,(_DIR_BANK)
                                    INC A
                                    LD  (BANK1_SEL),A           ;ASCII-8K/Konami-8K
                                    LD  (KONAMI_SCC_BANK1_SEL),A    ;Konami-8K/Konami-SCC
                                    LD  (_DIR_BANK),A
                                CHECK_DIR_PAGE1:
                                    POP AF
                                #endif
000F2D 4F2D C9              10      RET
                                
       4F2E                     FNEXT_SUBDIR:           ;サブディレクトリ
000F2E 4F2E 0D               4      DEC C
000F2F 4F2F C0              11      RET NZ
                                
000F30 4F30 ED5BF9F2        20      LD  DE,(_CDX)
000F34 4F34 CD7450          17      CALL    GNCL
000F37 4F37 EB               4      EX  DE,HL
000F38 4F38 22F9F2          16      LD  (_CDX),HL
000F3B 4F3B C38A51          10      JP  GET_SUBDIR
                                
       4F3E                     CPFILE:
000F3E 4F3E C5              11      PUSH    BC
000F3F 4F3F 01000B          10      LD  BC,00B00H
       4F42                     CPSTR1:
000F42 4F42 1A               7      LD  A,(DE)
000F43 4F43 FE3F             7      CP  '?'     ;Wild card
000F45 4F45 2814            12      JR  Z,CPSTR2
                                #if exists USE_NORMAL32K_OR_ASCII16
000F47 4F47 CDB645          17      CALL    RDSLT_ROM
                                #else
                                    LD  A,(HL)
                                #endif
000F4A 4F4A CD5C4E          17      CALL    FKANC
000F4D 4F4D E5              11      PUSH    HL
000F4E 4F4E 67               4      LD  H,A
000F4F 4F4F 1A               7      LD  A,(DE)
000F50 4F50 CB01             8      RLC C
000F52 4F52 CD5C4E          17      CALL    FKANC
000F55 4F55 CB09             8      RRC C
000F57 4F57 BC               4      CP  H       ;CP (HL),(DE)
000F58 4F58 E1              10      POP HL
000F59 4F59 2004            12      JR  NZ,CPSTR3
       4F5B                     CPSTR2:
000F5B 4F5B 13               6      INC DE
000F5C 4F5C 23               6      INC HL
000F5D 4F5D 10E3            13      DJNZ    CPSTR1
       4F5F                     CPSTR3:
000F5F 4F5F C1              10      POP BC
000F60 4F60 C9              10      RET
                                
       4F61                     CPFILE2:
                                #if exists USE_NORMAL32K_OR_ASCII16
000F61 4F61 CDB645          17      CALL    RDSLT_ROM
                                #else
                                    LD  A,(HL)
                                #endif
000F64 4F64 E608             7      AND 008H    ;~0F7H
000F66 4F66 C9              10      RET
                                
       4F67                     RBX1:
000F67 4F67 E5              11      PUSH    HL      ;Record byte
                                
000F68 4F68 ED5BCAF2        20      LD  DE,(RR_LOW) ;CDE=Random record
000F6C 4F6C 3ACDF2          13      LD  A,(RR_HIGH+1)
000F6F 4F6F 4F               4      LD  C,A
                                
000F70 4F70 3AF1F2          13      LD  A,(_DIR_BANK)
                                #if exists USE_NORMAL32K_OR_ASCII16
000F73 4F73 320070          13      LD  (ASCII16_BANK1_SEL),A       ;ASCII-16K
000F76 4F76 D5              11      PUSH    DE
000F77 4F77 2AEFF2          16      LD  HL,(DIRENT1)
000F7A 4F7A 111C00          10      LD  DE,0001CH
000F7D 4F7D 19              11      ADD HL,DE
000F7E 4F7E CDB645          17      CALL    RDSLT_ROM
000F81 4F81 23               6      INC HL
000F82 4F82 5F               4      LD  E,A
000F83 4F83 CDB645          17      CALL    RDSLT_ROM
000F86 4F86 23               6      INC HL
000F87 4F87 57               4      LD  D,A
000F88 4F88 CDB645          17      CALL    RDSLT_ROM
000F8B 4F8B EB               4      EX  DE,HL       ;AHL=File size
000F8C 4F8C D1              10      POP DE
                                #else
                                    LD  (BANK1_SEL),A           ;ASCII-8K/Konami-8K
                                    LD  (KONAMI_SCC_BANK1_SEL),A    ;Konami-8K/Konami-SCC
                                    LD  IY,(DIRENT1)
                                    LD  L,(IY+01CH) ;AHL=File size
                                    LD  H,(IY+01DH)
                                    LD  A,(IY+01EH)
                                #endif
                                
000F8D 4F8D A7               4      AND A
000F8E 4F8E ED52            15      SBC HL,DE
000F90 4F90 99               4      SBC A,C
000F91 4F91 D1              10      POP DE
                                
000F92 4F92 D8              11      RET C
000F93 4F93 4F               4      LD  C,A
000F94 4F94 EB               4      EX  DE,HL   ;CDE=File byte  HL=Record byte
000F95 4F95 B2               4      OR  D
000F96 4F96 B3               4      OR  E
000F97 4F97 C0              11      RET NZ
000F98 4F98 37               4      SCF
000F99 4F99 C9              10      RET
                                
       4F9A                     RBX2:
000F9A 4F9A ED4BCBF2        20      LD  BC,(RR_LOW+1)
000F9E 4F9E CD1F50          17      CALL    RWXR
000FA1 4FA1 3AC7F2          13      LD  A,(CLSZ_H)
000FA4 4FA4 3D               4      DEC A
000FA5 4FA5 E5              11      PUSH    HL
000FA6 4FA6 2ACAF2          16      LD  HL,(RR_LOW)
000FA9 4FA9 A4               4      AND H
000FAA 4FAA B5               4      OR  L
000FAB 4FAB E1              10      POP HL
000FAC 4FAC C9              10      RET
                                
       4FAD                     RBXA:
000FAD 4FAD D5              11      PUSH    DE
000FAE 4FAE CD9750          17      CALL    CLUST
000FB1 4FB1 ED53D2F2        20      LD  (_DTPS),DE
000FB5 4FB5 D1              10      POP DE
000FB6 4FB6 CD7450          17      CALL    GNCL
000FB9 4FB9 D8              11      RET C
000FBA 4FBA ED53CEF2        20      LD  (_CLPS),DE
                                
000FBE 4FBE ED4BCAF2        20      LD  BC,(RR_LOW)
000FC2 4FC2 2AC6F2          16      LD  HL,(CLSZ)
000FC5 4FC5 7C               4      LD  A,H
000FC6 4FC6 3D               4      DEC A
000FC7 4FC7 A0               4      AND B
000FC8 4FC8 47               4      LD  B,A
000FC9 4FC9 ED42            15      SBC HL,BC       ;remaining cluster
                                
000FCB 4FCB ED5BF3F2        20      LD  DE,(LEFTX)
000FCF 4FCF ED52            15      SBC HL,DE       ;CP HL,DE
000FD1 4FD1 19              11      ADD HL,DE
000FD2 4FD2 3801            12      JR  C,RBXA1
000FD4 4FD4 EB               4      EX  DE,HL
       4FD5                     RBXA1:
000FD5 4FD5 3AC4F2          13      LD  A,(_BANK)   ;GNCLでバンクを切り替えたのでデータのあるバンク
                                #if exists USE_NORMAL32K_OR_ASCII16
000FD8 4FD8 320070          13      LD  (ASCII16_BANK1_SEL),A       ;ASCII-16K
                                #else
                                    LD  (BANK1_SEL),A           ;ASCII-8K/Konami-8K
                                    LD  (KONAMI_SCC_BANK1_SEL),A    ;Konami-8K/Konami-SCC
                                #endif
000FDB 4FDB E5              11      PUSH    HL
000FDC 4FDC 2AD2F2          16      LD  HL,(_DTPS)
000FDF 4FDF 09              11      ADD HL,BC
000FE0 4FE0 ED5BE7F2        20      LD  DE,(DTAX)
000FE4 4FE4 C1              10      POP BC
000FE5 4FE5 C9              10      RET
                                
       4FE6                     RBXB:
000FE6 4FE6 2AE7F2          16      LD  HL,(DTAX)
000FE9 4FE9 ED5BCEF2        20      LD  DE,(_CLPS)
000FED 4FED 3AF4F2          13      LD  A,(LEFTX+1)
000FF0 4FF0 47               4      LD  B,A
000FF1 4FF1 3AC7F2          13      LD  A,(CLSZ_H)  ;1024=4 / 512=2 / 256=1
       4FF4                     RBXB1:
000FF4 4FF4 1F               4      RRA     ;->CF
000FF5 4FF5 3804            12      JR  C,RBXB2
000FF7 4FF7 CB38             8      SRL B   ;B=B/2
000FF9 4FF9 18F9            12      JR  RBXB1
       4FFB                     RBXB2:
000FFB 4FFB 78               4      LD  A,B
000FFC 4FFC B7               4      OR  A
000FFD 4FFD C9              10      RET
                                
       4FFE                     RBXC:
000FFE 4FFE ED4BF3F2        20      LD  BC,(LEFTX)
001002 5002 3AC7F2          13      LD  A,(CLSZ_H)
001005 5005 3D               4      DEC A
001006 5006 A0               4      AND B
001007 5007 47               4      LD  B,A
001008 5008 B1               4      OR  C
001009 5009 C9              10      RET
                                
       500A                     RBXEND:
00100A 500A ED5BD0F2        20      LD  DE,(_LEFT)
00100E 500E 2ACAF2          16      LD  HL,(RR_LOW)
001011 5011 3ACDF2          13      LD  A,(RR_HIGH+1)
001014 5014 19              11      ADD HL,DE
001015 5015 CE00             7      ADC A,0
001017 5017 22CAF2          16      LD  (RR_LOW),HL
00101A 501A 32CDF2          13      LD  (RR_HIGH+1),A
00101D 501D EB               4      EX  DE,HL       ;HL=Read byte
00101E 501E C9              10      RET
                                
       501F                     RWXR:
00101F 501F 3AC7F2          13      LD  A,(CLSZ_H)  ;1024=4 / 512=2 / 256=1
       5022                     L_RWX:
001022 5022 1F               4      RRA     ;->CF
001023 5023 3806            12      JR  C,E_RWX
001025 5025 CB38             8      SRL B   ;BC=BC/2
001027 5027 CB19             8      RR  C   ;
001029 5029 18F7            12      JR  L_RWX
       502B                     E_RWX:
00102B 502B 3AF1F2          13      LD  A,(_DIR_BANK)
                                #if exists USE_NORMAL32K_OR_ASCII16
00102E 502E 320070          13      LD  (ASCII16_BANK1_SEL),A       ;ASCII-16K
                                
001031 5031 E5              11      PUSH    HL
001032 5032 2AEFF2          16      LD  HL,(DIRENT1)
001035 5035 111A00          10      LD  DE,0001AH   ;ファイルの先頭クラスタ
001038 5038 19              11      ADD HL,DE
001039 5039 CDB645          17      CALL    RDSLT_ROM
00103C 503C 23               6      INC HL
00103D 503D 5F               4      LD  E,A
00103E 503E CDB645          17      CALL    RDSLT_ROM
001041 5041 23               6      INC HL
001042 5042 57               4      LD  D,A
001043 5043 E1              10      POP HL
                                #else
                                    LD  (BANK1_SEL),A           ;ASCII-8K/Konami-8K
                                    LD  (KONAMI_SCC_BANK1_SEL),A    ;Konami-8K/Konami-SCC
                                    LD  IY,(DIRENT1)
                                    LD  E,(IY+01AH) ;ファイルの先頭クラスタ
                                    LD  D,(IY+01BH)
                                #endif
001044 5044 CDB656          17      CALL    GET_DISK_BANK_FDRV
       5047                     RWX1:
001047 5047 ED53CEF2        20      LD  (_CLPS),DE
00104B 504B 7A               4      LD  A,D
00104C 504C B3               4      OR  E
00104D 504D 37               4      SCF
00104E 504E C8              11      RET Z
                                
00104F 504F 78               4      LD  A,B
001050 5050 B1               4      OR  C
001051 5051 C8              11      RET Z
                                
001052 5052 CD7450          17      CALL    GNCL
001055 5055 D8              11      RET C
001056 5056 0B               6      DEC BC
001057 5057 CDDB50          17      CALL    ENDCL
00105A 505A 38EB            12      JR  C,RWX1
00105C 505C 37               4      SCF
00105D 505D C9              10      RET
                                
       505E                     NCL3:
00105E 505E CDB656          17      CALL    GET_DISK_BANK_FDRV
001061 5061 6B               4      LD  L,E
001062 5062 62               4      LD  H,D
001063 5063 CB3C             8      SRL H
001065 5065 CB1D             8      RR  L
001067 5067 1F               4      RRA
001068 5068 19              11      ADD HL,DE
001069 5069 010060          10      LD  BC,BANK1_ADR
00106C 506C 09              11      ADD HL,BC
00106D 506D ED4BC8F2        20      LD  BC,(SECSZ)
001071 5071 09              11      ADD HL,BC
001072 5072 17               4      RLA
001073 5073 C9              10      RET
                                
       5074                     GNCL:
001074 5074 7A               4      LD  A,D
001075 5075 B3               4      OR  E
001076 5076 37               4      SCF
001077 5077 C8              11      RET Z
001078 5078 C5              11      PUSH    BC
001079 5079 E5              11      PUSH    HL
00107A 507A CD5E50          17      CALL    NCL3
00107D 507D 3809            12      JR  C,GNC1
00107F 507F 5E               7      LD  E,(HL)
001080 5080 23               6      INC HL
001081 5081 7E               7      LD  A,(HL)
001082 5082 E60F             7      AND 00FH
001084 5084 57               4      LD  D,A
001085 5085 E1              10      POP HL
001086 5086 C1              10      POP BC
001087 5087 C9              10      RET
       5088                     GNC1:
001088 5088 7E               7      LD  A,(HL)
001089 5089 23               6      INC HL
00108A 508A 56               7      LD  D,(HL)
00108B 508B 0604             7      LD  B,4
       508D                     GNC1L:
00108D 508D CB3A             8      SRL D
00108F 508F 1F               4      RRA
001090 5090 10FB            13      DJNZ    GNC1L
                                
001092 5092 5F               4      LD  E,A
001093 5093 E1              10      POP HL
001094 5094 C1              10      POP BC
001095 5095 A7               4      AND A
001096 5096 C9              10      RET
                                
       5097                     CLUST:
001097 5097 EB               4      EX  DE,HL
       5098                     CLUST_HL:
001098 5098 2B               6      DEC HL
001099 5099 2B               6      DEC HL
00109A 509A C5              11      PUSH    BC
00109B 509B 3AC7F2          13      LD  A,(CLSZ_H)
00109E 509E CDDC56          17      CALL    MUL_AHL
                                
0010A1 50A1 CD6B51          17      CALL    GET_DIR_POS
0010A4 50A4 4F               4      LD  C,A
0010A5 50A5 0600             7      LD  B,0
0010A7 50A7 09              11      ADD HL,BC
                                
0010A8 50A8 ED4B1160        20      LD  BC,(BANK1_ADR+17)   ;BPB_RootEntCnt
0010AC 50AC CB38             8      SRL B
0010AE 50AE CB19             8      RR  C           ;/2
0010B0 50B0 CB38             8      SRL B
0010B2 50B2 CB19             8      RR  C           ;/4
0010B4 50B4 CB38             8      SRL B
0010B6 50B6 CB19             8      RR  C           ;/8
0010B8 50B8 09              11      ADD HL,BC
                                #if exists USE_NORMAL32K_OR_ASCII16
0010B9 50B9 7D               4      LD  A,L
0010BA 50BA 01E0FF          10      LD  BC,-00020H  ;先頭の8KB部分
0010BD 50BD 09              11      ADD HL,BC
0010BE 50BE 3013            12      JR  NC,CLUST2
0010C0 50C0 4D               4      LD  C,L     ;C=読み出し元
0010C1 50C1 29              11      ADD HL,HL   ;64KB→32KB
0010C2 50C2 29              11      ADD HL,HL   ;32KB→16KB バンク切り替えのサイズに合わせる
0010C3 50C3 CDB656          17      CALL    GET_DISK_BANK_FDRV
0010C6 50C6 84               4      ADD A,H
0010C7 50C7 320070          13      LD  (ASCII16_BANK1_SEL),A   ;ASCII-16K
0010CA 50CA 32C4F2          13      LD  (_BANK),A
0010CD 50CD 69               4      LD  L,C     ;C=読み出し元
0010CE 50CE 3E3F             7      LD  A,03FH      ;セグメントのサイズでフィルタする(16K:3F)
0010D0 50D0 A5               4      AND L
0010D1 50D1 C620             7      ADD A,020H
                                #else
                                    LD  C,L     ;C=読み出し元
                                    ADD HL,HL   ;64KB→32KB
                                    ADD HL,HL   ;32KB→16KB
                                    ADD HL,HL   ;16KB→8KB  バンク切り替えのサイズに合わせる
                                    CALL    GET_DISK_BANK_FDRV
                                    ADD A,H
                                    LD  (BANK1_SEL),A           ;ASCII-8K/Konami-8K
                                    LD  (KONAMI_SCC_BANK1_SEL),A    ;Konami-8K/Konami-SCC
                                    LD  (_BANK),A
                                    LD  L,C     ;C=読み出し元
                                    LD  A,01FH          ;セグメントのサイズでフィルタする(8K:1F)
                                    AND L
                                #endif
       50D3                     CLUST2:
0010D3 50D3 C660             7      ADD A,high BANK1_ADR
0010D5 50D5 67               4      LD  H,A
0010D6 50D6 2E00             7      LD  L,0
0010D8 50D8 EB               4      EX  DE,HL
0010D9 50D9 C1              10      POP BC
0010DA 50DA C9              10      RET
                                
       50DB                     ENDCL:
0010DB 50DB 7A               4      LD  A,D ;END CLUSTER
0010DC 50DC FE0F             7      CP  00FH    ;FAT12の最大値
0010DE 50DE C0              11      RET NZ
0010DF 50DF 7B               4      LD  A,E
0010E0 50E0 FEF7             7      CP  0F7H
0010E2 50E2 C9              10      RET
                                
       50E3                     RB_READ:
0010E3 50E3 AF               4      XOR A   ;HLA = HL*128
0010E4 50E4 CB3C             8      SRL H
0010E6 50E6 CB1D             8      RR  L
0010E8 50E8 1F               4      RRA
0010E9 50E9 32CAF2          13      LD  (RR_LOW),A
0010EC 50EC 22CBF2          16      LD  (RR_MID),HL
0010EF 50EF 218000          10      LD  HL,128
                                
0010F2 50F2 CD514C          17      CALL    ROM_READ
0010F5 50F5 C9              10      RET
                                
       50F6                     GETSEQ:
0010F6 50F6 FD6E20          19      LD  L,(IY+32)
0010F9 50F9 FD660C          19      LD  H,(IY+12)
                                
0010FC 50FC CB25             8      SLA L
                                
0010FE 50FE CB3C             8      SRL H
001100 5100 CB1D             8      RR  L
001102 5102 C9              10      RET
                                
       5103                     SETSEQ:
001103 5103 F5              11      PUSH    AF
001104 5104 3ACAF2          13      LD  A,(RR_LOW)
001107 5107 2ACBF2          16      LD  HL,(RR_MID)
                                
00110A 510A CD2151          17      CALL    SSQ1
                                
00110D 510D 29              11      ADD HL,HL
00110E 510E CB3D             8      SRL L
001110 5110 FD7520          19      LD  (IY+32),L
001113 5113 FD740C          19      LD  (IY+12),H
001116 5116 F1              10      POP AF
001117 5117 C9              10      RET
                                
       5118                     GETSIZE:
001118 5118 FD7E10          19      LD  A,(IY+16)
00111B 511B FD6E11          19      LD  L,(IY+17)
00111E 511E FD6612          19      LD  H,(IY+18)
       5121                     SSQ1:
001121 5121 87               4      ADD A,A
001122 5122 ED6A            15      ADC HL,HL
001124 5124 B7               4      OR  A
001125 5125 C8              11      RET Z
001126 5126 23               6      INC HL
001127 5127 C9              10      RET
                                
       5128                     SET_FCB:
001128 5128 D5              11      PUSH    DE
001129 5129 FDE1            14      POP IY
00112B 512B FD7E1C          19      LD  A,(IY+28)
00112E 512E FEFF             7      CP  0FFH
001130 5130 201B            12      JR  NZ,POPAF_SCF_FF_RET
001132 5132 E5              11      PUSH    HL
001133 5133 FD6E1A          19      LD  L,(IY+26)
001136 5136 FD661B          19      LD  H,(IY+27)
001139 5139 22CEF2          16      LD  (_CLPS),HL
00113C 513C FD7E1D          19      LD  A,(IY+29)
00113F 513F 32F1F2          13      LD  (_DIR_BANK),A
001142 5142 FD6E1E          19      LD  L,(IY+30)
001145 5145 FD661F          19      LD  H,(IY+31)
001148 5148 22EFF2          16      LD  (DIRENT1),HL
00114B 514B E1              10      POP HL
00114C 514C C9              10      RET
                                
       514D                     POPAF_SCF_FF_RET:
00114D 514D F1              10      POP AF
00114E 514E 37               4      SCF
00114F 514F 9F               4      SBC A,A
001150 5150 C9              10      RET
                                
       5151                     GET_DIR_DAT:
001151 5151 2AF9F2          16      LD  HL,(_CDX)
001154 5154 7C               4      LD  A,H
001155 5155 B5               4      OR  L
001156 5156 2032            12      JR  NZ,GET_SUBDIR
001158 5158 CD6B51          17      CALL    GET_DIR_POS
00115B 515B C660             7      ADD A,high BANK1_ADR
00115D 515D 2E00             7      LD  L,0
00115F 515F 67               4      LD  H,A         ;HL=BANK1_ADR+(BPB_RsvdSecCnt+BPB_FATSz16*BPB_NumFATs)*BPB_BytsPerSec
                                #if exists USE_NORMAL32K_OR_ASCII16
                                #else
                                    CALL    CHECK_DIR_PAGE
                                #endif
001160 5160 3AC5F2          13      LD  A,(_BANK1)
001163 5163 32F1F2          13      LD  (_DIR_BANK),A
                                
001166 5166 3A1160          13      LD  A,(BANK1_ADR+17)    ;BPB_RootEntCnt
001169 5169 4F               4      LD  C,A
00116A 516A C9              10      RET
                                
       516B                     GET_DIR_POS:                ;ルートディレクトリ
00116B 516B CDB656          17      CALL    GET_DISK_BANK_FDRV
00116E 516E 32C5F2          13      LD  (_BANK1),A
001171 5171 3A1060          13      LD  A,(BANK1_ADR+16)    ;BPB_NumFATs
001174 5174 47               4      LD  B,A
001175 5175 3A1660          13      LD  A,(BANK1_ADR+22)    ;BPB_FATSz16
001178 5178 4F               4      LD  C,A
001179 5179 3A0E60          13      LD  A,(BANK1_ADR+14)    ;BPB_RsvdSecCnt
       517C                     GET_DIR_POS1:
00117C 517C 81               4      ADD A,C
00117D 517D 10FD            13      DJNZ    GET_DIR_POS1
                                
00117F 517F ED4B0B60        20      LD  BC,(BANK1_ADR+11)   ;BPB_BytsPerSec
001183 5183 37               4      SCF     ;無限ループ回避
       5184                     L_MDP:
001184 5184 CB18             8      RR  B   ;->CF
001186 5186 D8              11      RET C
001187 5187 87               4      ADD A,A
001188 5188 18FA            12      JR  L_MDP
                                
       518A                     GET_SUBDIR:             ;サブディレクトリ
00118A 518A CD9850          17      CALL    CLUST_HL
00118D 518D EB               4      EX  DE,HL
00118E 518E 3AC4F2          13      LD  A,(_BANK)
001191 5191 32F1F2          13      LD  (_DIR_BANK),A
001194 5194 3AC7F2          13      LD  A,(CLSZ_H)
001197 5197 87               4      ADD A,A     ;*2
001198 5198 87               4      ADD A,A     ;*4
001199 5199 87               4      ADD A,A     ;*8
00119A 519A 4F               4      LD  C,A
00119B 519B C9              10      RET
                                
       519C                     STATEMENT:
00119C 519C 115B54          10      LD  DE,STR_CHDIR
00119F 519F CDF453          17      CALL    CPPROCNM
0011A2 51A2 2812            12      JR  Z,_CHDIR
0011A4 51A4 116154          10      LD  DE,STR_CHDRV
0011A7 51A7 CDF453          17      CALL    CPPROCNM
0011AA 51AA 281C            12      JR  Z,_CHDRV
0011AC 51AC 116754          10      LD  DE,STR_RAMDISK
0011AF 51AF CDF453          17      CALL    CPPROCNM
0011B2 51B2 2829            12      JR  Z,_RAMDISK
0011B4 51B4 37               4      SCF
0011B5 51B5 C9              10      RET
       51B6                     _CHDIR:
0011B6 51B6 7E               7      LD  A,(HL)
0011B7 51B7 FE28             7      CP  '('
0011B9 51B9 37               4      SCF
0011BA 51BA C0              11      RET NZ
0011BB 51BB CDF849          17      CALL    INIT_PARAM
0011BE 51BE CDF24C          17      CALL    FILE_B
0011C1 51C1 CD0452          17      CALL    ROM_CD
0011C4 51C4 D0              11      RET NC
0011C5 51C5 C39F48          10      JP  ERROR_FILE_NOT_FOUND
                                
       51C8                     _CHDRV:
0011C8 51C8 7E               7      LD  A,(HL)
0011C9 51C9 FE28             7      CP  '('
0011CB 51CB 37               4      SCF
0011CC 51CC C0              11      RET NZ
0011CD 51CD CDF849          17      CALL    INIT_PARAM
0011D0 51D0 E5              11      PUSH    HL
0011D1 51D1 CDF24C          17      CALL    FILE_B
0011D4 51D4 E1              10      POP HL
0011D5 51D5 23               6      INC HL
0011D6 51D6 3A00F3          13      LD  A,(FDRV)
0011D9 51D9 3D               4      DEC A
0011DA 51DA C3F959          10      JP  _SYS0EX1
                                
       51DD                     _RAMDISK:
0011DD 51DD 7E               7      LD  A,(HL)
0011DE 51DE FE28             7      CP  '('
0011E0 51E0 37               4      SCF
0011E1 51E1 C0              11      RET NZ
0011E2 51E2 23               6      INC HL
0011E3 51E3 DD212F54        14      LD  IX,FRMQNT
0011E7 51E7 CD7E45          17      CALL    CALSLT_BIOS
0011EA 51EA E5              11      PUSH    HL
0011EB 51EB 110F00          10      LD  DE,15       ;切り上げの為
0011EE 51EE 19              11      ADD HL,DE
0011EF 51EF 7D               4      LD  A,L
0011F0 51F0 0604             7      LD  B,4     ;16で割る
       51F2                     RAMDISK1:
0011F2 51F2 CB3C             8      SRL H   ;/2
0011F4 51F4 1F               4      RRA
0011F5 51F5 10FB            13      DJNZ    RAMDISK1
0011F7 51F7 FEFF             7      CP  0FFH
0011F9 51F9 2001            12      JR  NZ,RAMDISK2
0011FB 51FB 3D               4      DEC A
       51FC                     RAMDISK2:
0011FC 51FC 47               4      LD  B,A
0011FD 51FD CD325C          17      CALL    _SYS68
                                
001200 5200 E1              10      POP HL
001201 5201 23               6      INC HL
001202 5202 AF               4      XOR A
001203 5203 C9              10      RET
                                
       5204                     ROM_CD:
001204 5204 3A01F3          13      LD  A,(FNAME)
001207 5207 FE20             7      CP  020H
001209 5209 2835            12      JR  Z,CD1
00120B 520B CD8E4E          17      CALL    ROM_OPEN
00120E 520E D8              11      RET C
                                #if exists USE_NORMAL32K_OR_ASCII16
00120F 520F D5              11      PUSH    DE
001210 5210 2AEFF2          16      LD  HL,(DIRENT1)
001213 5213 110B00          10      LD  DE,0000BH   ;属性(アトリビュート)
001216 5216 19              11      ADD HL,DE
001217 5217 CDB645          17      CALL    RDSLT_ROM
00121A 521A D1              10      POP DE
00121B 521B CB67             8      BIT 4,A     ;ディレクトリ
00121D 521D CA9F48          10      JP  Z,ERROR_FILE_NOT_FOUND
001220 5220 D5              11      PUSH    DE
001221 5221 2AEFF2          16      LD  HL,(DIRENT1)
001224 5224 111A00          10      LD  DE,0001AH   ;ファイルの先頭クラスタ
001227 5227 19              11      ADD HL,DE
001228 5228 CDB645          17      CALL    RDSLT_ROM
00122B 522B 23               6      INC HL
00122C 522C 5F               4      LD  E,A
00122D 522D CDB645          17      CALL    RDSLT_ROM
001230 5230 57               4      LD  D,A
001231 5231 EB               4      EX  DE,HL
001232 5232 D1              10      POP DE
                                #else
                                    LD  IY,(DIRENT1)
                                    BIT 4,(IY+00BH) ;属性(アトリビュート) ディレクトリ
                                    JP  Z,ERROR_FILE_NOT_FOUND
                                    LD  L,(IY+01AH) ;ファイルの先頭クラスタ
                                    LD  H,(IY+01BH)
                                #endif
       5233                     CD2:
001233 5233 CD8356          17      CALL    SET_CD_FDRV
001236 5236 2AF7F2          16      LD  HL,(PARAM1)
       5239                     CD_SKIP:
001239 5239 7E               7      LD  A,(HL)
00123A 523A 23               6      INC HL
00123B 523B FE21             7      CP  021H
00123D 523D 38FA            12      JR  C,CD_SKIP
00123F 523F C9              10      RET
       5240                     CD1:
001240 5240 2AF9F2          16      LD  HL,(_CDX)
001243 5243 18EE            12      JR  CD2
                                
       5245                     GET_BASIC_FCB:
001245 5245 D5              11      PUSH    DE
001246 5246 23               6      INC HL  ;+1
001247 5247 5E               7      LD  E,(HL)  ;FCB[1]
001248 5248 23               6      INC HL  ;+2
001249 5249 56               7      LD  D,(HL)  ;FCB[2]
00124A 524A 23               6      INC HL  ;+3
00124B 524B ED53EFF2        20      LD  (DIRENT1),DE
                                            ;FCB[3] backup char
00124F 524F 23               6      INC HL  ;+4
                                            ;FCB[4]
001250 5250 23               6      INC HL  ;+5
001251 5251 7E               7      LD  A,(HL)  ;FCB[5]
001252 5252 23               6      INC HL  ;+6
001253 5253 32F1F2          13      LD  (_DIR_BANK),A
001256 5256 5E               7      LD  E,(HL)  ;FCB[6]
001257 5257 23               6      INC HL  ;+7
001258 5258 56               7      LD  D,(HL)  ;FCB[7]
001259 5259 23               6      INC HL  ;+8
00125A 525A ED53CAF2        20      LD  (RR_LOW),DE
00125E 525E 7E               7      LD  A,(HL)  ;FCB[8]
00125F 525F 23               6      INC HL  ;+9
001260 5260 32CCF2          13      LD  (RR_HIGH),A
001263 5263 22D4F2          16      LD  (_DTA),HL   ;FCB[9]
001266 5266 D1              10      POP DE
001267 5267 C9              10      RET
                                
       5268                     SET_BASIC_FCB:
001268 5268 E5              11      PUSH    HL
001269 5269 2A64F8          16      LD  HL,(PTRFIL)
00126C 526C 23               6      INC HL  ;+1
00126D 526D D5              11      PUSH    DE
00126E 526E ED5BEFF2        20      LD  DE,(DIRENT1)
001272 5272 73               7      LD  (HL),E  ;FCB[1]
001273 5273 23               6      INC HL  ;+2
001274 5274 72               7      LD  (HL),D  ;FCB[2]
001275 5275 23               6      INC HL  ;+3
001276 5276 77               7      LD  (HL),A  ;FCB[3] backup char ハンドリング必要
001277 5277 23               6      INC HL  ;+4
                                            ;FCB[4] 変更しない
001278 5278 23               6      INC HL  ;+5
001279 5279 3AF1F2          13      LD  A,(_DIR_BANK)
00127C 527C 77               7      LD  (HL),A  ;FCB[5]
00127D 527D 23               6      INC HL  ;+6
00127E 527E ED5BCAF2        20      LD  DE,(RR_LOW)
001282 5282 73               7      LD  (HL),E  ;FCB[6]
001283 5283 23               6      INC HL  ;+7
001284 5284 72               7      LD  (HL),D  ;FCB[7]
001285 5285 23               6      INC HL  ;+8
001286 5286 3ACCF2          13      LD  A,(RR_HIGH)
001289 5289 77               7      LD  (HL),A  ;FCB[8]
00128A 528A D1              10      POP DE
00128B 528B E1              10      POP HL
00128C 528C C9              10      RET
                                
                                ;--------------------------------------
                                ;FUNC_18:BACKUP
                                ;in
                                ;   C : backup charactor
                                ;   HL: FBC pointer
                                ;out
       528D                     DEVICE_18_BACKUP:
00128D 528D D5              11      PUSH    DE
00128E 528E E5              11      PUSH    HL
00128F 528F 110300          10      LD  DE,3
001292 5292 19              11      ADD HL,DE
001293 5293 71               7      LD  (HL),C
001294 5294 E1              10      POP HL
001295 5295 D1              10      POP DE
001296 5296 C9              10      RET
                                
       5297                     DEVICE_CHECK:
001297 5297 3A8AFD          13      LD  A,(PROCNM+1)
00129A 529A B7               4      OR  A
00129B 529B C8              11      RET Z
00129C 529C 116F54          10      LD  DE,STR_ROM
00129F 529F CDF453          17      CALL    CPPROCNM
0012A2 52A2 2802            12      JR  Z,DEVICE_OK
0012A4 52A4 37               4      SCF
0012A5 52A5 C9              10      RET
       52A6                     DEVICE_OK:
0012A6 52A6 AF               4      XOR A
0012A7 52A7 C9              10      RET
                                
                                ;--------------------------------------
                                ;FUNC_0:open
                                ;in
                                ;   A : 0
                                ;   C : receive buffer size ?
                                ;   E : open mode
                                ;   HL: FCB pointer
                                ;out
                                ;   CF: 0=OK ,1=ERROR
                                ;note:
                                ;
                                ; FCB
                                ; +00: OPEN MODE
                                ; +01: 対象ファイルのディレクトリエントリのアドレスL
                                ; +02: 対象ファイルのディレクトリエントリのアドレスH
                                ; +03: backup charactor buffer
                                ; +04: device ID (FF=CAS,FE=LPT,FD=CRT,FC=?,other=ROM-SLOT)
                                ; +05: 対象ディレクトリのバンク
                                ; +06: ランダムレコードL
                                ; +07: ランダムレコードM
                                ; +08: ランダムレコードH
                                ; +09: バッファ
                                
       52A8                     DEVICE_0_OPEN:
0012A8 52A8 7B               4      LD  A,E
0012A9 52A9 FE02             7      CP  2       ;FOR OUTPUT
0012AB 52AB 281B            12      JR  Z,OPEN2
0012AD 52AD D5              11      PUSH    DE
0012AE 52AE E5              11      push    hl
                                ;
0012AF 52AF 3E01             7      LD  A,1     ;ドライブA
0012B1 52B1 3200F3          13      LD  (FDRV),A
0012B4 52B4 2166F8          10      LD  HL,FILNAM
0012B7 52B7 1101F3          10      LD  DE,FNAME
0012BA 52BA 010B00          10      LD  BC,8+3
0012BD 52BD CD465C          17      CALL    INIT_FILE1
0012C0 52C0 CD8E4E          17      CALL    ROM_OPEN
0012C3 52C3 DA9F48          10      JP  C,ERROR_FILE_NOT_FOUND
0012C6 52C6 E1              10      pop hl
0012C7 52C7 D1              10      POP DE
       52C8                     OPEN2:
0012C8 52C8 2264F8          16      ld  (PTRFIL),hl ;ストアしないとエラーになる
0012CB 52CB 73               7      ld  (hl),e  ;FCB[0] ;open type : 合わせないとエラーになる
0012CC 52CC AF               4      XOR A
0012CD 52CD 32F3F2          13      LD  (LEFTX),A
0012D0 52D0 CD6852          17      CALL    SET_BASIC_FCB
0012D3 52D3 7B               4      ld  a,e
0012D4 52D4 FE08             7      cp  8
0012D6 52D6 3F               4      ccf
0012D7 52D7 C9              10      ret
                                
       52D8                     DEVICE_2_CLOSE:
0012D8 52D8 AF               4      XOR A
                                ;   LD  (HL),A
0012D9 52D9 6F               4      LD  L,A
0012DA 52DA 67               4      LD  H,A
0012DB 52DB 2264F8          16      LD  (PTRFIL),HL
0012DE 52DE C9              10      RET
                                
       52DF                     DEVICE_ENTRY:
0012DF 52DF FE08             7      CP  8
0012E1 52E1 2826            12      JR  Z,DEVICE_8_SIN
0012E3 52E3 3C               4      INC A
0012E4 52E4 28B1            12      JR  Z,DEVICE_CHECK:
0012E6 52E6 3D               4      DEC A
0012E7 52E7 28BF            12      JR  Z,DEVICE_0_OPEN
0012E9 52E9 FE0E             7      CP  14
0012EB 52EB 2851            12      JR  Z,DEVICE_14_EOF
0012ED 52ED FE04             7      CP  4
0012EF 52EF 2834            12      JR  Z,DEVICE_4_RANDOM
0012F1 52F1 FE0A             7      CP  10
0012F3 52F3 2841            12      JR  Z,DEVICE_10_LOC
0012F5 52F5 FE0C             7      CP  12
0012F7 52F7 286A            12      JR  Z,DEVICE_12_LOF
0012F9 52F9 FE02             7      CP  2
0012FB 52FB 2890            12      JR  Z,DEVICE_18_BACKUP
0012FD 52FD FE02             7      CP  2
0012FF 52FF 28D7            12      JR  Z,DEVICE_2_CLOSE
001301 5301 FE06             7      CP  6
001303 5303 2802            12      JR  Z,DEVICE_6_SOUT
001305 5305 37               4      SCF
001306 5306 C9              10      RET
                                
       5307                     DEVICE_6_SOUT:
001307 5307 AF               4      XOR A
001308 5308 C9              10      RET
                                
       5309                     DEVICE_8_SIN:
001309 5309 CD4552          17      CALL    GET_BASIC_FCB
00130C 530C 210100          10      LD  HL,1
00130F 530F CD514C          17      CALL    ROM_READ
001312 5312 7C               4      LD  A,H
001313 5313 B5               4      OR  L
001314 5314 280D            12      JR  Z,CCF_RET
001316 5316 2AD4F2          16      LD  HL,(_DTA)
001319 5319 7E               7      LD  A,(HL)
00131A 531A F5              11      PUSH    AF
00131B 531B CD6852          17      CALL    SET_BASIC_FCB
00131E 531E F1              10      POP AF
00131F 531F FE0A             7      CP  00AH
001321 5321 C8              11      RET Z   ;ZF=separate
                                ;   CP  01AH
                                ;   JR  Z,SCF_RET
001322 5322 37               4      SCF     ;
       5323                     CCF_RET:
001323 5323 3F               4      CCF     ;ZF=0 CF=0にしたい
001324 5324 C9              10      RET
                                
                                ;--------------------------------------
                                ;FUNC_4:RANDOM
                                ;in
                                ;   A : 4
                                ;   unknown
                                ;out
                                ;   unknown
                                ;note:
       5325                     DEVICE_4_RANDOM:
001325 5325 D5              11      PUSH    DE
001326 5326 CD4552          17      CALL    GET_BASIC_FCB
001329 5329 CD3D54          17      CALL    FRCINT2HL
00132C 532C 22CAF2          16      LD  (RR_LOW),HL
00132F 532F AF               4      XOR A
001330 5330 CD6852          17      CALL    SET_BASIC_FCB
001333 5333 D1              10      POP DE
001334 5334 AF               4      XOR A
001335 5335 C9              10      RET
                                
                                ;FUNC_10:LOC
                                ;in
                                ;   A : 10
                                ;out
                                ;   DAC    : value of received bytes
                                ;   VALTYP : DAC type
       5336                     DEVICE_10_LOC:
001336 5336 CD4552          17      CALL    GET_BASIC_FCB
001339 5339 2ACAF2          16      LD  HL,(RR_LOW)
00133C 533C 1845            12      JR  RETURN_TYPE8_AHL
                                
                                ;--------------------------------------
                                ;FUNC_14:EOF
                                ;in
                                ;   A : 14
                                ;out
                                ;   DAC    : value of EOF value (EOF=-1)
                                ;   VALTYP : DAC type
       533E                     DEVICE_14_EOF:
00133E 533E CD4552          17      CALL    GET_BASIC_FCB
001341 5341 CD674F          17      CALL    RBX1
001344 5344 3810            12      JR  C,DEVICE_14_EOF1
001346 5346 210100          10      LD  HL,1
001349 5349 CD514C          17      CALL    ROM_READ
00134C 534C 2AD4F2          16      LD  HL,(_DTA)
00134F 534F 7E               7      LD  A,(HL)
001350 5350 FE1A             7      CP  01AH
001352 5352 37               4      SCF
001353 5353 2801            12      JR  Z,DEVICE_14_EOF1
001355 5355 3F               4      CCF
       5356                     DEVICE_14_EOF1:
001356 5356 9F               4      SBC A,A
001357 5357 6F               4      LD  L,A
001358 5358 67               4      LD  H,A
       5359                     return_type2_hl:
001359 5359 22F8F7          16      ld  (DACDAT),hl
00135C 535C 3E02             7      ld  a,2
00135E 535E 3263F6          13      ld  (VALTYP),a
001361 5361 A7               4      AND A
001362 5362 C9              10      ret
                                
                                ;--------------------------------------
                                ;FUNC_16:FPOS
                                ;in
                                ;   unknown
                                ;out
                                ;   unknown
                                ;note:
                                ;   illegal function call
                                
                                ;--------------------------------------
                                ;FUNC_12:LOF
                                ;in
                                ;   A : 12
                                ;out
                                ;   DAC    : value of LOC+RSIQLN
                                ;   VALTYP : DAC type
       5363                     DEVICE_12_LOF:
001363 5363 CD4552          17      CALL    GET_BASIC_FCB
                                
001366 5366 3AF1F2          13      LD  A,(_DIR_BANK)
                                #if exists USE_NORMAL32K_OR_ASCII16
001369 5369 320070          13      LD  (ASCII16_BANK1_SEL),A       ;ASCII-16K
00136C 536C D5              11      PUSH    DE
00136D 536D 2AEFF2          16      LD  HL,(DIRENT1)
001370 5370 111C00          10      LD  DE,0001CH
001373 5373 19              11      ADD HL,DE
001374 5374 CDB645          17      CALL    RDSLT_ROM
001377 5377 23               6      INC HL
001378 5378 5F               4      LD  E,A
001379 5379 CDB645          17      CALL    RDSLT_ROM
00137C 537C 23               6      INC HL
00137D 537D 57               4      LD  D,A
00137E 537E CDB645          17      CALL    RDSLT_ROM
001381 5381 EB               4      EX  DE,HL       ;AHL=File size
001382 5382 D1              10      POP DE
                                #else
                                    LD  (BANK1_SEL),A           ;ASCII-8K/Konami-8K
                                    LD  (KONAMI_SCC_BANK1_SEL),A    ;Konami-8K/Konami-SCC
                                    LD  IY,(DIRENT1)
                                    LD  L,(IY+01CH) ;AHL=File size
                                    LD  H,(IY+01DH)
                                    LD  A,(IY+01EH)
                                #endif
       5383                     RETURN_TYPE8_AHL:
001383 5383 B7               4      OR  A
001384 5384 2004            12      JR  NZ,RT8AHL1
001386 5386 CB7C             8      BIT 7,H
001388 5388 28CF            12      JR  Z,return_type2_hl
       538A                     RT8AHL1:
00138A 538A E5              11      PUSH    HL
00138B 538B 29              11      ADD HL,HL
00138C 538C 8F               4      ADC A,A
00138D 538D 32F8F7          13      LD  (DACDAT),A
001390 5390 3E00             7      LD  A,0
001392 5392 8F               4      ADC A,A
001393 5393 32F9F7          13      LD  (DACDAT+1),A
                                
001396 5396 3E02             7      LD  A,2
001398 5398 3263F6          13      LD  (VALTYP),A
00139B 539B DD213A30        14      LD  IX,FRCDBL
00139F 539F FD2AC0FC        20      LD  IY,(EXPTBL-1)   ;メインROMスロット
0013A3 53A3 CDB0F2          17      CALL    CAL_MP
                                
0013A6 53A6 21EC53          10      LD  HL,DBL32768
0013A9 53A9 1147F8          10      LD  DE,ARG
0013AC 53AC 010800          10      LD  BC,8
0013AF 53AF EDB0                    LDIR
                                
0013B1 53B1 DD21E627        14      LD  IX,DECMUL
0013B5 53B5 FD2AC0FC        20      LD  IY,(EXPTBL-1)   ;メインROMスロット
0013B9 53B9 CDB0F2          17      CALL    CAL_MP
                                
0013BC 53BC 21F6F7          10      LD  HL,DAC
0013BF 53BF 1147F8          10      LD  DE,ARG
0013C2 53C2 010800          10      LD  BC,8
0013C5 53C5 EDB0                    LDIR
                                
0013C7 53C7 E1              10      POP HL
0013C8 53C8 22F8F7          16      LD  (DACDAT),HL
                                
0013CB 53CB 3E02             7      LD  A,2
0013CD 53CD 3263F6          13      LD  (VALTYP),A
0013D0 53D0 DD213A30        14      LD  IX,FRCDBL
0013D4 53D4 FD2AC0FC        20      LD  IY,(EXPTBL-1)   ;メインROMスロット
0013D8 53D8 CDB0F2          17      CALL    CAL_MP
                                
0013DB 53DB DD219A26        14      LD  IX,DECADD
0013DF 53DF FD2AC0FC        20      LD  IY,(EXPTBL-1)   ;メインROMスロット
0013E3 53E3 CDB0F2          17      CALL    CAL_MP
                                
0013E6 53E6 3E08             7      LD  A,8
0013E8 53E8 3263F6          13      LD  (VALTYP),A
0013EB 53EB C9              10      RET
                                
       53EC                     DBL32768:
0013EC 53EC 4532768000000000        DB  045H,032H,076H,080H,0,0,0,0
                                
       53F4                     CPPROCNM:
0013F4 53F4 E5              11      PUSH    HL
0013F5 53F5 2189FD          10      LD  HL,PROCNM
       53F8                     CPPROCNM1:
0013F8 53F8 1A               7      LD  A,(DE)
0013F9 53F9 13               6      INC DE
0013FA 53FA BE               7      CP  (HL)
0013FB 53FB 23               6      INC HL
0013FC 53FC 2003            12      JR  NZ,CPPROCNM2
0013FE 53FE B7               4      OR  A
0013FF 53FF 20F7            12      JR  NZ,CPPROCNM1
       5401                     CPPROCNM2:
001401 5401 E1              10      POP HL
001402 5402 C9              10      RET
                                
       5403                     ROM_MKI:
001403 5403 CD3D54          17      CALL    FRCINT2HL
001406 5406 2261F5          16      LD  (BUF+3),HL
001409 5409 3E02             7      LD  A,2     ;返す文字列の長さ
00140B 540B 325EF5          13      LD  (BUF),A
00140E 540E 2161F5          10      LD  HL,BUF+3
001411 5411 225FF5          16      LD  (BUF+1),HL
001414 5414 215EF5          10      LD  HL,BUF
001417 5417 22F8F7          16      LD  (DACDAT),HL
00141A 541A 3E03             7      LD  A,3     ;文字列
00141C 541C 3263F6          13      LD  (VALTYP),A
00141F 541F A7               4      AND A
001420 5420 C9              10      RET
                                
       5421                     ROM_CVI:
001421 5421 DD21D067        14      LD  IX,FRESTR
001425 5425 CD7E45          17      CALL    CALSLT_BIOS
001428 5428 23               6      INC HL
001429 5429 5E               7      LD  E,(HL)
00142A 542A 23               6      INC HL
00142B 542B 56               7      LD  D,(HL)
00142C 542C EB               4      EX  DE,HL
00142D 542D 5E               7      LD  E,(HL)
00142E 542E 23               6      INC HL
00142F 542F 56               7      LD  D,(HL)
001430 5430 EB               4      EX  DE,HL
001431 5431 C35953          10      JP  return_type2_hl
                                
       5434                     ROM_DSKF:
001434 5434 CD3D54          17      CALL    FRCINT2HL
001437 5437 210000          10      LD  HL,0
00143A 543A C35953          10      JP  return_type2_hl
                                
                                ;
                                ;   DACの値を整数化してHLで返す
                                ;
       543D                     FRCINT2HL:
00143D 543D DDE5            15      PUSH    IX
00143F 543F DD218A2F        14      LD  IX,FRCINT
001443 5443 FD2AC0FC        20      LD  IY,(EXPTBL-1)   ;メインROMスロット
001447 5447 CDB0F2          17      CALL    CAL_MP
00144A 544A DDE1            14      POP IX
00144C 544C 2AF8F7          16      LD  HL,(DACDAT)
00144F 544F C9              10      RET
                                
       5450                     WILDCARD:
001450 5450 3F3F3F3F3F3F3F3F        DB  "???????????"
            3F3F3F              
                                
       545B                     STR_CHDIR:
00145B 545B 434844495200            DB  "CHDIR",0
       5461                     STR_CHDRV:
001461 5461 434844525600            DB  "CHDRV",0
       5467                     STR_RAMDISK:
001467 5467 52414D4449534B00        DB  "RAMDISK",0
       546F                     STR_ROM:
00146F 546F 524F4D00                DB  "ROM",0
[EOF:FILE.ASM:UTF_8]
                                    INCLUDE "DISK.ASM"
                                
                                ;   Tablacus DISK ROM - DISK
                                
                                ;   ROM DISK DRIVER
                                ;   1セクタ512
                                
       5473                     ERROR_WRITE_PROTECTED:
001473 5473 3E00             7      LD  A,0     ;Write protected
001475 5475 C9              10      RET
       5476                     ERROR_NOT_READY:
001476 5476 F1              10      POP AF
001477 5477 37               4      SCF
001478 5478 3E02             7      LD  A,2     ;Not ready
00147A 547A C9              10      RET
       547B                     DISKIO:
00147B 547B 38F6            12      JR  C,ERROR_WRITE_PROTECTED
00147D 547D 48               4      LD  C,B
00147E 547E CDB956          17      CALL    GET_DISK_BANK
001481 5481 F5              11      PUSH    AF
001482 5482 3AC9F2          13      LD  A,(SECSZ_H)
001485 5485 B7               4      OR  A
001486 5486 28EE            12      JR  Z,ERROR_NOT_READY
001488 5488 F1              10      POP AF
       5489                     SETMAP1:
001489 5489 E5              11      PUSH    HL
       548A                     DISKIO1:
00148A 548A C5              11      PUSH    BC      ;B=残りのセクタ数
00148B 548B D5              11      PUSH    DE      ;DE=セクタ番号
00148C 548C F5              11      PUSH    AF      ;A=8KB単位でカートリッジ内のディスクが存在する位置を指定
                                
00148D 548D EB               4      EX  DE,HL       ;DE=受け取る読み出し先のメモリアドレス HL=セクタ番号
00148E 548E F5              11      PUSH    AF
00148F 548F 3AC9F2          13      LD  A,(SECSZ_H)
001492 5492 CDDC56          17      CALL    MUL_AHL
001495 5495 F1              10      POP AF
                                #if exists USE_NORMAL32K_OR_ASCII16
001496 5496 7D               4      LD  A,L
001497 5497 C5              11      PUSH    BC
001498 5498 01E0FF          10      LD  BC,-00020H  ;先頭の8KB部分
00149B 549B 09              11      ADD HL,BC
00149C 549C C1              10      POP BC
00149D 549D 3013            12      JR  NC,DISKIO2
00149F 549F 4D               4      LD  C,L     ;C=読み出し元
0014A0 54A0 29              11      ADD HL,HL   ;64KB→32KB
0014A1 54A1 29              11      ADD HL,HL   ;32KB→16KB バンク切り替えのサイズに合わせる
0014A2 54A2 CDB656          17      CALL    GET_DISK_BANK_FDRV
0014A5 54A5 84               4      ADD A,H
0014A6 54A6 320070          13      LD  (ASCII16_BANK1_SEL),A   ;ASCII-16K
0014A9 54A9 32C4F2          13      LD  (_BANK),A
0014AC 54AC 69               4      LD  L,C     ;C=読み出し元
0014AD 54AD 3E3F             7      LD  A,03FH      ;セグメントのサイズでフィルタする(16K:3F)
0014AF 54AF A5               4      AND L
0014B0 54B0 C620             7      ADD A,020H
                                #else
                                    LD  C,L     ;C=読み出し元
                                    ADD HL,HL       ;64KB→32KB
                                    ADD HL,HL       ;32KB→16KB
                                    ADD HL,HL       ;16KB→8KB  バンク切り替えのサイズに合わせる
                                    ADD A,H
                                    LD  (BANK1_SEL),A           ;ASCII-8K/Konami-8K
                                    LD  (KONAMI_SCC_BANK1_SEL),A    ;Konami-8K/Konami-SCC
                                    LD  (_BANK),A
                                    LD  A,C     ;C=読み出し元
                                    AND 01FH        ;セグメントのサイズでフィルタする(8K:1F)
                                #endif
       54B2                     DISKIO2:
0014B2 54B2 C660             7      ADD A,high BANK1_ADR
0014B4 54B4 67               4      LD  H,A
0014B5 54B5 ED4BC8F2        20      LD  BC,(SECSZ)  ;BCは読み出すセクタサイズ
0014B9 54B9 69               4      LD  L,C     ;C=0
0014BA 54BA CDC545          17      CALL    ROM_LDIR
0014BD 54BD EB               4      EX  DE,HL
0014BE 54BE F1              10      POP AF
0014BF 54BF D1              10      POP DE
0014C0 54C0 13               6      INC DE
0014C1 54C1 C1              10      POP BC
0014C2 54C2 10C6            13      DJNZ    DISKIO1
0014C4 54C4 41               4      LD  B,C
                                
0014C5 54C5 E1              10      POP HL
0014C6 54C6 AF               4      XOR A
0014C7 54C7 C9              10      RET
                                
       54C8                     DSKCHG:
0014C8 54C8 CD0155          17      CALL    IS_BPB
0014CB 54CB 3824            12      JR  C,NOTREADY
0014CD 54CD 3A23FB          13      LD  A,(DRVTBL+2)
0014D0 54D0 B7               4      OR  A
0014D1 54D1 201A            12      JR  NZ,DSKCHG1
0014D3 54D3 3A21FB          13      LD  A,(DRVTBL)
0014D6 54D6 FE02             7      CP  2
0014D8 54D8 2013            12      JR  NZ,DSKCHG1
0014DA 54DA CD0155          17      CALL    IS_BPB
0014DD 54DD 300E            12      JR  NC,DSKCHG1
0014DF 54DF 3E01             7      LD  A,1         ;ドライブテーブルを拡張 A:Tablacus DISK ROM B:MASTER SLOT ROM
0014E1 54E1 3221FB          13      LD  (DRVTBL),A
0014E4 54E4 3223FB          13      LD  (DRVTBL+2),A
0014E7 54E7 3A48F3          13      LD  A,(MASTERS)
0014EA 54EA 3224FB          13      LD  (DRVTBL+3),A
       54ED                     DSKCHG1:
0014ED 54ED AF               4      XOR A
0014EE 54EE 0601             7      LD  B,1
0014F0 54F0 C9              10      RET
       54F1                     NOTREADY:
0014F1 54F1 3E02             7      LD  A,2
0014F3 54F3 37               4      SCF
0014F4 54F4 C9              10      RET
                                
       54F5                     NO_BPB:
0014F5 54F5 E1              10      POP HL
0014F6 54F6 23               6      INC HL
0014F7 54F7 11E256          10      LD  DE,DPB2DD
0014FA 54FA 011200          10      LD  BC,DPB2DD_E-DPB2DD
0014FD 54FD EDB0                    LDIR
0014FF 54FF AF               4      XOR A
001500 5500 C9              10      RET
                                
       5501                     IS_BPB:
                                ; in
                                ; A=DRIVE 0:A 1:B
                                ; out
                                ; CF=0ディスクは存在する CF=1 ディスクは存在しない
001501 5501 CDB956          17      CALL    GET_DISK_BANK
                                
001504 5504 3A1560          13      LD  A,(BANK1_ADR+21)    ;BPB_Media
001507 5507 FE01             7      CP  1
001509 5509 D8              11      RET C
                                
00150A 550A 3A0B60          13      LD  A,(BANK1_ADR+11)    ;BPB_BytsPerSec
00150D 550D C6FF             7      ADD A,0FFH
00150F 550F D8              11      RET C
                                
001510 5510 3A0C60          13      LD  A,(BANK1_ADR+12)    ;BPB_BytsPerSec
       5513                     IS_BPB1:
001513 5513 FE01             7      CP  1
001515 5515 C8              11      RET Z
001516 5516 FE02             7      CP  2
001518 5518 C8              11      RET Z
001519 5519 FE04             7      CP  4
00151B 551B C8              11      RET Z
00151C 551C 37               4      SCF
00151D 551D C9              10      RET
                                
       551E                     GETDPB:
00151E 551E E5              11      PUSH    HL
00151F 551F CDB956          17      CALL    GET_DISK_BANK
                                
001522 5522 3A1560          13      LD  A,(BANK1_ADR+21)    ;BPB_Media
001525 5525 B7               4      OR  A
001526 5526 28CD            12      JR  Z,NO_BPB
001528 5528 DDE1            14      POP IX
00152A 552A DD7701          19      LD  (IX+1),A        ;MEDIA
                                
00152D 552D 3A0B60          13      LD  A,(BANK1_ADR+11)    ;BPB_BytsPerSec
001530 5530 DD7702          19      LD  (IX+2),A        ;SECSIZ LOW
                                
001533 5533 3A0C60          13      LD  A,(BANK1_ADR+12)    ;BPB_BytsPerSec
001536 5536 DD7703          19      LD  (IX+3),A        ;SECSIZ HIGH
                                
001539 5539 87               4      ADD A,A
00153A 553A 87               4      ADD A,A
00153B 553B 87               4      ADD A,A
00153C 553C 3D               4      DEC A
00153D 553D DD7704          19      LD  (IX+4),A        ;DIRMSK
                                
001540 5540 06FF             7      LD  B,-1
001542 5542 A7               4      AND A           ;無限ループ阻止
       5543                     GETDPB1:
001543 5543 04               4      INC B
001544 5544 1F               4      RRA
001545 5545 38FC            12      JR  C,GETDPB1
001547 5547 DD7005          19      LD  (IX+5),B        ;DIRSHFT
                                
00154A 554A 3A0D60          13      LD  A,(BANK1_ADR+13)    ;BPB_SecPerClus
00154D 554D 3D               4      DEC A
00154E 554E DD7706          19      LD  (IX+6),A        ;CLUSMSK
                                
001551 5551 A7               4      AND A           ;無限ループ阻止
001552 5552 06FF             7      LD  B,-1
       5554                     GETDPB2:
001554 5554 04               4      INC B
001555 5555 1F               4      RRA
001556 5556 38FC            12      JR  C,GETDPB2
001558 5558 04               4      INC B
001559 5559 DD7007          19      LD  (IX+7),B        ;CLUSSHFT
                                
00155C 555C 2A0E60          16      LD  HL,(BANK1_ADR+14)   ;BPB_RsvdSecCnt
00155F 555F DD7508          19      LD  (IX+8),L        ;FIRFAT LOW
001562 5562 DD7409          19      LD  (IX+9),H        ;FIRFAT HIGH
                                
001565 5565 3A1060          13      LD  A,(BANK1_ADR+16)    ;BPB_NumFATs
001568 5568 DD770A          19      LD  (IX+10),A       ;FATCNT
                                
00156B 556B 3A1160          13      LD  A,(BANK1_ADR+17)    ;BPB_RootEntCnt
00156E 556E DD770B          19      LD  (IX+11),A       ;MAXENT
                                
001571 5571 ED5B1660        20      LD  DE,(BANK1_ADR+22)   ;BPB_FATSz16
001575 5575 DD7310          19      LD  (IX+16),E       ;FATSIZ
                                
001578 5578 DD460A          19      LD  B,(IX+10)       ;FATCNT
00157B 557B 210000          10      LD  HL,0
       557E                     GETDPB3:
00157E 557E 19              11      ADD HL,DE
00157F 557F 10FD            13      DJNZ    GETDPB3
       5581                     GETDPB4:
001581 5581 DD5E08          19      LD  E,(IX+8)        ;FIRFAT
001584 5584 DD5609          19      LD  D,(IX+9)        ;FIRFAT
001587 5587 19              11      ADD HL,DE
001588 5588 DD7511          19      LD  (IX+17),L       ;FIRDIR
00158B 558B DD7412          19      LD  (IX+18),H       ;FIRDIR
                                
00158E 558E DD7E03          19      LD  A,(IX+3)        ;SECSIZ HIGH
001591 5591 87               4      ADD A,A
001592 5592 87               4      ADD A,A
001593 5593 DD5E0B          19      LD  E,(IX+11)       ;MAXENT
       5596                     GETDPB5:
001596 5596 CB3B             8      SRL E
001598 5598 1F               4      RRA
001599 5599 30FB            12      JR  NC,GETDPB5
00159B 559B 1600             7      LD  D,0
00159D 559D 19              11      ADD HL,DE
00159E 559E DD750C          19      LD  (IX+12),L       ;FIRREC
0015A1 55A1 DD740D          19      LD  (IX+13),H       ;FIRREC
                                
0015A4 55A4 2A1360          16      LD  HL,(BANK1_ADR+19)   ;BPB_TotSec16
                                
0015A7 55A7 DD5E0C          19      LD  E,(IX+12)       ;FIRREC
0015AA 55AA DD560D          19      LD  D,(IX+13)       ;FIRREC
0015AD 55AD A7               4      AND A
0015AE 55AE ED52            15      SBC HL,DE
                                
0015B0 55B0 DD7E06          19      LD  A,(IX+6)        ;CLUSMSK
0015B3 55B3 3C               4      INC A
0015B4 55B4 37               4      SCF             ;無限ループ阻止
       55B5                     GETDPB6:
0015B5 55B5 1F               4      RRA
0015B6 55B6 3806            12      JR  C,GETDPB7
0015B8 55B8 CB3C             8      SRL H
0015BA 55BA CB1D             8      RR  L
0015BC 55BC 18F7            12      JR  GETDPB6
       55BE                     GETDPB7:
0015BE 55BE 23               6      INC HL
0015BF 55BF DD750E          19      LD  (IX+14),L       ;MAXCLUS
0015C2 55C2 DD740F          19      LD  (IX+15),H       ;MAXCLUS
                                
                                    ;1セクタが512バイト以上の場合を考慮(2HD/1セクタ1024バイト/1.23MB等)
       55C5                     GETDPBD1:
0015C5 55C5 DD7E03          19      LD  A,(IX+3)        ;SECSIZ HIGH
0015C8 55C8 E6FC             7      AND 0FCH
0015CA 55CA C8              11      RET Z
                                
0015CB 55CB DDCB033E        23      SRL (IX+3)          ;SECSIZ HIGH
                                
0015CF 55CF 37               4      SCF
0015D0 55D0 DDCB0616        23      RL  (IX+6)          ;CLUSMSK
                                
0015D4 55D4 DD3407          23      INC (IX+7)          ;CLUSSHFT
                                
0015D7 55D7 DDCB0826        23      SLA (IX+8)          ;FIRFAT LOW
0015DB 55DB DDCB0916        23      RL  (IX+9)          ;FIRFAT HIGH
                                
0015DF 55DF DDCB0E25        23      SLA (IX+14),L       ;MAXCLUS
0015E3 55E3 DDCB0F14        23      RL  (IX+15),H       ;MAXCLUS
                                
0015E7 55E7 DDCB1026        23      SLA (IX+16)         ;FATSIZ
                                
0015EB 55EB DDCB1126        23      SLA (IX+17)         ;FIRDIR
0015EF 55EF DDCB1216        23      RL  (IX+18)         ;FIRDIR
                                
0015F3 55F3 DD6E11          19      LD  L,(IX+17)       ;FIRDIR
0015F6 55F6 DD6612          19      LD  H,(IX+18)       ;FIRDIR
                                
0015F9 55F9 DD7E03          19      LD  A,(IX+3)        ;SECSIZ HIGH
0015FC 55FC 87               4      ADD A,A
0015FD 55FD 87               4      ADD A,A
0015FE 55FE DD5E0B          19      LD  E,(IX+11)       ;MAXENT
       5601                     GETDPBD5:
001601 5601 CB3B             8      SRL E
001603 5603 1F               4      RRA
001604 5604 30FB            12      JR  NC,GETDPBD5
001606 5606 1600             7      LD  D,0
001608 5608 19              11      ADD HL,DE
001609 5609 DD750C          19      LD  (IX+12),L       ;FIRREC
00160C 560C DD740D          19      LD  (IX+13),H       ;FIRREC
                                
00160F 560F 18B4            12      JR  GETDPBD1
                                
       5611                     CHOICE:
001611 5611 210000          10      LD  HL,0
001614 5614 C9              10      RET
                                
       5615                     DSKFMT:
001615 5615 AF               4      XOR A
001616 5616 37               4      SCF
       5617                     DSKSTP:
001617 5617 C9              10      RET
                                
       5618                     BASENT:
001618 5618 3E                      DB  03EH
001619 5619 F7              12      RST 30H
00161A 561A 32DBFD          13      LD  (H_PINL),A
00161D 561D 3A48F3          13      LD  A,(MASTERS)
001620 5620 32DCFD          13      LD  (H_PINL+1),A
001623 5623 213F56          10      LD  HL,BOOT_BASIC
001626 5626 22DDFD          16      LD  (H_PINL+2),HL
001629 5629 3E                      DB  03EH
00162A 562A C9              10      RET
00162B 562B 32DFFD          13      LD  (H_PINL+4),A
                                
                                #if exists _RAM64K
00162E 562E 3AC1FC          13      LD  A,(EXPTBL)  ;メインROMに切り替える
001631 5631 CDF95C          17      CALL    ENASLT_00H
                                #endif
                                    ;BASICを起動する
001634 5634 FD2AC0FC        20      LD  IY,(EXPTBL-1) ;メインROMスロット
001638 5638 DD21177D        14      LD  IX,ST_BAS   ;continue start of MSX-BASIC without executing BASIC programs in ROM
00163C 563C C35901          10      JP  CALBAS
                                
       563F                     BOOT_BASIC:
00163F 563F 3E                      DB  03EH
001640 5640 C9              10      RET
001641 5641 32DBFD          13      LD  (H_PINL),A
                                
001644 5644 2A74F6          16      LD  HL,(STKTOP)
001647 5647 3A40F3          13      LD  A,(REBOOT)
00164A 564A C6FF             7      ADD A,0FFH
00164C 564C 3811            12      JR  C,REBOOT1
00164E 564E 21F456          10      LD  HL,AUTOEXEC
001651 5651 1100F3          10      LD  DE,FDRV
001654 5654 010C00          10      LD  BC,1+8+3
001657 5657 EDB0                    LDIR
001659 5659 CD8E4E          17      CALL    ROM_OPEN
00165C 565C D4E947          17      CALL    NC,ROM_LOAD1
       565F                     REBOOT1:
00165F 565F 210B57          10      LD  HL,DELOK
001662 5662 CD8B45          17      CALL    MSX
001665 5665 210057          10      LD  HL,CMD_RUN
001668 5668 111FF4          10      LD  DE,KBUF
00166B 566B 010B00          10      LD  BC,CMD_RUN_E-CMD_RUN
00166E 566E D5              11      PUSH    DE
00166F 566F EDB0                    LDIR
001671 5671 3004            12      JR  NC,REBOOT2
001673 5673 AF               4      XOR A
001674 5674 3227F4          13      LD  (KBUF+CMD_CLEAR_E-CMD_RUN),A
       5677                     REBOOT2:
001677 5677 E1              10      POP HL
001678 5678 DD210146        14      LD  IX,NEWSTT
00167C 567C C37E45          10      JP  CALSLT_BIOS
                                
       567F                     GETSLT:
00167F 567F 3A22FB          13      LD  A,(DRVTBL+1)
001682 5682 C9              10      RET
                                
       5683                     SET_CD_FDRV:
001683 5683 3A00F3          13      LD  A,(FDRV)
001686 5686 CDA556          17      CALL    GET_DRIVE
001689 5689 FE01             7      CP  1
00168B 568B 2804            12      JR  Z,SET_CD_B
00168D 568D 22EBF2          16      LD  (_CD_A),HL
001690 5690 C9              10      RET
       5691                     SET_CD_B:
001691 5691 22EDF2          16      LD  (_CD_B),HL
001694 5694 C9              10      RET
                                
       5695                     GET_CD_CDRV:
001695 5695 CDA556          17      CALL    GET_DRIVE
       5698                     GET_CD:
001698 5698 FE01             7      CP  1
00169A 569A 2AEBF2          16      LD  HL,(_CD_A)
00169D 569D C0              11      RET NZ
00169E 569E 2AEDF2          16      LD  HL,(_CD_B)
0016A1 56A1 C9              10      RET
                                
       56A2                     GET_DRIVE_FDRV:
0016A2 56A2 3A00F3          13      LD  A,(FDRV)
       56A5                     GET_DRIVE:
0016A5 56A5 D601             7      SUB 1
0016A7 56A7 D0              11      RET NC
0016A8 56A8 3AEAF2          13      LD  A,(_DVSW)
0016AB 56AB C9              10      RET
                                
       56AC                     GET_DISK_BANK_H:
0016AC 56AC 3AF2F2          13      LD  A,(_LVECTOR)
0016AF 56AF E680             7      AND 080H
0016B1 56B1 87               4      ADD A,A
0016B2 56B2 380A            12      JR  C,SET_DISK_BANK_A
0016B4 56B4 180F            12      JR  SET_DISK_BANK
       56B6                     GET_DISK_BANK_FDRV:
0016B6 56B6 CDA256          17      CALL    GET_DRIVE_FDRV
       56B9                     GET_DISK_BANK:
0016B9 56B9 FE07             7      CP  7       ;H:
0016BB 56BB 28EF            12      JR  Z,GET_DISK_BANK_H
0016BD 56BD B7               4      OR  A       ;A=DRIVE
       56BE                     SET_DISK_BANK_A:
0016BE 56BE 3E01             7      LD  A,DISK_BANK
0016C0 56C0 2803            12      JR  Z,SET_DISK_BANK
                                #if exists FIX_DRIVE
                                    LD  A,FIX_DRIVE
                                #else
0016C2 56C2 3AE9F2          13      LD  A,(B_DRIVE)
                                #endif
       56C5                     SET_DISK_BANK:
                                #if exists USE_NORMAL32K_OR_ASCII16
0016C5 56C5 320070          13      LD  (ASCII16_BANK1_SEL),A       ;ASCII-16K
                                #else
                                    LD  (BANK1_SEL),A           ;ASCII-8K/Konami-8K
                                    LD  (KONAMI_SCC_BANK1_SEL),A    ;Konami-8K/Konami-SCC
                                #endif
0016C8 56C8 F5              11      PUSH    AF
0016C9 56C9 E5              11      PUSH    HL
0016CA 56CA 2A0B60          16      LD  HL,(BANK1_ADR+11)   ;BPB_BytsPerSec
0016CD 56CD 22C8F2          16      LD  (SECSZ),HL
0016D0 56D0 3A0D60          13      LD  A,(BANK1_ADR+13)    ;BPB_SecPerClus
0016D3 56D3 CDDC56          17      CALL    MUL_AHL
0016D6 56D6 22C6F2          16      LD  (CLSZ),HL
0016D9 56D9 E1              10      POP HL
0016DA 56DA F1              10      POP AF
0016DB 56DB C9              10      RET
                                
                                ;   HL = HL * A ただし、A=1,2,4,8,16,32,64,128(2のべき乗に限る)0の場合は256倍
       56DC                     MUL_AHL:
0016DC 56DC 37               4      SCF     ;無限ループ回避
       56DD                     MUL_AHL1:
0016DD 56DD 1F               4      RRA     ;->CF
0016DE 56DE D8              11      RET C
0016DF 56DF 29              11      ADD HL,HL
0016E0 56E0 18FB            12      JR  MUL_AHL1
                                
       56E2                     DPB2DD:
0016E2 56E2 F9                      DB  0F9H    ;MEDIA
0016E3 56E3 0002                    DW  00200H  ;SECSIZ
0016E5 56E5 0F                      DB  00FH    ;DIRMSK
0016E6 56E6 04                      DB  004H    ;DIRSHFT
0016E7 56E7 01                      DB  001H    ;CLUSMSK
0016E8 56E8 02                      DB  002H    ;CLUSSHFT
0016E9 56E9 0100                    DW  00001H  ;FIRFAT
0016EB 56EB 02                      DB  002H    ;FATCNT
0016EC 56EC 70                      DB  070H    ;MAXENT
0016ED 56ED 0E00                    DW  0000EH  ;FIRREC
0016EF 56EF CA02                    DW  002CAH  ;MAXCLUS
0016F1 56F1 03                      DB  003H    ;FATSIZ
0016F2 56F2 0700                    DW  0007H   ;FIRDIR
       56F4                     DPB2DD_E:
                                
       56F4                     AUTOEXEC:
0016F4 56F4 004155544F455845        DB  0,"AUTOEXECBAS"
            43424153            
       5700                     CMD_RUN:
001700 5700 3A920FC82C0C            DB  03AH,092H,00FH,200,',',00CH ;CLEAR200,&HF280
001706 5706 40EF                    DW  NEW_HIMEM
       5708                     CMD_CLEAR_E:
001708 5708 3A8A00                  DB  03AH,08AH,0         ;RUN
       570B                     CMD_RUN_E:
       570B                     DELOK:
00170B 570B 1E1B4B00                DB  01EH,01BH,'K',0
[EOF:DISK.ASM:UTF_8]
                                    INCLUDE "BDOS.ASM"
       570F                     _ERROR:
00170F 570F AF               4      XOR A
001710 5710 47               4      LD  B,A
001711 5711 C9              10      RET
                                
       5712                     ROM_BDOS:
001712 5712 E5              11      PUSH    HL
001713 5713 79               4      LD  A,C
001714 5714 87               4      ADD A,A
001715 5715 38F8            12      JR  C,_ERROR
001717 5717 6F               4      LD  L,A
001718 5718 2642             7      LD  H,high STABLE
00171A 571A 7E               7      LD  A,(HL)
00171B 571B 2C               4      INC L
00171C 571C 66               7      LD  H,(HL)
00171D 571D 6F               4      LD  L,A
00171E 571E E3              19      EX  (SP),HL
00171F 571F 79               4      LD  A,C
001720 5720 C9              10      RET
                                
       5721                     _PRINT:
       5721                     PRINT:
001721 5721 7B               4      LD  A,E
001722 5722 1803            12      JR  MSG_A
                                
       5724                     _SYS01:     ;(BDOS)コンソール入力
001724 5724 CDA957          17      CALL    _SYS07
       5727                     MSG_A:
001727 5727 FE03             7      CP  3
001729 5729 2814            12      JR  Z,MSG_BR
       572B                     MSGA1:
00172B 572B F5              11      PUSH    AF
00172C 572C C5              11      PUSH    BC
00172D 572D D5              11      PUSH    DE
00172E 572E E5              11      PUSH    HL
00172F 572F DDE5            15      PUSH    IX
001731 5731 DD21A200        14      LD  IX,CHPUT
001735 5735 CD6D45          17      CALL    CALSLT_R
001738 5738 DDE1            14      POP IX
00173A 573A E1              10      POP HL
00173B 573B D1              10      POP DE
00173C 573C C1              10      POP BC
       573D                     MSGA2:
00173D 573D F1              10      POP AF
00173E 573E C9              10      RET
       573F                     MSG_BR:
00173F 573F F5              11      PUSH    AF
001740 5740 3ADDF3          13      LD  A,(CSRX)
001743 5743 FE02             7      CP  2
001745 5745 38F6            12      JR  C,MSGA2
001747 5747 F1              10      POP AF
       5748                     MSG_CR:
001748 5748 F5              11      PUSH    AF
001749 5749 3E0D             7      LD  A,00DH
00174B 574B CD2B57          17      CALL    MSGA1
00174E 574E 3E0A             7      LD  A,00AH
001750 5750 CD2B57          17      CALL    MSGA1
001753 5753 F1              10      POP AF
001754 5754 C9              10      RET
                                
       5755                     _SYS02:     ;(BDOS)コンソール出力
001755 5755 CD7057          17      CALL    BREAK
001758 5758 1805            12      JR  PRINTX
                                
       575A                     _SYS06:     ;(BDOS)コンソール直接入出力
00175A 575A 7B               4      LD  A,E
00175B 575B 3C               4      INC A
00175C 575C CAEF57          10      JP  Z,_INKEY
       575F                     PRINTX:
00175F 575F C32157          10      JP  _PRINT
                                
       5762                     _SYS08:     ;(BDOS)エコーなしコンソール入力
001762 5762 CDA957          17      CALL    _SYS07
001765 5765 FE03             7      CP  3
001767 5767 CC7057          17      CALL    Z,_BREAK
00176A 576A FE13             7      CP  013H        ;CTRL+S
00176C 576C C0              11      RET NZ
       576D                     PAUSE:
00176D 576D CD8757          17      CALL    KEYBC
                                
       5770                     _BREAK:
       5770                     BREAK:
001770 5770 F5              11      PUSH    AF
001771 5771 C5              11      PUSH    BC
001772 5772 D5              11      PUSH    DE
001773 5773 E5              11      PUSH    HL
001774 5774 DDE5            15      PUSH    IX
001776 5776 DD21B700        14      LD  IX,BREAKX
00177A 577A CD6D45          17      CALL    CALSLT_R
00177D 577D DDE1            14      POP IX
00177F 577F E1              10      POP HL
001780 5780 D1              10      POP DE
001781 5781 C1              10      POP BC
001782 5782 DC7057          17      CALL    C,_BREAK
001785 5785 F1              10      POP AF
001786 5786 C9              10      RET
       5787                     KEYBC:
001787 5787 F5              11      PUSH    AF
001788 5788 C5              11      PUSH    BC
001789 5789 D5              11      PUSH    DE
00178A 578A E5              11      PUSH    HL
00178B 578B DDE5            15      PUSH    IX
00178D 578D DD215601        14      LD  IX,KILBUF
001791 5791 CD6D45          17      CALL    CALSLT_R
001794 5794 DDE1            14      POP IX
001796 5796 E1              10      POP HL
001797 5797 D1              10      POP DE
001798 5798 C1              10      POP BC
001799 5799 F1              10      POP AF
00179A 579A C9              10      RET
                                
       579B                     _SYS09:     ;(BDOS)文字列出力
00179B 579B D5              11      PUSH    DE
       579C                     _SX09:
00179C 579C 1A               7      LD  A,(DE)
00179D 579D 13               6      INC DE
00179E 579E FE24             7      CP  '$'
0017A0 57A0 2805            12      JR  Z,POPDE_RET
0017A2 57A2 CD2757          17      CALL    MSG_A
0017A5 57A5 18F5            12      JR  _SX09
       57A7                     POPDE_RET:
0017A7 57A7 D1              10      POP DE
0017A8 57A8 C9              10      RET
                                
       57A9                     _SYS07:
       57A9                     FLGET:
0017A9 57A9 C5              11      PUSH    BC
0017AA 57AA D5              11      PUSH    DE
0017AB 57AB E5              11      PUSH    HL
0017AC 57AC DDE5            15      PUSH    IX
0017AE 57AE 3A0CF3          13      LD  A,(IS_BIOS)
0017B1 57B1 B7               4      OR  A
0017B2 57B2 2018            12      JR  NZ,FLGET_G1
                                
0017B4 57B4 CDD359          17      CALL    GETVRAM
0017B7 57B7 E5              11      PUSH    HL
0017B8 57B8 DD214A00        14      LD  IX,RDVRM
0017BC 57BC CD6D45          17      CALL    CALSLT_R
0017BF 57BF E1              10      POP HL
0017C0 57C0 F5              11      PUSH    AF
0017C1 57C1 E5              11      PUSH    HL
0017C2 57C2 3EFF             7      LD  A,0FFH
0017C4 57C4 DD214D00        14      LD  IX,WRTVRM
0017C8 57C8 CD6D45          17      CALL    CALSLT_R
0017CB 57CB E1              10      POP HL
       57CC                     FLGET_G1:
0017CC 57CC E5              11      PUSH    HL
0017CD 57CD DD219F00        14      LD  IX,CHGET
0017D1 57D1 CD6D45          17      CALL    CALSLT_R
0017D4 57D4 67               4      LD  H,A
0017D5 57D5 E3              19      EX  (SP),HL
0017D6 57D6 3A0CF3          13      LD  A,(IS_BIOS)
0017D9 57D9 B7               4      OR  A
0017DA 57DA 200A            12      JR  NZ,FLGET_G2
0017DC 57DC C1              10      POP BC
0017DD 57DD F1              10      POP AF
0017DE 57DE C5              11      PUSH    BC
0017DF 57DF DD214D00        14      LD  IX,WRTVRM
0017E3 57E3 CD6D45          17      CALL    CALSLT_R
       57E6                     FLGET_G2:
0017E6 57E6 F1              10      POP AF
0017E7 57E7 DDE1            14      POP IX
0017E9 57E9 E1              10      POP HL
0017EA 57EA D1              10      POP DE
0017EB 57EB C1              10      POP BC
0017EC 57EC FE03             7      CP  3
0017EE 57EE C9              10      RET
                                ;   RET NZ
                                ;   JP  CPM_BOOT
                                
       57EF                     _INKEY:
       57EF                     INKEY:
0017EF 57EF CDCC58          17      CALL    CPM_CONST
0017F2 57F2 C8              11      RET Z
0017F3 57F3 18B4            12      JR  FLGET
                                
       57F5                     _SYS0A:     ;(BDOS)文字列入力
0017F5 57F5 C5              11      PUSH    BC
0017F6 57F6 E5              11      PUSH    HL
0017F7 57F7 D5              11      PUSH    DE
                                
0017F8 57F8 3A0CF3          13      LD  A,(IS_BIOS)
0017FB 57FB B7               4      OR  A
0017FC 57FC 2824            12      JR  Z,SX0A_CBIOS
0017FE 57FE 3ADDF3          13      LD  A,(CSRX)
001801 5801 5F               4      LD  E,A
001802 5802 1600             7      LD  D,0
001804 5804 D5              11      PUSH    DE
001805 5805 DDE5            15      PUSH    IX
001807 5807 DD21AE00        14      LD  IX,PLININ
00180B 580B CD6D45          17      CALL    CALSLT_R
00180E 580E DDE1            14      POP IX
001810 5810 D1              10      POP DE
001811 5811 215DF5          10      LD  HL,BUF-1
001814 5814 F5              11      PUSH    AF
001815 5815 19              11      ADD HL,DE
001816 5816 F1              10      POP AF
001817 5817 EB               4      EX  DE,HL
001818 5818 E1              10      POP HL
001819 5819 E5              11      PUSH    HL
00181A 581A 0E00             7      LD  C,0
00181C 581C 3014            12      JR  NC,SAX0
00181E 581E 23               6      INC HL
00181F 581F 23               6      INC HL
001820 5820 1818            12      JR  SAX4
       5822                     SX0A_CBIOS:
001822 5822 CD5058          17      CALL    GETL
001825 5825 111FF4          10      LD  DE,KBUF
001828 5828 E1              10      POP HL
001829 5829 E5              11      PUSH    HL
00182A 582A 0E00             7      LD  C,0
00182C 582C 3004            12      JR  NC,SAX0
00182E 582E 23               6      INC HL
00182F 582F 23               6      INC HL
001830 5830 1808            12      JR  SAX4
       5832                     SAX0:
001832 5832 46               7      LD  B,(HL)
001833 5833 23               6      INC HL
       5834                     SAX1:
001834 5834 23               6      INC HL
001835 5835 1A               7      LD  A,(DE)
001836 5836 13               6      INC DE
001837 5837 B7               4      OR  A
001838 5838 2004            12      JR  NZ,SAX2
       583A                     SAX4:
00183A 583A 360D            10      LD  (HL),00DH
00183C 583C 1804            12      JR  SAX3
       583E                     SAX2:
00183E 583E 77               7      LD  (HL),A
00183F 583F 0C               4      INC C
001840 5840 10F2            13      DJNZ    SAX1
       5842                     SAX3:
001842 5842 D1              10      POP DE
001843 5843 79               4      LD  A,C
001844 5844 13               6      INC DE
001845 5845 12               7      LD  (DE),A
001846 5846 1B               6      DEC DE
001847 5847 E1              10      POP HL
001848 5848 C1              10      POP BC
001849 5849 3E1E             7      LD  A,01EH
00184B 584B CD2757          17      CALL    MSG_A
00184E 584E AF               4      XOR A
00184F 584F C9              10      RET
                                ;           ;C-BIOSはPLININが意図通りに動作しないので
       5850                     GETL:
001850 5850 DDE5            15      PUSH    IX
001852 5852 FDE5            15      PUSH    IY
                                
001854 5854 3AAFFC          13      LD  A,(SCRMOD)
001857 5857 B7               4      OR  A
001858 5858 280E            12      JR  Z,GETL0
00185A 585A DD216C00        14      LD  IX,INITXT
00185E 585E CD6D45          17      CALL    CALSLT_R
001861 5861 DD217800        14      LD  IX,SETTXT
001865 5865 CD6D45          17      CALL    CALSLT_R
       5868                     GETL0:
001868 5868 2ADCF3          16      LD  HL,(CSRY)
00186B 586B 22CAFB          16      LD  (FSTPOS),HL
       586E                     GETL1:
00186E 586E CD6257          17      CALL    _SYS08
001871 5871 FE09             7      CP  9
001873 5873 2008            12      JR  NZ,GETL1V
001875 5875 211FF4          10      LD  HL,KBUF
001878 5878 CD8B45          17      CALL    MSX
00187B 587B 18F1            12      JR  GETL1
       587D                     GETL1V:
00187D 587D 5F               4      LD  E,A
00187E 587E FE08             7      CP  8
001880 5880 CC7959          17      CALL    Z,CTRL02
001883 5883 FE20             7      CP  020H
001885 5885 D4A559          17      CALL    NC,INSERT
001888 5888 CD2B57          17      CALL    MSGA1
                                
00188B 588B 7B               4      LD  A,E
00188C 588C FE0D             7      CP  00DH
00188E 588E 20DE            12      JR  NZ,GETL1
                                
001890 5890 111FF4          10      LD  DE,KBUF
001893 5893 3AB0F3          13      LD  A,(LINLEN)
001896 5896 47               4      LD  B,A
001897 5897 CD675C          17      CALL    ZERO_MEMORY_DE
                                
00189A 589A 2ACAFB          16      LD  HL,(FSTPOS)
00189D 589D 3ADCF3          13      LD  A,(CSRY)
0018A0 58A0 6F               4      LD  L,A
0018A1 58A1 E5              11      PUSH    HL
0018A2 58A2 CDD659          17      CALL    LOC0
0018A5 58A5 4D               4      LD  C,L
0018A6 58A6 44               4      LD  B,H
0018A7 58A7 E1              10      POP HL
0018A8 58A8 3AB0F3          13      LD  A,(LINLEN)
0018AB 58AB 94               4      SUB H
0018AC 58AC 3D               4      DEC A
0018AD 58AD 5F               4      LD  E,A
0018AE 58AE 211FF4          10      LD  HL,KBUF
       58B1                     GETL2:
0018B1 58B1 CD6959          17      CALL    _SCRN
0018B4 58B4 03               6      INC BC
0018B5 58B5 77               7      LD  (HL),A
0018B6 58B6 23               6      INC HL
0018B7 58B7 1D               4      DEC E
0018B8 58B8 20F7            12      JR  NZ,GETL2
0018BA 58BA CD4857          17      CALL    MSG_CR
                                
0018BD 58BD FDE1            14      POP IY
0018BF 58BF DDE1            14      POP IX
       58C1                     GETL3:
0018C1 58C1 2B               6      DEC HL
0018C2 58C2 7E               7      LD  A,(HL)
0018C3 58C3 FE21             7      CP  021H
0018C5 58C5 D0              11      RET NC
0018C6 58C6 3600            10      LD  (HL),0
0018C8 58C8 15               4      DEC D
0018C9 58C9 20F6            12      JR  NZ,GETL3
0018CB 58CB C9              10      RET
                                
       58CC                     _SYS0B:     ;(BDOS)コンソール状態のチェック
       58CC                     CONSTX:
       58CC                     CPM_CONST:
0018CC 58CC C5              11      PUSH    BC
0018CD 58CD D5              11      PUSH    DE
0018CE 58CE E5              11      PUSH    HL
0018CF 58CF DDE5            15      PUSH    IX
0018D1 58D1 DD219C00        14      LD  IX,CHSNS
0018D5 58D5 CD6D45          17      CALL    CALSLT_R
0018D8 58D8 DDE1            14      POP IX
0018DA 58DA E1              10      POP HL
0018DB 58DB D1              10      POP DE
0018DC 58DC C1              10      POP BC
0018DD 58DD C9              10      RET
                                
       58DE                     _SYS2A:     ;(BDOS)日付の獲得
0018DE 58DE 0E0B             7      LD  C,11        ;年/Year→HL
0018E0 58E0 CD1F59          17      CALL    RDCLK_BCD
0018E3 58E3 6F               4      LD  L,A
0018E4 58E4 2600             7      LD  H,0
0018E6 58E6 3AF8FA          13      LD  A,(EXBRSA)
0018E9 58E9 B7               4      OR  A
0018EA 58EA 2804            12      JR  Z,SX2A1
0018EC 58EC 11BC07          10      LD  DE,1980     ;1980年～2079年
0018EF 58EF 19              11      ADD HL,DE
       58F0                     SX2A1:
0018F0 58F0 0E09             7      LD  C,9     ;月/Month→D
0018F2 58F2 CD1F59          17      CALL    RDCLK_BCD
0018F5 58F5 57               4      LD  D,A
                                
0018F6 58F6 0E07             7      LD  C,7     ;日/Day→E
0018F8 58F8 CD1F59          17      CALL    RDCLK_BCD
0018FB 58FB 5F               4      LD  E,A
                                
0018FC 58FC 0E06             7      LD  C,6     ;曜日/Week→A
       58FE                     RDCLK:
0018FE 58FE DDE5            15      PUSH    IX
001900 5900 DD21F501        14      LD  IX,REDCLK
       5904                     WRCLK1:
001904 5904 3AF8FA          13      LD  A,(EXBRSA)
001907 5907 B7               4      OR  A
001908 5908 280A            12      JR  Z,RDCLK1    ;MSX1
00190A 590A FDE5            15      PUSH    IY
00190C 590C FD67             9      LD  IYH,A
00190E 590E 78               4      LD  A,B
00190F 590F CD1C00          17      CALL    _CALSLT
001912 5912 FDE1            14      POP IY
       5914                     RDCLK1:
001914 5914 DDE1            14      POP IX
001916 5916 C9              10      RET
       5917                     WRCLK:
001917 5917 DDE5            15      PUSH    IX
001919 5919 DD21F901        14      LD  IX,WRTCLK
00191D 591D 18E5            12      JR  WRCLK1
                                
       591F                     RDCLK_BCD:
00191F 591F CDFE58          17      CALL    RDCLK       ;1の位
001922 5922 47               4      LD  B,A
001923 5923 0C               4      INC C
001924 5924 CDFE58          17      CALL    RDCLK       ;10の位
001927 5927 87               4      ADD A,A     ;*2
001928 5928 4F               4      LD  C,A
001929 5929 87               4      ADD A,A     ;*4
00192A 592A 87               4      ADD A,A     ;*8
00192B 592B 81               4      ADD A,C     ;*10(8+2)
00192C 592C 80               4      ADD A,B     ;1の位
00192D 592D C9              10      RET
                                
       592E                     _SYS2C:     ;(BDOS)時刻の獲得
00192E 592E 011501          10      LD  BC,00115H       ;12時間計/24時間計の設定を24時間計に
001931 5931 CD1759          17      CALL    WRCLK
001934 5934 0E04             7      LD  C,4     ;H=時/Hour
001936 5936 CD1F59          17      CALL    RDCLK_BCD
001939 5939 67               4      LD  H,A
00193A 593A 0E02             7      LD  C,2     ;L=分/Minute
00193C 593C CD1F59          17      CALL    RDCLK_BCD
00193F 593F 6F               4      LD  L,A
001940 5940 0E00             7      LD  C,0     ;D=秒/Second
001942 5942 CD1F59          17      CALL    RDCLK_BCD
001945 5945 57               4      LD  D,A
001946 5946 AF               4      XOR A       ;E=1/100秒
001947 5947 5F               4      LD  E,A
001948 5948 C9              10      RET
                                
       5949                     POS:
001949 5949 F5              11      PUSH    AF
00194A 594A 2ADCF3          16      LD  HL,(CSRY)
00194D 594D 7D               4      LD  A,L
00194E 594E 6C               4      LD  L,H
00194F 594F 67               4      LD  H,A
001950 5950 2C               4      INC L
001951 5951 24               4      INC H
001952 5952 F1              10      POP AF
001953 5953 C9              10      RET
                                
       5954                     LOC:
001954 5954 F5              11      PUSH    AF
001955 5955 E5              11      PUSH    HL
001956 5956 7D               4      LD  A,L
001957 5957 6C               4      LD  L,H
001958 5958 67               4      LD  H,A
001959 5959 2D               4      DEC L
00195A 595A 25               4      DEC H
00195B 595B DDE5            15      PUSH    IX
00195D 595D DD21C600        14      LD  IX,POSIT
001961 5961 CD6D45          17      CALL    CALSLT_R
001964 5964 DDE1            14      POP IX
001966 5966 E1              10      POP HL
001967 5967 F1              10      POP AF
001968 5968 C9              10      RET
                                
       5969                     _SCRN:
       5969                     SCRN:
001969 5969 E5              11      PUSH    HL
00196A 596A DDE5            15      PUSH    IX
                                
00196C 596C 69               4      LD  L,C
00196D 596D 60               4      LD  H,B
00196E 596E DD214A00        14      LD  IX,RDVRM
001972 5972 CD6D45          17      CALL    CALSLT_R
                                
001975 5975 DDE1            14      POP IX
001977 5977 E1              10      POP HL
001978 5978 C9              10      RET
                                
       5979                     CTRL02:
001979 5979 F5              11      PUSH    AF
00197A 597A D5              11      PUSH    DE
00197B 597B 2ADCF3          16      LD  HL,(CSRY)
00197E 597E 3AB0F3          13      LD  A,(LINLEN)
001981 5981 4F               4      LD  C,A
001982 5982 94               4      SUB H   ;CSRX
001983 5983 C602             7      ADD A,2
001985 5985 47               4      LD  B,A ;カーソルより右の文字数
001986 5986 61               4      LD  H,C ;LINLEN
001987 5987 C5              11      PUSH    BC
001988 5988 CDD659          17      CALL    LOC0
00198B 598B C1              10      POP BC
                                
00198C 598C 1620             7      LD  D,020H
       598E                     C8X1:
00198E 598E DD214A00        14      LD  IX,RDVRM
001992 5992 CD6D45          17      CALL    CALSLT_R
001995 5995 4F               4      LD  C,A
001996 5996 7A               4      LD  A,D
001997 5997 DD214D00        14      LD  IX,WRTVRM
00199B 599B CD6D45          17      CALL    CALSLT_R
00199E 599E 2B               6      DEC HL
00199F 599F 51               4      LD  D,C
0019A0 59A0 10EC            13      DJNZ    C8X1
0019A2 59A2 D1              10      POP DE
0019A3 59A3 F1              10      POP AF
0019A4 59A4 C9              10      RET
                                
       59A5                     INSERT:
0019A5 59A5 F5              11      PUSH    AF
0019A6 59A6 D5              11      PUSH    DE
0019A7 59A7 2ADCF3          16      LD  HL,(CSRY)
0019AA 59AA 3AB0F3          13      LD  A,(LINLEN)
0019AD 59AD 4F               4      LD  C,A
0019AE 59AE 94               4      SUB H   ;CSRX
0019AF 59AF 3C               4      INC A
0019B0 59B0 47               4      LD  B,A ;カーソルより右の文字数
0019B1 59B1 C5              11      PUSH    BC
0019B2 59B2 CDD659          17      CALL    LOC0
0019B5 59B5 C1              10      POP BC
                                
0019B6 59B6 1620             7      LD  D,020H
       59B8                     INS1:
0019B8 59B8 DD214A00        14      LD  IX,RDVRM
0019BC 59BC CD6D45          17      CALL    CALSLT_R
0019BF 59BF 4F               4      LD  C,A
0019C0 59C0 7A               4      LD  A,D
0019C1 59C1 DD214D00        14      LD  IX,WRTVRM
0019C5 59C5 CD6D45          17      CALL    CALSLT_R
0019C8 59C8 23               6      INC HL
0019C9 59C9 51               4      LD  D,C
0019CA 59CA 10EC            13      DJNZ    INS1
0019CC 59CC D1              10      POP DE
0019CD 59CD F1              10      POP AF
0019CE 59CE C9              10      RET
                                
       59CF                     CONOUT1:
0019CF 59CF 59               4      LD  E,C
0019D0 59D0 C32157          10      JP  _PRINT
                                
       59D3                     GETVRAM:
0019D3 59D3 2ADCF3          16      LD  HL,(CSRY)
       59D6                     LOC0:
0019D6 59D6 2D               4      DEC L
0019D7 59D7 25               4      DEC H
0019D8 59D8 4C               4      LD  C,H ;CSRX-1
0019D9 59D9 5D               4      LD  E,L ;CSRY-1
       59DA                     LOC1:
0019DA 59DA 3AB0F3          13      LD  A,(LINLEN)
0019DD 59DD 67               4      LD  H,A
0019DE 59DE 1600             7      LD  D,0
0019E0 59E0 6A               4      LD  L,D ;0
0019E1 59E1 0608             7      LD  B,8
       59E3                     LOC2:
0019E3 59E3 29              11      ADD HL,HL
0019E4 59E4 3001            12      JR  NC,LOC3
0019E6 59E6 19              11      ADD HL,DE
       59E7                     LOC3:
0019E7 59E7 10FA            13      DJNZ    LOC2
0019E9 59E9 09              11      ADD HL,BC
0019EA 59EA C9              10      RET
                                
       59EB                     _SYS0C:     ;(BDOS)バージョン番号の獲得
0019EB 59EB 212200          10      LD  HL,00022H
0019EE 59EE AF               4      XOR A
0019EF 59EF 7D               4      LD  A,L
0019F0 59F0 C9              10      RET
                                
       59F1                     _SYS0D:     ;(BDOS)ディスク・リセット
0019F1 59F1 218000          10      LD  HL,00080H
0019F4 59F4 22D4F2          16      LD  (_DTA),HL
0019F7 59F7 C9              10      RET
                                
       59F8                     _SYS0E:     ;(BDOS)カレントドライブの設定
0019F8 59F8 7B               4      LD  A,E
       59F9                     _SYS0EX1:
0019F9 59F9 FE08             7      CP  8
0019FB 59FB 3F               4      CCF
0019FC 59FC D8              11      RET C
0019FD 59FD 32EAF2          13      LD  (_DVSW),A
001A00 5A00 C9              10      RET
                                
       5A01                     _SYS0F:     ;(BDOS)ファイルのオープン
001A01 5A01 D5              11      PUSH    DE
001A02 5A02 FDE1            14      POP IY
001A04 5A04 CD3F5C          17      CALL    INIT_FILE
001A07 5A07 CD8E4E          17      CALL    ROM_OPEN
001A0A 5A0A 385F            12      JR  C,SCF_FF_RET
                                ;               Open(Read)
001A0C 5A0C FD361CFF        19      LD  (IY+28),0FFH
                                ;               FILENAME
001A10 5A10 FDE5            15      PUSH    IY
001A12 5A12 D1              10      POP DE
001A13 5A13 13               6      INC DE
001A14 5A14 010B00          10      LD  BC,11
001A17 5A17 EDB0                    LDIR
                                ;               Attribute
001A19 5A19 7E               7      LD  A,(HL)
001A1A 5A1A FD770D          19      LD  (IY+13),A
                                ;               TIME
001A1D 5A1D 110B00          10      LD  DE,11
001A20 5A20 19              11      ADD HL,DE
001A21 5A21 7E               7      LD  A,(HL)
001A22 5A22 23               6      INC HL
001A23 5A23 FD7716          19      LD  (IY+22),A
001A26 5A26 7E               7      LD  A,(HL)
001A27 5A27 23               6      INC HL
001A28 5A28 FD7717          19      LD  (IY+23),A
                                ;               DATE
001A2B 5A2B 7E               7      LD  A,(HL)
001A2C 5A2C 23               6      INC HL
001A2D 5A2D FD7714          19      LD  (IY+20),A
001A30 5A30 7E               7      LD  A,(HL)
001A31 5A31 23               6      INC HL
001A32 5A32 FD7715          19      LD  (IY+21),A
                                ;               First cluster
001A35 5A35 7E               7      LD  A,(HL)
001A36 5A36 23               6      INC HL
001A37 5A37 FD771A          19      LD  (IY+26),A
001A3A 5A3A 7E               7      LD  A,(HL)
001A3B 5A3B 23               6      INC HL
001A3C 5A3C FD771B          19      LD  (IY+27),A
                                ;               SIZE
001A3F 5A3F 7E               7      LD  A,(HL)
001A40 5A40 23               6      INC HL
001A41 5A41 FD7710          19      LD  (IY+16),A
001A44 5A44 7E               7      LD  A,(HL)
001A45 5A45 23               6      INC HL
001A46 5A46 FD7711          19      LD  (IY+17),A
001A49 5A49 7E               7      LD  A,(HL)
001A4A 5A4A 23               6      INC HL
001A4B 5A4B FD7712          19      LD  (IY+18),A
001A4E 5A4E 7E               7      LD  A,(HL)
001A4F 5A4F FD7713          19      LD  (IY+19),A
001A52 5A52 2AEFF2          16      LD  HL,(DIRENT1)
001A55 5A55 FD751E          19      LD  (IY+30),L
001A58 5A58 FD741F          19      LD  (IY+31),H
001A5B 5A5B 3AF1F2          13      LD  A,(_DIR_BANK)
001A5E 5A5E FD771D          19      LD  (IY+29),A
001A61 5A61 AF               4      XOR A
001A62 5A62 FD770C          19      LD  (IY+12),A
001A65 5A65 C9              10      RET
                                
       5A66                     _SYS10:     ;(BDOS)ファイルのクローズ
001A66 5A66 AF               4      XOR A
001A67 5A67 C9              10      RET
                                
       5A68                     S11X1:
001A68 5A68 FD7119          19      LD  (IY+25),C       ;RootEntCnt
       5A6B                     SCF_FF_RET:
001A6B 5A6B 37               4      SCF
001A6C 5A6C 9F               4      SBC A,A
001A6D 5A6D C9              10      RET
                                
       5A6E                     _SYS11:     ;(BDOS)最初のファイルの検索
001A6E 5A6E ED53D7F2        20      LD  (_FCB),DE
001A72 5A72 D5              11      PUSH    DE
001A73 5A73 FDE1            14      POP IY
001A75 5A75 CD3F5C          17      CALL    INIT_FILE
001A78 5A78 FD361800        19      LD  (IY+24),0
001A7C 5A7C CD5151          17      CALL    GET_DIR_DAT
       5A7F                     S12X1:
001A7F 5A7F CD024F          17      CALL    FILESE
001A82 5A82 FD3418          23      INC (IY+24)
001A85 5A85 30E1            12      JR  NC,S11X1
001A87 5A87 0D               4      DEC C
001A88 5A88 FD7119          19      LD  (IY+25),C       ;RootEntCnt
001A8B 5A8B FDCB0D66        20      BIT 4,(IY+13)
001A8F 5A8F 280A            12      JR  Z,S12X2
001A91 5A91 E5              11      PUSH    HL
001A92 5A92 DDE1            14      POP IX
001A94 5A94 DD7E0B          19      LD  A,(IX+11)
001A97 5A97 FE0F             7      CP  00FH
001A99 5A99 2810            12      JR  Z,S11NEXT
       5A9B                     S12X2:
001A9B 5A9B 012000          10      LD  BC,32
001A9E 5A9E ED5BD4F2        20      LD  DE,(_DTA)
001AA2 5AA2 FD7E00          19      LD  A,(IY+0)
001AA5 5AA5 12               7      LD  (DE),A      ;ドライブ番号
001AA6 5AA6 13               6      INC DE
001AA7 5AA7 EDB0                    LDIR            ;ディレクトリエントリ
001AA9 5AA9 AF               4      XOR A
001AAA 5AAA C9              10      RET
       5AAB                     S11NEXT:
001AAB 5AAB CD204F          17      CALL    FNEXT
001AAE 5AAE 20CF            12      JR  NZ,S12X1
001AB0 5AB0 37               4      SCF
001AB1 5AB1 9F               4      SBC A,A
001AB2 5AB2 C9              10      RET
                                
       5AB3                     _SYS12:
001AB3 5AB3 FD2AD7F2        20      LD  IY,(_FCB)
001AB7 5AB7 FDE5            15      PUSH    IY
001AB9 5AB9 D1              10      POP DE
001ABA 5ABA CD3F5C          17      CALL    INIT_FILE
       5ABD                     S12X3:
001ABD 5ABD CD5151          17      CALL    GET_DIR_DAT
001AC0 5AC0 FD4618          19      LD  B,(IY+24)
       5AC3                     S12X4:
001AC3 5AC3 C5              11      PUSH    BC
001AC4 5AC4 CD204F          17      CALL    FNEXT
001AC7 5AC7 C1              10      POP BC
001AC8 5AC8 2807            12      JR  Z,S12X5
001ACA 5ACA 7E               7      LD  A,(HL)
001ACB 5ACB FEE5             7      CP  0E5H
001ACD 5ACD 28F4            12      JR  Z,S12X4
001ACF 5ACF 10F2            13      DJNZ    S12X4
       5AD1                     S12X5:
001AD1 5AD1 FD4E19          19      LD  C,(IY+25)
001AD4 5AD4 18A9            12      JR  S12X1
                                
       5AD6                     _SYS14:     ;(BDOS)シーケンシャルな読み出し
001AD6 5AD6 CD2851          17      CALL    SET_FCB
001AD9 5AD9 CDF650          17      CALL    GETSEQ
001ADC 5ADC CDE350          17      CALL    RB_READ
001ADF 5ADF E5              11      PUSH    HL
001AE0 5AE0 CD0351          17      CALL    SETSEQ
001AE3 5AE3 E1              10      POP HL
       5AE4                     SREAD:
001AE4 5AE4 C601             7      ADD A,001H
001AE6 5AE6 D8              11      RET C
                                
001AE7 5AE7 7D               4      LD  A,L
001AE8 5AE8 D601             7      SUB 001H
001AEA 5AEA 9F               4      SBC A,A
001AEB 5AEB E603             7      AND 3
001AED 5AED 1F               4      RRA
001AEE 5AEE C9              10      RET
                                
       5AEF                     _SYS18:     ;(BDOS)ログインベクトルの獲得
       5AEF                     _SYS1D:     ;(BDOS)書き込みが禁止されているディスクの調査
001AEF 5AEF 2AF2F2          16      LD  HL,(_LVECTOR)
001AF2 5AF2 AF               4      XOR A
001AF3 5AF3 67               4      LD  H,A
001AF4 5AF4 C9              10      RET
                                
       5AF5                     _SYS19:     ;(BDOS)カレントドライブ番号の獲得
001AF5 5AF5 3AEAF2          13      LD  A,(_DVSW)
001AF8 5AF8 A7               4      AND A
001AF9 5AF9 C9              10      RET
                                
       5AFA                     _SYS1A:     ;(BDOS)DTAの設定
001AFA 5AFA ED53D4F2        20      LD  (_DTA),DE
001AFE 5AFE AF               4      XOR A
001AFF 5AFF C9              10      RET
                                
       5B00                     _SYS1B:     ;(BDOS)ディスク情報の獲得
001B00 5B00 7B               4      LD  A,E
001B01 5B01 D601             7      SUB 1
001B03 5B03 DCF55A          17      CALL    C,_SYS19
001B06 5B06 5F               4      LD  E,A
001B07 5B07 CD0155          17      CALL    IS_BPB
001B0A 5B0A 3827            12      JR  C,S1B_E
001B0C 5B0C F5              11      PUSH    AF
001B0D 5B0D 215EF5          10      LD  HL,SYS1B_DPB
001B10 5B10 3A1560          13      LD  A,(BANK1_ADR+21)    ;BPB_Media
001B13 5B13 47               4      LD  B,A
001B14 5B14 4F               4      LD  C,A
001B15 5B15 3271F5          13      LD  (SYS1B_FAT),A
001B18 5B18 7B               4      LD  A,E
001B19 5B19 CD1E55          17      CALL    GETDPB
001B1C 5B1C DD215EF5        14      LD  IX,SYS1B_DPB
001B20 5B20 FD2171F5        14      LD  IY,SYS1B_FAT
001B24 5B24 ED4B60F5        20      LD  BC,(SYS1B_DPB+1+1)  ;SECSIZ
001B28 5B28 ED5B6CF5        20      LD  DE,(SYS1B_DPB+1+13) ;MAXCLUS
001B2C 5B2C 1B               6      DEC DE
001B2D 5B2D 1B               6      DEC DE
001B2E 5B2E 210000          10      LD  HL,0            ;書き込み不可なので0を返す
001B31 5B31 F1              10      POP AF
001B32 5B32 C9              10      RET
       5B33                     S1B_E:
001B33 5B33 9F               4      SBC A,A
001B34 5B34 C9              10      RET
                                
       5B35                     _SYS21:     ;(BDOS)ランダムな読み出し
001B35 5B35 CD2851          17      CALL    SET_FCB
                                
001B38 5B38 FD6E21          19      LD  L,(IY+33)   ;(FCB)Random record
001B3B 5B3B FD6622          19      LD  H,(IY+34)
                                
001B3E 5B3E CDE350          17      CALL    RB_READ
001B41 5B41 18A1            12      JR  SREAD
                                
       5B43                     _SYS23:     ;(BDOS)ファイル・サイズの獲得
001B43 5B43 CD015A          17      CALL    _SYS0F
001B46 5B46 D8              11      RET C
                                
001B47 5B47 D5              11      PUSH    DE      ;EX DE,IY
001B48 5B48 FDE3            23      EX  (SP),IY     ;
                                ;   POP DE      ;
                                ;   PUSH    DE      ;DEを破壊しないように注意vv
001B4A 5B4A CD1851          17      CALL    GETSIZE
       5B4D                     _S24X1:
001B4D 5B4D FD7521          19      LD  (IY+33),L   ;(FCB)Random record
001B50 5B50 FD7422          19      LD  (IY+34),H
001B53 5B53 FD362300        19      LD  (IY+35),0
                                ;   POP DE      ;^^^^^^^^^^^^^^^^^^^^^^^^
                                ;   PUSH    DE      ;EX DE,IY
001B57 5B57 FDE3            23      EX  (SP),IY     ;
001B59 5B59 D1              10      POP DE      ;
                                
001B5A 5B5A AF               4      XOR A
001B5B 5B5B C9              10      RET
                                
       5B5C                     _SYS24:     ;(BDOS)ランダム・レコード・フィールドの設定
001B5C 5B5C E5              11      PUSH    HL
001B5D 5B5D D5              11      PUSH    DE      ;EX DE,IY
001B5E 5B5E FDE3            23      EX  (SP),IY     ;
                                ;   POP DE      ;
                                ;   PUSH    DE      ;DEを破壊しないように注意vv
001B60 5B60 CDF650          17      CALL    GETSEQ
001B63 5B63 18E8            12      JR  _S24X1      ;^^^^^^^^^^^^^^^^^^^^^^^^
                                
       5B65                     _SYS27:     ;(BDOS)ランダムブロック読み込み
001B65 5B65 CD2851          17      CALL    SET_FCB
001B68 5B68 E5              11      PUSH    HL
001B69 5B69 FD7E00          19      LD  A,(IY+0)
001B6C 5B6C 3200F3          13      LD  (FDRV),A
001B6F 5B6F FD7E18          19      LD  A,(IY+24)
001B72 5B72 32C4F2          13      LD  (_BANK),A
001B75 5B75 FD6E21          19      LD  L,(IY+33)
001B78 5B78 FD6622          19      LD  H,(IY+34)
001B7B 5B7B 22CAF2          16      LD  (RR_LOW),HL
001B7E 5B7E FD6E23          19      LD  L,(IY+35)
001B81 5B81 FD6624          19      LD  H,(IY+36)
001B84 5B84 22CCF2          16      LD  (RR_HIGH),HL
001B87 5B87 E1              10      POP HL
001B88 5B88 CD514C          17      CALL    ROM_READ
001B8B 5B8B ED5BCAF2        20      LD  DE,(RR_LOW)
001B8F 5B8F FD7321          19      LD  (IY+33),E
001B92 5B92 FD7222          19      LD  (IY+34),D
001B95 5B95 ED5BCCF2        20      LD  DE,(RR_HIGH)
001B99 5B99 FD7323          19      LD  (IY+35),E
001B9C 5B9C FD7224          19      LD  (IY+36),D
001B9F 5B9F 3AC4F2          13      LD  A,(_BANK)
001BA2 5BA2 FD7718          19      LD  (IY+24),A
001BA5 5BA5 9F               4      SBC A,A
001BA6 5BA6 D8              11      RET C
001BA7 5BA7 3AC3F2          13      LD  A,(_RESULT)
001BAA 5BAA C9              10      RET
                                
       5BAB                     _SYS29:
001BAB 5BAB E5              11      PUSH    HL
001BAC 5BAC 23               6      INC HL
001BAD 5BAD CDF55B          17      CALL    _SYS5C
001BB0 5BB0 E3              19      EX  (SP),HL
001BB1 5BB1 79               4      LD  A,C
001BB2 5BB2 CDAC5C          17      CALL    LD_HL_A
001BB5 5BB5 010E00          10      LD  BC,14
001BB8 5BB8 09              11      ADD HL,BC
001BB9 5BB9 C1              10      POP BC
001BBA 5BBA 03               6      INC BC
001BBB 5BBB 79               4      LD  A,C
001BBC 5BBC CDAC5C          17      CALL    LD_HL_A
001BBF 5BBF 23               6      INC HL
001BC0 5BC0 78               4      LD  A,B
001BC1 5BC1 CDAC5C          17      CALL    LD_HL_A
001BC4 5BC4 AF               4      XOR A
001BC5 5BC5 C9              10      RET
                                
       5BC6                     _SYS2F:
001BC6 5BC6 44               4      LD  B,H
001BC7 5BC7 7D               4      LD  A,L
001BC8 5BC8 2AD4F2          16      LD  HL,(_DTA)
001BCB 5BCB C37B54          10      JP  DISKIO
                                
       5BCE                     _SYS59:     ;(BDOS)カレントディレクトリの取得
001BCE 5BCE 78               4      LD  A,B
001BCF 5BCF CD9556          17      CALL    GET_CD_CDRV
001BD2 5BD2 7C               4      LD  A,H
001BD3 5BD3 B5               4      OR  L
001BD4 5BD4 2808            12      JR  Z,S59E
001BD6 5BD6 3E23             7      LD  A,'#'
001BD8 5BD8 12               7      LD  (DE),A
001BD9 5BD9 13               6      INC DE
001BDA 5BDA CDC65C          17      CALL    HEXHL
001BDD 5BDD AF               4      XOR A
       5BDE                     S59E:
001BDE 5BDE 12               7      LD  (DE),A
001BDF 5BDF C9              10      RET
                                
       5BE0                     _SYS5A:     ;(BDOS)カレントディレクトリの変更
001BE0 5BE0 CD765C          17      CALL    GET_PARAM_IX
001BE3 5BE3 CD104D          17      CALL    FILE_BDOS
001BE6 5BE6 CD0452          17      CALL    ROM_CD
001BE9 5BE9 9F               4      SBC A,A
001BEA 5BEA C9              10      RET
                                
       5BEB                     _SYS5B:     ;(BDOS)パス名の解析(_PARSE)
001BEB 5BEB D5              11      PUSH    DE
001BEC 5BEC CD765C          17      CALL    GET_PARAM_IX
001BEF 5BEF CD104D          17      CALL    FILE_BDOS
001BF2 5BF2 D1              10      POP DE
001BF3 5BF3 182C            12      JR  S5B_1
                                
       5BF5                     _SYS5C:     ;(BDOS)ファイル名の解析(_PFILE)
001BF5 5BF5 CD6E5C          17      CALL    SPCUT_SL
001BF8 5BF8 D5              11      PUSH    DE
                                
001BF9 5BF9 E5              11      PUSH    HL
001BFA 5BFA AF               4      XOR A
001BFB 5BFB CD9556          17      CALL    GET_CD_CDRV
001BFE 5BFE 22F9F2          16      LD  (_CDX),HL
                                
001C01 5C01 CD765C          17      CALL    GET_PARAM_IX
001C04 5C04 CD104D          17      CALL    FILE_BDOS
001C07 5C07 E1              10      POP HL
                                
001C08 5C08 060B             7      LD  B,11
001C0A 5C0A 1101F3          10      LD  DE,FNAME
       5C0D                     S5C_1:
001C0D 5C0D 1A               7      LD  A,(DE)
001C0E 5C0E 13               6      INC DE
001C0F 5C0F CDAC5C          17      CALL    LD_HL_A
001C12 5C12 23               6      INC HL
001C13 5C13 10F8            13      DJNZ    S5C_1
                                
001C15 5C15 DDE5            15      PUSH    IX
001C17 5C17 E1              10      POP HL
001C18 5C18 115EF5          10      LD  DE,BUF
001C1B 5C1B A7               4      AND A
001C1C 5C1C ED52            15      SBC HL,DE
001C1E 5C1E D1              10      POP DE
001C1F 5C1F 19              11      ADD HL,DE
001C20 5C20 EB               4      EX  DE,HL
       5C21                     S5B_1:
001C21 5C21 2AF9F2          16      LD  HL,(_CDX)
001C24 5C24 3A00F3          13      LD  A,(FDRV)
001C27 5C27 4F               4      LD  C,A
001C28 5C28 AF               4      XOR A
001C29 5C29 C9              10      RET
                                
       5C2A                     _SYS6F:
001C2A 5C2A 016F00          10      LD  BC,0006FH
001C2D 5C2D 11918A          10      LD  DE,08A91H       ;Tablacus Disk ROM Lite 認識コード
001C30 5C30 AF               4      XOR A
001C31 5C31 C9              10      RET
                                
       5C32                     _SYS68:
001C32 5C32 21F2F2          10      LD  HL,_LVECTOR
001C35 5C35 CBFE            15      SET 7,(HL)
001C37 5C37 78               4      LD  A,B
001C38 5C38 B7               4      OR  A
001C39 5C39 3E00             7      LD  A,0
001C3B 5C3B C0              11      RET NZ
001C3C 5C3C CBBE            15      RES 7,(HL)
001C3E 5C3E C9              10      RET
                                
       5C3F                     INIT_FILE:
001C3F 5C3F EB               4      EX  DE,HL
001C40 5C40 1100F3          10      LD  DE,FDRV
001C43 5C43 010C00          10      LD  BC,1+8+3
       5C46                     INIT_FILE1:
001C46 5C46 EDB0                    LDIR
001C48 5C48 CDB656          17      CALL    GET_DISK_BANK_FDRV
                                #if exists USE_NORMAL32K_OR_ASCII16
001C4B 5C4B 320070          13      LD  (ASCII16_BANK1_SEL),A       ;ASCII-16K
                                #else
                                    LD  (BANK1_SEL),A           ;ASCII-8K/Konami-8K
                                    LD  (KONAMI_SCC_BANK1_SEL),A    ;Konami-8K/Konami-SCC
                                #endif
001C4E 5C4E FD6E0E          19      LD  L,(IY+14)
001C51 5C51 FD660F          19      LD  H,(IY+15)
001C54 5C54 7C               4      LD  A,H
001C55 5C55 FE10             7      CP  010H
001C57 5C57 3004            12      JR  NC,INIT_FILE1X
001C59 5C59 B5               4      OR  L
001C5A 5C5A 2B               6      DEC HL
001C5B 5C5B 2006            12      JR  NZ,INIT_FILE2
       5C5D                     INIT_FILE1X:
001C5D 5C5D FD7E00          19      LD  A,(IY+0)
001C60 5C60 CD9556          17      CALL    GET_CD_CDRV
       5C63                     INIT_FILE2:
001C63 5C63 22F9F2          16      LD  (_CDX),HL           ;カレントディレクトリ
001C66 5C66 C9              10      RET
                                
       5C67                     ZERO_MEMORY_DE:
001C67 5C67 AF               4      XOR A
       5C68                     FILL_MEMORY_DE:
001C68 5C68 12               7      LD  (DE),A
001C69 5C69 13               6      INC DE
001C6A 5C6A 10FC            13      DJNZ    FILL_MEMORY_DE
001C6C 5C6C C9              10      RET
                                
       5C6D                     SS1_SL:
001C6D 5C6D 13               6      INC DE
       5C6E                     SPCUT_SL:               ;スペースをカット
001C6E 5C6E CD905C          17      CALL    LD_A_DE
001C71 5C71 FE20             7      CP  020H
001C73 5C73 28F8            12      JR  Z,SS1_SL
001C75 5C75 C9              10      RET
                                
       5C76                     GET_PARAM_IX:
001C76 5C76 0600             7      LD  B,0
001C78 5C78 215EF5          10      LD  HL,BUF
001C7B 5C7B E5              11      PUSH    HL
001C7C 5C7C CD6E5C          17      CALL    SPCUT_SL
       5C7F                     GPIX1:
001C7F 5C7F CD905C          17      CALL    LD_A_DE
001C82 5C82 13               6      INC DE
001C83 5C83 77               7      LD  (HL),A
001C84 5C84 23               6      INC HL
001C85 5C85 B7               4      OR  A
001C86 5C86 2804            12      JR  Z,GPIX2
001C88 5C88 04               4      INC B
001C89 5C89 20F4            12      JR  NZ,GPIX1
001C8B 5C8B 05               4      DEC B
       5C8C                     GPIX2:
001C8C 5C8C DDE1            14      POP IX
001C8E 5C8E 58               4      LD  E,B
001C8F 5C8F C9              10      RET
                                
       5C90                     LD_A_DE:
001C90 5C90 1A               7      LD  A,(DE)
001C91 5C91 CB7A             8      BIT 7,D
001C93 5C93 C0              11      RET NZ
001C94 5C94 C5              11      PUSH    BC
001C95 5C95 D5              11      PUSH    DE
001C96 5C96 E5              11      PUSH    HL
001C97 5C97 EB               4      EX  DE,HL
                                
001C98 5C98 0141F3          10      LD  BC,RAMAD0
001C9B 5C9B 7C               4      LD  A,H
001C9C 5C9C 07               4      RLCA
001C9D 5C9D 07               4      RLCA
001C9E 5C9E E603             7      AND 3
001CA0 5CA0 81               4      ADD A,C
001CA1 5CA1 4F               4      LD  C,A
001CA2 5CA2 0A               7      LD  A,(BC)
                                
001CA3 5CA3 CD0C00          17      CALL    _RDSLT
001CA6 5CA6 E1              10      POP HL
001CA7 5CA7 D1              10      POP DE
001CA8 5CA8 C1              10      POP BC
001CA9 5CA9 C9              10      RET
                                
       5CAA                     LD_HL_A_1:
001CAA 5CAA 77               7      LD  (HL),A
001CAB 5CAB C9              10      RET
       5CAC                     LD_HL_A:
001CAC 5CAC CB7C             8      BIT 7,H
001CAE 5CAE 20FA            12      JR  NZ,LD_HL_A_1
001CB0 5CB0 C5              11      PUSH    BC
001CB1 5CB1 D5              11      PUSH    DE
001CB2 5CB2 E5              11      PUSH    HL
                                
001CB3 5CB3 5F               4      LD  E,A
001CB4 5CB4 0141F3          10      LD  BC,RAMAD0
001CB7 5CB7 7C               4      LD  A,H
001CB8 5CB8 07               4      RLCA
001CB9 5CB9 07               4      RLCA
001CBA 5CBA E603             7      AND 3
001CBC 5CBC 81               4      ADD A,C
001CBD 5CBD 4F               4      LD  C,A
001CBE 5CBE 0A               7      LD  A,(BC)
                                
001CBF 5CBF CD1400          17      CALL    _WRSLT
001CC2 5CC2 E1              10      POP HL
001CC3 5CC3 D1              10      POP DE
001CC4 5CC4 C1              10      POP BC
001CC5 5CC5 C9              10      RET
                                
       5CC6                     HEXHL:
001CC6 5CC6 7C               4      LD  A,H
001CC7 5CC7 CDCB5C          17      CALL    HEXHX
001CCA 5CCA 7D               4      LD  A,L
       5CCB                     HEXHX:
001CCB 5CCB F5              11      PUSH    AF
001CCC 5CCC 07               4      RLCA
001CCD 5CCD 07               4      RLCA
001CCE 5CCE 07               4      RLCA
001CCF 5CCF 07               4      RLCA
001CD0 5CD0 CDD45C          17      CALL    HEXA2
001CD3 5CD3 F1              10      POP AF
       5CD4                     HEXA2:
001CD4 5CD4 CDA045          17      CALL    ASC
001CD7 5CD7 12               7      LD  (DE),A
001CD8 5CD8 13               6      INC DE
001CD9 5CD9 C9              10      RET
                                
       5CDA                     HEX:
001CDA 5CDA CD784E          17      CALL    CAP
001CDD 5CDD D630             7      SUB '0'
001CDF 5CDF D8              11      RET C
001CE0 5CE0 FE0A             7      CP  10
001CE2 5CE2 3F               4      CCF
001CE3 5CE3 D0              11      RET NC
001CE4 5CE4 FE11             7      CP  16+1
001CE6 5CE6 D8              11      RET C
001CE7 5CE7 D607             7      SUB 7
001CE9 5CE9 FE10             7      CP  10H
001CEB 5CEB 3F               4      CCF
001CEC 5CEC C9              10      RET
                                
       5A6B                     _SYS03  EQU SCF_FF_RET  ;(BDOS)外部入力
       5A6B                     _SYS13  EQU SCF_FF_RET  ;(BDOS)ファイルの削除
       5A6B                     _SYS15  EQU SCF_FF_RET  ;(BDOS)シーケンシャルな書き込み
       5A6B                     _SYS16  EQU SCF_FF_RET  ;(BDOS)ファイルの作成
       5A6B                     _SYS17  EQU SCF_FF_RET  ;(BDOS)ファイル名の変更
       5A6B                     _SYS22  EQU SCF_FF_RET  ;(BDOS)ランダムな書き込み
       5A6B                     _SYS26  EQU SCF_FF_RET  ;(BDOS)ランダムブロック書き込み
       5A6B                     _SYS28  EQU SCF_FF_RET  ;(BDOS)ランダムな書き込み・その2
                                
       5A6B                     _SYS2B  EQU SCF_FF_RET  ;(BDOS)日付の設定
       5A6B                     _SYS2D  EQU SCF_FF_RET  ;(BDOS)時刻の設定
       5A6B                     _SYS39  EQU SCF_FF_RET  ;(BDOS)サブディレクトリの作成
       5A6B                     _SYS3A  EQU SCF_FF_RET  ;(BDOS)サブディレクトリの削除
                                
[EOF:BDOS.ASM:UTF_8]
                                    INCLUDE "SLOT.ASM"
                                #if exists _RAM64K
       5CED                     INT38H_ROM:
001CED 5CED 3AC1FC          13      LD  A,(EXPTBL)  ;メインROMに切り替える
001CF0 5CF0 CDF95C          17      CALL    ENASLT_00H
001CF3 5CF3 CD3800          17      CALL    00038H
001CF6 5CF6 3A41F3          13      LD  A,(RAMAD0)  ;メインRAMに切り替える
                                ;   JP  ENASLT_00H
                                ;
                                ;ページ0専門のENASLT
                                ;in
                                ;A←スロット
                                ;破壊
                                ;ABCHL
                                ;
                                ; ページ1 に配置
       5CF9                     ENASLT_00H:
001CF9 5CF9 F3               4      DI
001CFA 5CFA 67               4      LD  H,A
001CFB 5CFB E603             7      AND 3
001CFD 5CFD 4F               4      LD  C,A
001CFE 5CFE DBA8            11      IN  A,(0A8H)
001D00 5D00 06FC             7      LD  B,0FCH  ;ページ0
001D02 5D02 A0               4      AND B
001D03 5D03 B1               4      OR  C
001D04 5D04 CB7C             8      BIT 7,H
001D06 5D06 CA51F0          10      JP  Z,ENASLT_NOEXT
                                                ;拡張スロットの処理
001D09 5D09 D5              11      PUSH    DE
001D0A 5D0A CD39F0          17      CALL    ENATBL
001D0D 5D0D 0F               4      RRCA
001D0E 5D0E 0F               4      RRCA
001D0F 5D0F 4F               4      LD  C,A
001D10 5D10 7B               4      LD  A,E
001D11 5D11 CD175D          17      CALL    AT_3B
001D14 5D14 73               7      LD  (HL),E
001D15 5D15 D1              10      POP DE
001D16 5D16 C9              10      RET
                                ;
                                ;   ENASLOTの補助（ページ0・003BH～にも配置）
                                ;
       5D17                     AT_3B:              ;ENASUB 対象の拡張スロットを切り替えるために基本スロットを切り替える
001D17 5D17 D3A8            11      OUT (0A8H),A
001D19 5D19 3AFFFF          13      LD  A,(0FFFFH)  ;拡張スロットの切り替え
001D1C 5D1C 2F               4      CPL
001D1D 5D1D A0               4      AND B
001D1E 5D1E B1               4      OR  C
001D1F 5D1F 32FFFF          13      LD  (0FFFFH),A
001D22 5D22 5F               4      LD  E,A
                                                ;基本スロットの切り替え
001D23 5D23 7A               4      LD  A,D
001D24 5D24 D3A8            11      OUT (0A8H),A
001D26 5D26 C9              10      RET
       5D27                     AT_3B_E:
                                
                                #endif
                                
       5D27                     AT_GETSLT:
       5D27                     AT_ISC:
001D27 EF40                         ORG ISC,AT_ISC-RUN
                                ;
                                ; インタースロットコール
                                ; ページ3 に配置
                                
                                ;
                                ;   現在のスロットを知る
                                ;in
                                ;HL←上位2ビットで切り替えるページを指定
                                ;out
                                ;A→スロット
                                ;※ROM、RAMの両方のルーチンを使うため絶対番地を使わない
       EF40                     _GETSLT:
001D27 EF40 E5              11      PUSH    HL
001D28 EF41 DBA8            11      IN  A,(0A8H)
                                
001D2A EF43 CB7C             8      BIT 7,H
001D2C EF45 2032            12      JR  NZ,GETSLT_HIGH
001D2E EF47 CB74             8      BIT 6,H
001D30 EF49 21C1FC          10      LD  HL,EXPTBL
001D33 EF4C 201B            12      JR  NZ,GETSLT_40H
       EF4E                     GETSLT_00H:             ;ページ0
001D35 EF4E E603             7      AND 3
001D37 EF50 85               4      ADD A,L
001D38 EF51 6F               4      LD  L,A
001D39 EF52 CB7E            13      BIT 7,(HL)
001D3B EF54 280F            12      JR  Z,GETSLT_1
001D3D EF56 C604             7      ADD A,SLTTBL-EXPTBL     ;拡張スロットをワークアリアから取得
001D3F EF58 6F               4      LD  L,A
001D40 EF59 7E               7      LD  A,(HL)
       EF5A                     GETSLT_3:
001D41 EF5A 07               4      RLCA
001D42 EF5B 07               4      RLCA
       EF5C                     GETSLT_2:
001D43 EF5C E60C             7      AND 00CH
001D45 EF5E 67               4      LD  H,A
001D46 EF5F 7D               4      LD  A,L
001D47 EF60 D645             7      SUB LOW SLTTBL - 080H
001D49 EF62 B4               4      OR  H
001D4A EF63 E1              10      POP HL
001D4B EF64 C9              10      RET
       EF65                     GETSLT_1:               ;スロットは拡張されていない
001D4C EF65 D6C1             7      SUB LOW EXPTBL
001D4E EF67 E1              10      POP HL
001D4F EF68 C9              10      RET
                                
       EF69                     GETSLT_40H:             ;ページ1
001D50 EF69 0F               4      RRCA
001D51 EF6A 0F               4      RRCA
001D52 EF6B E603             7      AND 3
001D54 EF6D 85               4      ADD A,L
001D55 EF6E 6F               4      LD  L,A
001D56 EF6F CB7E            13      BIT 7,(HL)
001D58 EF71 28F2            12      JR  Z,GETSLT_1
001D5A EF73 C604             7      ADD A,SLTTBL-EXPTBL
001D5C EF75 6F               4      LD  L,A
001D5D EF76 7E               7      LD  A,(HL)
001D5E EF77 18E3            12      JR  GETSLT_2
                                
       EF79                     GETSLT_HIGH:
001D60 EF79 CB74             8      BIT 6,H
001D62 EF7B 21C1FC          10      LD  HL,EXPTBL
001D65 EF7E 2014            12      JR  NZ,GETSLT_C0H
       EF80                     GETSLT_80H:             ;ページ2
001D67 EF80 0F               4      RRCA
001D68 EF81 0F               4      RRCA
001D69 EF82 0F               4      RRCA
001D6A EF83 0F               4      RRCA
001D6B EF84 E603             7      AND 3
001D6D EF86 85               4      ADD A,L
001D6E EF87 6F               4      LD  L,A
001D6F EF88 CB7E            13      BIT 7,(HL)
001D71 EF8A 28D9            12      JR  Z,GETSLT_1
001D73 EF8C C604             7      ADD A,SLTTBL-EXPTBL
001D75 EF8E 6F               4      LD  L,A
001D76 EF8F 7E               7      LD  A,(HL)
001D77 EF90 0F               4      RRCA
001D78 EF91 0F               4      RRCA
001D79 EF92 18C8            12      JR  GETSLT_2
                                
       EF94                     GETSLT_C0H:             ;ページ3
001D7B EF94 07               4      RLCA
001D7C EF95 07               4      RLCA
001D7D EF96 E603             7      AND 3
001D7F EF98 85               4      ADD A,L
001D80 EF99 6F               4      LD  L,A
001D81 EF9A CB7E            13      BIT 7,(HL)
001D83 EF9C 28C7            12      JR  Z,GETSLT_1
001D85 EF9E C604             7      ADD A,SLTTBL-EXPTBL
001D87 EFA0 6F               4      LD  L,A
001D88 EFA1 7E               7      LD  A,(HL)
001D89 EFA2 07               4      RLCA
001D8A EFA3 07               4      RLCA
001D8B EFA4 18B4            12      JR  GETSLT_3
                                
                                #if exists _RAM64K
       EFA6                     SAME_SLOT_00H:          ;ページ0とページ3のスロットが同一
001D8D EFA6 D3A8            11      OUT (0A8H),A
001D8F EFA8 3AFFFF          13      LD  A,(0FFFFH)  ;拡張スロットの切り替え
001D92 EFAB 2F               4      CPL
001D93 EFAC E6FC             7      AND 0FCH        ;ページ0マスク
001D95 EFAE B1               4      OR  C
001D96 EFAF 32FFFF          13      LD  (0FFFFH),A
001D99 EFB2 77               7      LD  (HL),A
001D9A EFB3 C9              10      RET
                                
       EFB4                     ENASLT_HIGH:
001D9B EFB4 CB74             8      BIT 6,H
001D9D EFB6 C0              11      RET NZ          ;ページ3はスロット切り替え不可
                                ;
                                ;ページ2専門のENASLT
                                ;in
                                ;A←スロット
                                ;破壊
                                ;ABCHL
                                ;
       EFB7                     ENASLT_80H:
001D9E EFB7 F3               4      DI
001D9F EFB8 6F               4      LD  L,A
001DA0 EFB9 E603             7      AND 3
001DA2 EFBB 07               4      RLCA
001DA3 EFBC 07               4      RLCA
001DA4 EFBD 07               4      RLCA
001DA5 EFBE 07               4      RLCA
001DA6 EFBF 4F               4      LD  C,A
001DA7 EFC0 DBA8            11      IN  A,(0A8H)
001DA9 EFC2 06CF             7      LD  B,0CFH  ;ページ2マスク
001DAB EFC4 A0               4      AND B
001DAC EFC5 B1               4      OR  C
001DAD EFC6 CB7D             8      BIT 7,L
001DAF EFC8 CA51F0          10      JP  Z,ENASLT_NOEXT
                                            ;拡張スロットの処理
001DB2 EFCB D5              11      PUSH    DE
001DB3 EFCC CD2FF0          17      CALL    ENATBL_BIOS_CHECK
001DB6 EFCF 07               4      RLCA
001DB7 EFD0 07               4      RLCA
001DB8 EFD1 4F               4      LD  C,A
001DB9 EFD2 7B               4      LD  A,E
001DBA EFD3 CD3B00          17      CALL    ENASUB
001DBD EFD6 73               7      LD  (HL),E
001DBE EFD7 D1              10      POP DE
001DBF EFD8 C9              10      RET
                                ;
                                ;ENASLT
                                ;in
                                ;A←スロット
                                ;HL←上位2ビットで切り替えるページを指定
                                ;破壊
                                ;ABCHL
                                ;
       EFD9                     ENASLT:
001DC0 EFD9 CB7C             8      BIT 7,H
001DC2 EFDB 20D7            12      JR  NZ,ENASLT_HIGH
001DC4 EFDD CB74             8      BIT 6,H
001DC6 EFDF 2073            12      JR  NZ,ENASLT_40H
       EFE1                     _ENASLT_00H:
001DC8 EFE1 F3               4      DI
001DC9 EFE2 67               4      LD  H,A
001DCA EFE3 E603             7      AND 3
001DCC EFE5 4F               4      LD  C,A
001DCD EFE6 DBA8            11      IN  A,(0A8H)
001DCF EFE8 E6FC             7      AND 0FCH    ;ページ0マスク
001DD1 EFEA B1               4      OR  C
001DD2 EFEB CB7C             8      BIT 7,H
001DD4 EFED 2862            12      JR  Z,ENASLT_NOEXT
                                            ;拡張スロットの処理
001DD6 EFEF D5              11      PUSH    DE
001DD7 EFF0 44               4      LD  B,H
001DD8 EFF1 CD39F0          17      CALL    ENATBL
001DDB EFF4 0F               4      RRCA
001DDC EFF5 0F               4      RRCA
001DDD EFF6 4F               4      LD  C,A
001DDE EFF7 7B               4      LD  A,E
001DDF EFF8 BA               4      CP  D
001DE0 EFF9 D1              10      POP DE
001DE1 EFFA 28AA            12      JR  Z,SAME_SLOT_00H ;ページ0とページ3のスロットが同一の場合
001DE3 EFFC 60               4      LD  H,B
       EFFD                     ENASLT_SUB:
001DE4 EFFD 7C               4      LD  A,H     ;ページ3でスロットを指定するためにページ1のROMのルーチンを使う
001DE5 EFFE DDE5            15      PUSH    IX
001DE7 F000 DD21F95C        14      LD  IX,ENASLT_00H
       F004                     INT38H_SUB1:
001DEB F004 FDE5            15      PUSH    IY
001DED F006 FD2A96F2        20      LD  IY,(ROM_SLT-1)
001DF1 F00A CD81F0          17      CALL    CALSLT
001DF4 F00D FDE1            14      POP IY
001DF6 F00F DDE1            14      POP IX
001DF8 F011 C9              10      RET
                                
       F012                     _ENASLT_00H_S:
001DF9 F012 ED731DF0        20      LD  (ENASLT_SP1),SP
001DFD F016 315DF5          10      LD  SP,SPBUF
001E00 F019 CDFDEF          17      CALL    ENASLT_SUB
001E03 F01C 310000          10      LD  SP,0
       F01D                     ENASLT_SP1  EQU $-2
001E06 F01F C9              10      RET
                                
       F020                     INT38H_SUB:
001E07 F020 DDE5            15      PUSH    IX
001E09 F022 DD21ED5C        14      LD  IX,INT38H_ROM
001E0D F026 18DC            12      JR  INT38H_SUB1
                                
       F028                     ENASLT_BIOS:
001E0F F028 D1              10      POP DE
001E10 F029 7D               4      LD  A,L
001E11 F02A CD2400          17      CALL    _ENASLT
001E14 F02D D1              10      POP DE
001E15 F02E C9              10      RET
                                
       F02F                     ENATBL_BIOS_CHECK:
001E16 F02F 57               4      LD  D,A
001E17 F030 3A0000          13      LD  A,(0000H)
001E1A F033 FEF3             7      CP  0F3H    ;0000H が DI の場合はページ0は BIOS とみなす
001E1C F035 28F1            12      JR  Z,ENASLT_BIOS
001E1E F037 65               4      LD  H,L
001E1F F038 7A               4      LD  A,D
       F039                     ENATBL:
001E20 F039 57               4      LD  D,A ;基本スロットに出力する値
                                            ;対象の拡張スロットを切り替えるために基本スロットを切り替える
001E21 F03A 7C               4      LD  A,H
001E22 F03B E603             7      AND 3
001E24 F03D 4F               4      LD  C,A ;C=スロット#
                                
                                    ;スロットテーブル
001E25 F03E 2EC5             7      LD  L,LOW SLTTBL
001E27 F040 85               4      ADD A,L
001E28 F041 6F               4      LD  L,A
                                            ;対象の拡張スロットを切り替えるために基本スロットを切り替える
001E29 F042 79               4      LD  A,C ;C=スロット#
001E2A F043 0F               4      RRCA
001E2B F044 0F               4      RRCA        ;ページ3
001E2C F045 4F               4      LD  C,A
001E2D F046 7A               4      LD  A,D ;基本スロットに出力する値
001E2E F047 E63F             7      AND 03FH    ;ページ3マスク
001E30 F049 B1               4      OR  C
001E31 F04A 5F               4      LD  E,A ;基本スロットでページ3にスロットを割り当てる
001E32 F04B 7C               4      LD  A,H
001E33 F04C E60C             7      AND 00CH
001E35 F04E 26FC             7      LD  H,HIGH SLTTBL
001E37 F050 C9              10      RET
       F051                     ENASLT_NOEXT_00H:
                                
       F051                     ENASLT_NOEXT:               ;スロットが拡張されていない場合
001E38 F051 D3A8            11      OUT (0A8H),A
001E3A F053 C9              10      RET
                                
                                ;
                                ;ページ1専門のENASLT
                                ;in
                                ;A←スロット
                                ;破壊
                                ;ABCHL
                                ;
       F054                     ENASLT_40H:
001E3B F054 F3               4      DI
001E3C F055 6F               4      LD  L,A
001E3D F056 E603             7      AND 3
001E3F F058 07               4      RLCA
001E40 F059 07               4      RLCA
001E41 F05A 4F               4      LD  C,A
001E42 F05B DBA8            11      IN  A,(0A8H)
001E44 F05D 06F3             7      LD  B,0F3H  ;ページ1マスク
001E46 F05F A0               4      AND B
001E47 F060 B1               4      OR  C
001E48 F061 CB7D             8      BIT 7,L
001E4A F063 28EC            12      JR  Z,ENASLT_NOEXT
                                            ;拡張スロットの処理
001E4C F065 D5              11      PUSH    DE
001E4D F066 CD2FF0          17      CALL    ENATBL_BIOS_CHECK
001E50 F069 4F               4      LD  C,A
001E51 F06A 7B               4      LD  A,E
001E52 F06B CD3B00          17      CALL    ENASUB
001E55 F06E 73               7      LD  (HL),E
001E56 F06F D1              10      POP DE
001E57 F070 C9              10      RET
                                
       F071                     CALLF:
001E58 F071 E3              19      EX  (SP),HL
001E59 F072 F5              11      PUSH    AF
001E5A F073 7E               7      LD  A,(HL)
001E5B F074 FD67             9      LD  IYH,A
001E5D F076 23               6      INC HL
001E5E F077 7E               7      LD  A,(HL)
001E5F F078 DD6F             9      LD  IXL,A
001E61 F07A 23               6      INC HL
001E62 F07B 7E               7      LD  A,(HL)
001E63 F07C DD67             9      LD  IXH,A
001E65 F07E 23               6      INC HL
001E66 F07F F1              10      POP AF
001E67 F080 E3              19      EX  (SP),HL
       F081                     CALSLT:
001E68 F081 F3               4      DI
001E69 F082 08               4      EX  AF,AF'
001E6A F083 F5              11      PUSH    AF      ;裏AFを保存
001E6B F084 E5              11      PUSH    HL
001E6C F085 210280          10      LD  HL,08002H
001E6F F088 39              11      ADD HL,SP
001E70 F089 E1              10      POP HL
001E71 F08A 3007            12      JR  NC,CALSLT_1
001E73 F08C CDA2F0          17      CALL    CALSLT_2
       F08F                     CALSLT_E:
001E76 F08F 08               4      EX  AF,AF'
001E77 F090 F1              10      POP AF      ;保存した裏AF
001E78 F091 08               4      EX  AF,AF'
001E79 F092 C9              10      RET
       F093                     CALSLT_1:
001E7A F093 ED739EF0        20      LD  (CSSP),SP
001E7E F097 315DF5          10      LD  SP,SPBUF
001E81 F09A CDA2F0          17      CALL    CALSLT_2
001E84 F09D 310000          10      LD  SP,0
       F09E                     CSSP    EQU $-2
001E87 F0A0 18ED            12      JR  CALSLT_E
                                
       F0A2                     CALSLT_2:
001E89 F0A2 E5              11      PUSH    HL
001E8A F0A3 DD7C             9      LD  A,IXH
001E8C F0A5 67               4      LD  H,A
001E8D F0A6 CD40EF          17      CALL    _GETSLT
001E90 F0A9 FDBC            10      CP  IYH
001E92 F0AB 281E            12      JR  Z,CALSLT_3
001E94 F0AD C5              11      PUSH    BC
001E95 F0AE F5              11      PUSH    AF
001E96 F0AF FD7C             9      LD  A,IYH
001E98 F0B1 CDD9EF          17      CALL    ENASLT
001E9B F0B4 F1              10      POP AF
001E9C F0B5 C1              10      POP BC
001E9D F0B6 6F               4      LD  L,A
001E9E F0B7 DD7C             9      LD  A,IXH
001EA0 F0B9 67               4      LD  H,A
001EA1 F0BA E3              19      EX  (SP),HL
001EA2 F0BB 08               4      EX  AF,AF'
001EA3 F0BC CD98F3          17      CALL    JP_IX
001EA6 F0BF E3              19      EX  (SP),HL
001EA7 F0C0 C5              11      PUSH    BC
001EA8 F0C1 08               4      EX  AF,AF'
001EA9 F0C2 7D               4      LD  A,L
001EAA F0C3 CDD9EF          17      CALL    ENASLT
001EAD F0C6 08               4      EX  AF,AF'
001EAE F0C7 C1              10      POP BC
001EAF F0C8 E1              10      POP HL
001EB0 F0C9 FB               4      EI
001EB1 F0CA C9              10      RET
                                
       F0CB                     CALSLT_3:
001EB2 F0CB E1              10      POP HL
001EB3 F0CC 08               4      EX  AF,AF'
001EB4 F0CD DDE9             8      JP  (IX)
                                
       F0CF                     RDSLT:
001EB6 F0CF F3               4      DI
001EB7 F0D0 D5              11      PUSH    DE
001EB8 F0D1 57               4      LD  D,A
001EB9 F0D2 CD40EF          17      CALL    _GETSLT
001EBC F0D5 BA               4      CP  D
001EBD F0D6 2812            12      JR  Z,RDSLT1
001EBF F0D8 5F               4      LD  E,A
001EC0 F0D9 7A               4      LD  A,D
001EC1 F0DA E5              11      PUSH    HL
001EC2 F0DB CDD9EF          17      CALL    ENASLT
001EC5 F0DE E1              10      POP HL
001EC6 F0DF 46               7      LD  B,(HL)
001EC7 F0E0 C5              11      PUSH    BC
001EC8 F0E1 7B               4      LD  A,E
001EC9 F0E2 E5              11      PUSH    HL
001ECA F0E3 CDD9EF          17      CALL    ENASLT
001ECD F0E6 E1              10      POP HL
001ECE F0E7 F1              10      POP AF
001ECF F0E8 D1              10      POP DE
001ED0 F0E9 C9              10      RET
       F0EA                     RDSLT1:
001ED1 F0EA 7E               7      LD  A,(HL)
001ED2 F0EB D1              10      POP DE
001ED3 F0EC C9              10      RET
                                
       F0ED                     WRSLT:
001ED4 F0ED F3               4      DI
001ED5 F0EE D5              11      PUSH    DE
001ED6 F0EF 57               4      LD  D,A
001ED7 F0F0 CD40EF          17      CALL    _GETSLT
001EDA F0F3 BA               4      CP  D
001EDB F0F4 2810            12      JR  Z,WRSLT1
001EDD F0F6 F5              11      PUSH    AF
001EDE F0F7 E5              11      PUSH    HL
001EDF F0F8 7A               4      LD  A,D
001EE0 F0F9 CDD9EF          17      CALL    ENASLT
001EE3 F0FC E1              10      POP HL
001EE4 F0FD 73               7      LD  (HL),E
001EE5 F0FE F1              10      POP AF
001EE6 F0FF E5              11      PUSH    HL
001EE7 F100 CDD9EF          17      CALL    ENASLT
001EEA F103 E1              10      POP HL
001EEB F104 D1              10      POP DE
001EEC F105 C9              10      RET
                                
       F106                     WRSLT1:
001EED F106 73               7      LD  (HL),E
001EEE F107 D1              10      POP DE
001EEF F108 C9              10      RET
                                
       F109                     INT38H:
001EF0 F109 F3               4      DI
001EF1 F10A F5              11      PUSH    AF
001EF2 F10B C5              11      PUSH    BC
001EF3 F10C E5              11      PUSH    HL
001EF4 F10D 210280          10      LD  HL,08002H
001EF7 F110 39              11      ADD HL,SP
001EF8 F111 380E            12      JR  C,INT38H1
001EFA F113 ED731EF1        20      LD  (INTSP),SP  ;スタックポインタ保存
001EFE F117 315DF5          10      LD  SP,SPBUF
001F01 F11A CD20F0          17      CALL    INT38H_SUB
001F04 F11D 310000          10      LD  SP,0
       F11E                     INTSP   EQU $-2
001F07 F120 AF               4      XOR A
       F121                     INT38H1:
001F08 F121 DC20F0          17      CALL    C,INT38H_SUB
001F0B F124 E1              10      POP HL
001F0C F125 C1              10      POP BC
001F0D F126 F1              10      POP AF
001F0E F127 FB               4      EI
001F0F F128 C9              10      RET
                                ;
                                ;   ページ1のディスクの読み込み補助
                                ;
       F129                     LDIR_PAGE1_RAM:
001F10 F129 CD54F0          17      CALL    ENASLT_40H
001F13 F12C C1              10      POP BC
001F14 F12D D1              10      POP DE
001F15 F12E 215EF5          10      LD  HL,BUF
001F18 F131 EDB0                    LDIR
001F1A F133 3A97F2          13      LD  A,(ROM_SLT)
001F1D F136 CD54F0          17      CALL    ENASLT_40H
001F20 F139 C3DF46          10      JP  LDIR_PAGE1_ROM
                                ;
                                ;   フック関数を呼び出す
                                ;
       F13C                     CALL_RF:
001F23 F13C E1              10      POP HL
001F24 F13D 7E               7      LD  A,(HL)
001F25 F13E DD6F             9      LD  IXL,A
001F27 F140 23               6      INC HL
001F28 F141 7E               7      LD  A,(HL)
001F29 F142 DD67             9      LD  IXH,A
001F2B F144 FD2A96F2        20      LD  IY,(ROM_SLT-1)
001F2F F148 CD1C00          17      CALL    _CALSLT
001F32 F14B D8              11      RET C
001F33 F14C F1              10      POP AF
001F34 F14D C9              10      RET
       F14E                     ISC_E:
                                #endif
001F35 5F35                         ORG $$+RUN,$$   ;$DEPHASE
       5F35                     AT_ISCB:
001F35 F280                         ORG ISCB,AT_ISCB-RUN
                                
       F280                     REPLACE_COMMAND:
001F35 F280 FEB7             7      CP  0B7H            ;FILES
001F37 F282 CC7BFE          17      CALL    Z,H_FILE
001F3A F285 FEB5             7      CP  0B5H            ;LOAD
001F3C F287 CA71FE          10      JP  Z,H_BINS
001F3F F28A FE8A             7      CP  08AH            ;RUN
001F41 F28C CA76FE          10      JP  Z,H_BINL
001F44 F28F FED6             7      CP  0D6H            ;COPY
001F46 F291 2813            12      JR  Z,FIX_COPY
001F48 F293 FECF             7      CP  0CFH            ;BLOAD
001F4A F295 C0              11      RET NZ
       F296                     FIX_BLOAD:
001F4B F296 F7              12      RST 30H
       F297                     ROM_SLT:
001F4C F297 00                      DB  0
001F4D F298 A848                    DW  ROM_BLOAD
001F4F F29A F5              11      PUSH    AF
001F50 F29B E5              11      PUSH    HL
001F51 F29C CDA5F2          17      CALL    BLOAD_RET
       F29D                     SWC_BLOAD   EQU $-2
001F54 F29F E1              10      POP HL
001F55 F2A0 F1              10      POP AF
001F56 F2A1 FECF             7      CP  0CFH            ;BLOAD
       F2A3                     SWC_BLOAD_M:
001F58 F2A3 28DB            12      JR  Z,REPLACE_COMMAND
       F2A5                     BLOAD_RET:
001F5A F2A5 C9              10      RET
       F2A6                     FIX_COPY:
001F5B F2A6 F7              12      RST 30H
       F2A7                     ROM_SLT_COPY:
001F5C F2A7 00                      DB  0
001F5D F2A8 294A                    DW  ROM_COPY
001F5F F2AA C9              10      RET
       F2AB                     RAMUSE1:
001F60 F2AB 3A42F3          13      LD  A,(RAMAD1)
001F63 F2AE 180E            12      JR  _ENASLT_40H
       F2B0                     CAL_MP:
001F65 F2B0 2640             7      LD  H,040H
001F67 F2B2 3AC1FC          13      LD  A,(EXPTBL)
001F6A F2B5 CD2400          17      CALL    _ENASLT
001F6D F2B8 CD1C00          17      CALL    _CALSLT
       F2BB                     ROMUSE1:
001F70 F2BB 3A97F2          13      LD  A,(ROM_SLT)
       F2BE                     _ENASLT_40H:
001F73 F2BE 2640             7      LD  H,040H
001F75 F2C0 C32400          10      JP  _ENASLT
                                
       F2C3                     _RESULT:
001F78 F2C3 00                      DB  0
       F2C4                     _BANK:
001F79 F2C4 00                      DB  0
       F2C5                     _BANK1:
001F7A F2C5 00                      DB  0
       F2C6                     CLSZ:               ;クラスタサイズ
001F7B F2C6 0004                    DW  1024
       F2C7                     CLSZ_H  EQU $-1     ;クラスタサイズ上位8ビット
       F2C8                     SECSZ:              ;セクタサイズ
001F7D F2C8 0002                    DW  512
       F2C9                     SECSZ_H EQU $-1     ;セクタサイズ上位8ビット
       F2CA                     RR_LOW:
001F7F F2CA 0000                    DW  0
       F2CB                     RR_MID  EQU $-1
       F2CC                     RR_HIGH:
001F81 F2CC 0000                    DW  0
       F2CE                     _CLPS:
001F83 F2CE 0000                    DW  0
       F2D0                     _LEFT:
001F85 F2D0 0000                    DW  0
       F2D2                     _DTPS:
001F87 F2D2 0000                    DW  0
       F2D4                     _DTA:
001F89 F2D4 0000                    DW  0
       F2D6                     FLG_LDIR:
001F8B F2D6 00                      DB  0
       F2D7                     _FCB:
001F8C F2D7 0000                    DW  0
       F2D9                     _BUF:
       F2D9                     _BUF_LO:        ;LOGICAL OPERATION
001F8E F2D9 00                      DB  0
       F2DA                     _BUF_ST:
001F8F F2DA 0000                    DW  0
       F2DC                     _BUF_EN:
001F91 F2DC 0000                    DW  0
       F2DE                     _BUF_EX:
       F2DE                     _BUF_W:
001F93 F2DE 0000                    DW  0
       F2E0                     _BUF_H:
001F95 F2E0 0000                    DW  0
       F2E2                     _BUF_X:
001F97 F2E2 0000                    DW  0
       F2E4                     _BUF_Y:
001F99 F2E4 00                      DB  0
       F2E5                     _BUF_P:
001F9A F2E5 00                      DB  0
       F2E6                     _BUF_O:
001F9B F2E6 00                      DB  0
       F2E7                     DTAX:
001F9C F2E7 0000                    DW  0
       F2E9                     B_DRIVE:
001F9E F2E9 00                      DB  0
       F2EA                     _DVSW:          ;カレントドライブ
001F9F F2EA 00                      DB  0
       F2EB                     _CD_A:          ;カレントディレクトリ A:
001FA0 F2EB 0000                    DW  0
       F2ED                     _CD_B:          ;カレントディレクトリ B:
001FA2 F2ED 0000                    DW  0
       F2EF                     DIRENT1:
001FA4 F2EF 0000                    DW  0
       F2F1                     _DIR_BANK:
001FA6 F2F1 00                      DB  0
       F2F2                     _LVECTOR:
001FA7 F2F2 01                      DB  1
       F2F3                     LEFTX:
001FA8 F2F3 0000                    DW  0
       F2F5                     PARAM0:
001FAA F2F5 0000                    DW  0
       F2F7                     PARAM1:
001FAC F2F7 0000                    DW  0
       F2F9                     _CDX:
001FAE F2F9 0000                    DW  0
       F2FB                     _CHKSP:
001FB0 F2FB 1F                      DB  01FH
       F2FC                     _HL:
001FB1 F2FC 0000                    DW  0
       F2FE                     _SP:
001FB3 F2FE 0000                    DW  0
       F2FF                     _SP_H   EQU $-1
       F300                     FDRV:
001FB5 F300 00                      DB  0
       F301                     FNAME:
001FB6 F301                         DS  8+3
       F30C                     IS_BIOS:            ;C-BIOSの場合は0
001FC1 F30C FF                      DB  0FFH
                                
       F30D                     ISCB_E:
[EOF:SLOT.ASM:UTF_8]
       1FC2                     LAST    EQU $$
001FC2 F30D                         DS  01FFFH-LAST
001FFF F34A 00                      DB  0
                                
                                    END
[EOF:DISKROM.ASM:UTF_8]
[EOF:DISKROM64K32.ASM:UTF_8]
